{
"type": "FeatureCollection",
"name": "LA RIOJA",
"features": [
{ "type": "Feature", "properties": { "gid": 1108131, "country": "ES", "nationalco": "34172600000", "nameunit": "La Rioja", "codnut1": "ES2", "codnut2": "ES23", "codnut3": null, "nationalle": "https://inspire.ec.europa.eu/codelist/AdministrativeHierarchyLevel/3rdOrder" }, "geometry": { "type": "Polygon", "coordinates": [ [ [ -2.8938227, 42.0179359 ], [ -2.8928569, 42.0176739 ], [ -2.8917344, 42.0172765 ], [ -2.8911793, 42.0170058 ], [ -2.8911077, 42.0164834 ], [ -2.8909035, 42.0158167 ], [ -2.8909294, 42.014871 ], [ -2.8912473, 42.0126466 ], [ -2.8910909, 42.0123042 ], [ -2.8895122, 42.0104023 ], [ -2.8876646, 42.0103375 ], [ -2.8867229, 42.0101925 ], [ -2.8855281, 42.009741 ], [ -2.8844537, 42.0095238 ], [ -2.8838258, 42.0094871 ], [ -2.8816745, 42.0104216 ], [ -2.8792697, 42.0112207 ], [ -2.8784602, 42.0114 ], [ -2.8756206, 42.0122076 ], [ -2.872865, 42.0132403 ], [ -2.870435, 42.0144355 ], [ -2.8695281, 42.0149749 ], [ -2.8690794, 42.01583 ], [ -2.8689568, 42.0167305 ], [ -2.8686781, 42.0171445 ], [ -2.8679037, 42.0178191 ], [ -2.8657768, 42.0183931 ], [ -2.86336, 42.0189307 ], [ -2.8623447, 42.0192447 ], [ -2.8596346, 42.0213039 ], [ -2.8583028, 42.0226893 ], [ -2.8579384, 42.0235985 ], [ -2.8578749, 42.0249404 ], [ -2.8572679, 42.0262817 ], [ -2.8571061, 42.02838 ], [ -2.8567788, 42.0288479 ], [ -2.8542119, 42.0304614 ], [ -2.8472973, 42.0332399 ], [ -2.8446364, 42.0344702 ], [ -2.8402989, 42.0345452 ], [ -2.8396702, 42.0347515 ], [ -2.8385088, 42.0353353 ], [ -2.8337049, 42.0381654 ], [ -2.8293288, 42.0390506 ], [ -2.8265473, 42.039956 ], [ -2.826027, 42.0402434 ], [ -2.825252, 42.0408457 ], [ -2.8237049, 42.0410324 ], [ -2.8228716, 42.040914 ], [ -2.8208319, 42.0400913 ], [ -2.8184911, 42.0389797 ], [ -2.8173093, 42.0382123 ], [ -2.8151513, 42.0365966 ], [ -2.8126382, 42.0366376 ], [ -2.8083016, 42.040341 ], [ -2.8076834, 42.0410155 ], [ -2.8069424, 42.0422932 ], [ -2.8067717, 42.0427972 ], [ -2.8066974, 42.0433825 ], [ -2.8063794, 42.0446249 ], [ -2.8049497, 42.0458744 ], [ -2.8042114, 42.0462784 ], [ -2.8035097, 42.0465294 ], [ -2.7995087, 42.0469547 ], [ -2.7989891, 42.0469538 ], [ -2.7979865, 42.0468439 ], [ -2.7983353, 42.0473309 ], [ -2.7981386, 42.0483843 ], [ -2.7980507, 42.0494109 ], [ -2.7983253, 42.0504652 ], [ -2.7983817, 42.0593097 ], [ -2.7949476, 42.0635456 ], [ -2.7958102, 42.0658979 ], [ -2.7959721, 42.0681858 ], [ -2.7968284, 42.0725465 ], [ -2.7984634, 42.0753775 ], [ -2.7990175, 42.0760179 ], [ -2.7995604, 42.0763521 ], [ -2.8003575, 42.0766327 ], [ -2.8028563, 42.0778169 ], [ -2.803218, 42.0781328 ], [ -2.8033381, 42.0783762 ], [ -2.8033436, 42.0804837 ], [ -2.8015693, 42.0833987 ], [ -2.7979315, 42.0867247 ], [ -2.7964989, 42.0885325 ], [ -2.7958925, 42.0891168 ], [ -2.7923558, 42.0908937 ], [ -2.7918829, 42.0912982 ], [ -2.7906435, 42.0930972 ], [ -2.790144, 42.0942221 ], [ -2.7900184, 42.0956088 ], [ -2.7901723, 42.0966269 ], [ -2.7902053, 42.0976176 ], [ -2.7906983, 42.0984651 ], [ -2.7923029, 42.0996479 ], [ -2.7932659, 42.1010277 ], [ -2.7933368, 42.1015322 ], [ -2.7933439, 42.1030453 ], [ -2.792344, 42.1055202 ], [ -2.7916077, 42.1087522 ], [ -2.7873144, 42.1121487 ], [ -2.7838379, 42.1135652 ], [ -2.7821425, 42.1141384 ], [ -2.7811564, 42.1159288 ], [ -2.7805827, 42.1174227 ], [ -2.7799516, 42.1180069 ], [ -2.7794889, 42.1188617 ], [ -2.7756881, 42.1228801 ], [ -2.774851, 42.1235359 ], [ -2.770672, 42.1249416 ], [ -2.7694128, 42.1251823 ], [ -2.7687229, 42.1252619 ], [ -2.767743, 42.1252329 ], [ -2.766328, 42.1250949 ], [ -2.7654215, 42.1248499 ], [ -2.751173, 42.1177676 ], [ -2.7503123, 42.118216 ], [ -2.7495232, 42.1189078 ], [ -2.7490488, 42.1195823 ], [ -2.7485352, 42.1209501 ], [ -2.7472442, 42.1231268 ], [ -2.746855, 42.1236393 ], [ -2.746394, 42.1239445 ], [ -2.7454852, 42.1242937 ], [ -2.7440443, 42.1245877 ], [ -2.7429792, 42.1246934 ], [ -2.7423249, 42.1249441 ], [ -2.7410666, 42.1249413 ], [ -2.740245, 42.1246782 ], [ -2.7384296, 42.1248182 ], [ -2.7346664, 42.1249536 ], [ -2.730922, 42.1235038 ], [ -2.7297734, 42.123348 ], [ -2.7290604, 42.1231482 ], [ -2.7285051, 42.1228676 ], [ -2.7271175, 42.1220087 ], [ -2.7263943, 42.1213856 ], [ -2.7257244, 42.1196367 ], [ -2.7254234, 42.1193027 ], [ -2.7244227, 42.1185258 ], [ -2.7230776, 42.1162979 ], [ -2.7226801, 42.1158917 ], [ -2.7222456, 42.1156654 ], [ -2.7210012, 42.1153112 ], [ -2.7199157, 42.114597 ], [ -2.7175442, 42.1120153 ], [ -2.7166042, 42.1112204 ], [ -2.7148194, 42.1100361 ], [ -2.7135159, 42.1094024 ], [ -2.7118739, 42.1087408 ], [ -2.7102556, 42.1081873 ], [ -2.7092901, 42.1077255 ], [ -2.7088321, 42.1073641 ], [ -2.7084231, 42.1068857 ], [ -2.7074578, 42.1063879 ], [ -2.7071456, 42.1059008 ], [ -2.7067233, 42.1056745 ], [ -2.7065586, 42.1046834 ], [ -2.7063193, 42.1041244 ], [ -2.705947, 42.103556 ], [ -2.7060727, 42.1025116 ], [ -2.7062682, 42.1020978 ], [ -2.7080479, 42.101679 ], [ -2.7088234, 42.1013748 ], [ -2.7087408, 42.1009152 ], [ -2.7091428, 42.1002858 ], [ -2.7101812, 42.0980098 ], [ -2.710063, 42.0973971 ], [ -2.7104306, 42.0963532 ], [ -2.7101673, 42.0957491 ], [ -2.7094821, 42.0948467 ], [ -2.7092435, 42.0941436 ], [ -2.7088464, 42.0937193 ], [ -2.7087782, 42.0927645 ], [ -2.7083089, 42.0922769 ], [ -2.7085417, 42.091611 ], [ -2.708386, 42.0912774 ], [ -2.7077473, 42.0908074 ], [ -2.7076037, 42.0904738 ], [ -2.7080526, 42.0901507 ], [ -2.708211, 42.0898899 ], [ -2.7085024, 42.0896295 ], [ -2.7089025, 42.0893963 ], [ -2.70911, 42.0889736 ], [ -2.7090412, 42.0881448 ], [ -2.7091635, 42.0878569 ], [ -2.7084436, 42.0866392 ], [ -2.708421, 42.0862879 ], [ -2.711408, 42.0835304 ], [ -2.7141782, 42.0805292 ], [ -2.7203576, 42.0747353 ], [ -2.7219365, 42.0730639 ], [ -2.7225673, 42.0725521 ], [ -2.7236577, 42.0719963 ], [ -2.7255463, 42.0713434 ], [ -2.7267009, 42.0698961 ], [ -2.7268321, 42.0675007 ], [ -2.7273482, 42.0655565 ], [ -2.7285858, 42.0644426 ], [ -2.7290463, 42.0641735 ], [ -2.7313464, 42.0633323 ], [ -2.7323284, 42.0626231 ], [ -2.7345995, 42.0600075 ], [ -2.7350218, 42.0572885 ], [ -2.7353159, 42.0563254 ], [ -2.7358526, 42.0551288 ], [ -2.7360022, 42.0540394 ], [ -2.7384394, 42.0520725 ], [ -2.7384854, 42.0497129 ], [ -2.740365, 42.0481321 ], [ -2.7421844, 42.046452 ], [ -2.7460989, 42.0436147 ], [ -2.7469872, 42.0420586 ], [ -2.7490008, 42.0400816 ], [ -2.7513677, 42.0373578 ], [ -2.7520239, 42.0363865 ], [ -2.752339, 42.036144 ], [ -2.7528596, 42.035857 ], [ -2.7547108, 42.0351765 ], [ -2.7573767, 42.0331017 ], [ -2.757584, 42.0326158 ], [ -2.7550931, 42.0300526 ], [ -2.7549016, 42.0296018 ], [ -2.7549394, 42.0291966 ], [ -2.755959, 42.0279379 ], [ -2.7560451, 42.0275418 ], [ -2.7556285, 42.0259287 ], [ -2.7555585, 42.0252801 ], [ -2.7557553, 42.0243708 ], [ -2.7557449, 42.0239295 ], [ -2.7549887, 42.022703 ], [ -2.7543277, 42.0218279 ], [ -2.7524986, 42.0200407 ], [ -2.7515834, 42.0193362 ], [ -2.749688, 42.0160446 ], [ -2.7487857, 42.015142 ], [ -2.7483533, 42.0115023 ], [ -2.7475742, 42.0100235 ], [ -2.7469612, 42.0092746 ], [ -2.7461665, 42.0086784 ], [ -2.7407738, 42.0102605 ], [ -2.7401454, 42.0103581 ], [ -2.7392035, 42.0103379 ], [ -2.7376082, 42.0106225 ], [ -2.7346326, 42.0117414 ], [ -2.7310636, 42.0132012 ], [ -2.7289352, 42.0138626 ], [ -2.7276026, 42.0148051 ], [ -2.7271671, 42.0149662 ], [ -2.7238794, 42.0155528 ], [ -2.7203033, 42.0157962 ], [ -2.7185781, 42.0153597 ], [ -2.7115786, 42.0141173 ], [ -2.7102397, 42.0137357 ], [ -2.7071788, 42.0148807 ], [ -2.7058128, 42.0151474 ], [ -2.7051365, 42.0151367 ], [ -2.704316, 42.0149724 ], [ -2.7037008, 42.0147907 ], [ -2.7028938, 42.0143203 ], [ -2.6996087, 42.0117628 ], [ -2.6988262, 42.0112384 ], [ -2.6972717, 42.0105137 ], [ -2.6962685, 42.0107002 ], [ -2.6943512, 42.0075608 ], [ -2.6937136, 42.0070547 ], [ -2.6878642, 42.003049 ], [ -2.6875521, 42.0026788 ], [ -2.6872879, 42.0023899 ], [ -2.6871719, 42.0014169 ], [ -2.6846519, 42.0006624 ], [ -2.681249, 42.0002297 ], [ -2.6800422, 42.0001002 ], [ -2.678944, 41.999998 ], [ -2.6783893, 41.9998434 ], [ -2.6767247, 41.9995234 ], [ -2.6735808, 41.9980644 ], [ -2.6726381, 41.9982419 ], [ -2.6716576, 41.9987164 ], [ -2.6698067, 41.9993956 ], [ -2.6689351, 41.9998254 ], [ -2.6686438, 42.0001128 ], [ -2.6685225, 42.0002205 ], [ -2.6676256, 42.0008754 ], [ -2.6676838, 42.0012808 ], [ -2.6664968, 42.0019889 ], [ -2.6659038, 42.0022394 ], [ -2.6646832, 42.0024339 ], [ -2.6635238, 42.0024665 ], [ -2.6625207, 42.0026257 ], [ -2.6618673, 42.002885 ], [ -2.6614309, 42.0032079 ], [ -2.6607865, 42.0040346 ], [ -2.6602865, 42.0049608 ], [ -2.6600555, 42.0052483 ], [ -2.6597892, 42.0053646 ], [ -2.6578926, 42.0055031 ], [ -2.6562629, 42.0054171 ], [ -2.6535119, 42.0050035 ], [ -2.6522936, 42.0047567 ], [ -2.651474, 42.004475 ], [ -2.6500167, 42.003795 ], [ -2.6454741, 42.0042043 ], [ -2.6425053, 42.0038889 ], [ -2.6313511, 42.0054026 ], [ -2.6266351, 42.0065041 ], [ -2.6244708, 42.0049209 ], [ -2.6209934, 42.0048644 ], [ -2.6151071, 42.0057814 ], [ -2.6109309, 42.0034796 ], [ -2.6096907, 42.002908 ], [ -2.6073271, 42.0024046 ], [ -2.6018119, 42.0018992 ], [ -2.5966073, 42.001944 ], [ -2.5933101, 42.000185 ], [ -2.5931157, 42.0001348 ], [ -2.5868731, 41.9985048 ], [ -2.585548, 41.9980316 ], [ -2.579909, 41.9962638 ], [ -2.5781613, 42.0001302 ], [ -2.5781444, 42.0001662 ], [ -2.5773579, 42.0022438 ], [ -2.5764726, 42.0046183 ], [ -2.5752515, 42.0066583 ], [ -2.572654, 42.0086211 ], [ -2.5714132, 42.0099585 ], [ -2.5699398, 42.0117633 ], [ -2.5667771, 42.0133185 ], [ -2.5652994, 42.0139524 ], [ -2.564507, 42.0167865 ], [ -2.5642673, 42.0182717 ], [ -2.5628059, 42.0217787 ], [ -2.5616341, 42.0235485 ], [ -2.5604163, 42.0249849 ], [ -2.5598068, 42.0275314 ], [ -2.558688, 42.0303372 ], [ -2.556023, 42.0348482 ], [ -2.5552542, 42.0359351 ], [ -2.554548, 42.0367159 ], [ -2.5527121, 42.038366 ], [ -2.551283, 42.0388557 ], [ -2.5520328, 42.0456046 ], [ -2.5490667, 42.0515103 ], [ -2.5487502, 42.0518333 ], [ -2.5460319, 42.0534257 ], [ -2.5452922, 42.0537741 ], [ -2.5444321, 42.0540679 ], [ -2.5395311, 42.054985 ], [ -2.5353921, 42.0541487 ], [ -2.5325079, 42.0552267 ], [ -2.5320201, 42.0558282 ], [ -2.5275885, 42.058584 ], [ -2.5257764, 42.0601077 ], [ -2.5230456, 42.0632306 ], [ -2.520867, 42.0651399 ], [ -2.5172711, 42.0676196 ], [ -2.5148804, 42.0688615 ], [ -2.5149956, 42.0696095 ], [ -2.5147428, 42.0742198 ], [ -2.517205, 42.0779048 ], [ -2.5194062, 42.0809673 ], [ -2.5208653, 42.0814778 ], [ -2.5226561, 42.0828813 ], [ -2.5225417, 42.0834302 ], [ -2.5219787, 42.0861388 ], [ -2.521557, 42.0875421 ], [ -2.5208723, 42.0885479 ], [ -2.5182558, 42.0907706 ], [ -2.5181103, 42.0924182 ], [ -2.5181823, 42.0956698 ], [ -2.519386, 42.0980076 ], [ -2.5175472, 42.099675 ], [ -2.5177422, 42.1010629 ], [ -2.5162425, 42.1026597 ], [ -2.516382, 42.104984 ], [ -2.5158522, 42.1078458 ], [ -2.5156169, 42.1085653 ], [ -2.5156734, 42.1090789 ], [ -2.515958, 42.1098277 ], [ -2.5164824, 42.1108476 ], [ -2.5145187, 42.1129828 ], [ -2.5145135, 42.1136673 ], [ -2.5146761, 42.1145416 ], [ -2.5085121, 42.115443 ], [ -2.5066538, 42.1148496 ], [ -2.5029655, 42.1131675 ], [ -2.5011086, 42.1124209 ], [ -2.4993999, 42.1128278 ], [ -2.4959032, 42.1129475 ], [ -2.4935411, 42.1118473 ], [ -2.4921276, 42.1116429 ], [ -2.4914635, 42.1114959 ], [ -2.490343, 42.1109505 ], [ -2.489971, 42.1105706 ], [ -2.4895332, 42.1093618 ], [ -2.4891016, 42.1088915 ], [ -2.486418, 42.1072133 ], [ -2.4850673, 42.1067209 ], [ -2.4843688, 42.1063485 ], [ -2.4837596, 42.1069042 ], [ -2.4821279, 42.1082478 ], [ -2.4782043, 42.1103015 ], [ -2.474412, 42.1110677 ], [ -2.4738627, 42.1116777 ], [ -2.4728819, 42.1132583 ], [ -2.4724418, 42.1138147 ], [ -2.4717724, 42.1143069 ], [ -2.4695207, 42.1145217 ], [ -2.4678656, 42.1142709 ], [ -2.4586151, 42.1153173 ], [ -2.4575871, 42.1167085 ], [ -2.454127, 42.1195741 ], [ -2.4535438, 42.1212645 ], [ -2.448535, 42.1240956 ], [ -2.4491505, 42.1256657 ], [ -2.4487334, 42.1277081 ], [ -2.4480652, 42.1294161 ], [ -2.446492, 42.1322275 ], [ -2.4442953, 42.1343694 ], [ -2.4431258, 42.1352644 ], [ -2.4412637, 42.1364892 ], [ -2.4404988, 42.1367827 ], [ -2.4384616, 42.1372681 ], [ -2.4377717, 42.1372827 ], [ -2.4338567, 42.13666 ], [ -2.4306036, 42.1364368 ], [ -2.428159, 42.1364696 ], [ -2.4269671, 42.1358062 ], [ -2.4237341, 42.1373751 ], [ -2.4176324, 42.1390195 ], [ -2.4159781, 42.1386418 ], [ -2.4146488, 42.1384459 ], [ -2.4127374, 42.1383821 ], [ -2.4091183, 42.1384895 ], [ -2.4055454, 42.1388223 ], [ -2.4030828, 42.139476 ], [ -2.4013998, 42.1395753 ], [ -2.3972135, 42.1369505 ], [ -2.3958232, 42.138087 ], [ -2.3944304, 42.1394846 ], [ -2.3929451, 42.1404224 ], [ -2.3916563, 42.141055 ], [ -2.3878669, 42.1424849 ], [ -2.3822045, 42.1423554 ], [ -2.3761755, 42.1413771 ], [ -2.3706731, 42.1434364 ], [ -2.3619909, 42.1439468 ], [ -2.3602118, 42.1439639 ], [ -2.3558501, 42.1444528 ], [ -2.3542028, 42.1445967 ], [ -2.3510533, 42.1448851 ], [ -2.3481906, 42.1467061 ], [ -2.3440035, 42.1455024 ], [ -2.3407972, 42.1454209 ], [ -2.3321498, 42.1460283 ], [ -2.3268861, 42.1436738 ], [ -2.3248365, 42.1440851 ], [ -2.3222745, 42.1448805 ], [ -2.3191363, 42.1452221 ], [ -2.3182049, 42.1451806 ], [ -2.3157435, 42.1444904 ], [ -2.314188, 42.1439678 ], [ -2.3095436, 42.1414901 ], [ -2.3078267, 42.1402459 ], [ -2.2883905, 42.1349932 ], [ -2.2821598, 42.131703 ], [ -2.2789136, 42.1224331 ], [ -2.2811691, 42.1208981 ], [ -2.2819534, 42.1200114 ], [ -2.2825716, 42.1188265 ], [ -2.2816975, 42.1158939 ], [ -2.2806143, 42.114347 ], [ -2.2820549, 42.10997 ], [ -2.2817461, 42.1083919 ], [ -2.2803598, 42.1069151 ], [ -2.2792891, 42.1042785 ], [ -2.2776132, 42.1016921 ], [ -2.2768274, 42.1006064 ], [ -2.274355, 42.0978979 ], [ -2.2728434, 42.0957808 ], [ -2.2716196, 42.0938816 ], [ -2.2710515, 42.0928063 ], [ -2.2700026, 42.0904309 ], [ -2.2695889, 42.0885549 ], [ -2.2627433, 42.0876735 ], [ -2.2611641, 42.087267 ], [ -2.2588908, 42.0872793 ], [ -2.2566623, 42.0896606 ], [ -2.2540608, 42.0918773 ], [ -2.2527704, 42.0915807 ], [ -2.2502586, 42.0933475 ], [ -2.2473478, 42.0961204 ], [ -2.2441874, 42.0985044 ], [ -2.2422003, 42.0998332 ], [ -2.2378422, 42.102218 ], [ -2.2364842, 42.1025062 ], [ -2.2350082, 42.1025503 ], [ -2.2325467, 42.1020746 ], [ -2.2313172, 42.1017421 ], [ -2.23074, 42.101468 ], [ -2.2295882, 42.1007037 ], [ -2.2257632, 42.0990027 ], [ -2.2240805, 42.0981538 ], [ -2.2170954, 42.0997274 ], [ -2.216619, 42.1001114 ], [ -2.2154172, 42.1014541 ], [ -2.2137172, 42.1020099 ], [ -2.2120383, 42.1028089 ], [ -2.2088829, 42.1046605 ], [ -2.2076021, 42.1045616 ], [ -2.2062531, 42.1041199 ], [ -2.2022031, 42.1030291 ], [ -2.1985213, 42.102481 ], [ -2.1968772, 42.1024244 ], [ -2.1945883, 42.1026696 ], [ -2.1930511, 42.1027668 ], [ -2.1913335, 42.1027907 ], [ -2.1887648, 42.1031598 ], [ -2.1875218, 42.1037725 ], [ -2.1861601, 42.1044473 ], [ -2.182554, 42.1036651 ], [ -2.1812215, 42.1038267 ], [ -2.176534, 42.1043695 ], [ -2.1756096, 42.1047681 ], [ -2.175301, 42.1043246 ], [ -2.1735607, 42.1051496 ], [ -2.172773, 42.10527 ], [ -2.1713351, 42.1051696 ], [ -2.1674379, 42.1044568 ], [ -2.1659914, 42.1040861 ], [ -2.1649719, 42.1043578 ], [ -2.1642842, 42.1042357 ], [ -2.1618907, 42.1041462 ], [ -2.160072, 42.1044841 ], [ -2.1588809, 42.1049257 ], [ -2.1571644, 42.1048591 ], [ -2.1566467, 42.1046841 ], [ -2.1546563, 42.1042912 ], [ -2.1529062, 42.1040261 ], [ -2.1492567, 42.1038009 ], [ -2.1481111, 42.1044498 ], [ -2.1467161, 42.1038631 ], [ -2.1456362, 42.1032246 ], [ -2.1434273, 42.1029018 ], [ -2.1426026, 42.1030758 ], [ -2.1386339, 42.1023165 ], [ -2.1367489, 42.1030859 ], [ -2.1354984, 42.1016625 ], [ -2.133377, 42.1011421 ], [ -2.1330997, 42.1001943 ], [ -2.1308969, 42.0994391 ], [ -2.1298811, 42.0985488 ], [ -2.1273242, 42.0971693 ], [ -2.1273783, 42.0958728 ], [ -2.1276466, 42.0948301 ], [ -2.1273353, 42.093729 ], [ -2.1273887, 42.0933601 ], [ -2.1283977, 42.0920889 ], [ -2.1285714, 42.091766 ], [ -2.1286788, 42.0909923 ], [ -2.1284533, 42.0906843 ], [ -2.1284195, 42.0896213 ], [ -2.1268208, 42.088051 ], [ -2.1268931, 42.0863134 ], [ -2.1272263, 42.0858205 ], [ -2.1270337, 42.0839998 ], [ -2.1272766, 42.083038 ], [ -2.1272488, 42.0824253 ], [ -2.1269652, 42.0819458 ], [ -2.1270821, 42.0813613 ], [ -2.1270764, 42.0808929 ], [ -2.1272395, 42.0804618 ], [ -2.1277994, 42.0801869 ], [ -2.1309979, 42.0779236 ], [ -2.1318783, 42.0771917 ], [ -2.1323884, 42.0761328 ], [ -2.1342373, 42.0753002 ], [ -2.1354069, 42.0746336 ], [ -2.1382265, 42.0744206 ], [ -2.1402749, 42.0740217 ], [ -2.1410118, 42.0740543 ], [ -2.1421218, 42.0742157 ], [ -2.1426191, 42.0740933 ], [ -2.1444351, 42.0729901 ], [ -2.1457148, 42.0731168 ], [ -2.1463338, 42.0729322 ], [ -2.1469386, 42.0720001 ], [ -2.1473896, 42.0717242 ], [ -2.1488102, 42.0712574 ], [ -2.1492124, 42.0710083 ], [ -2.1494737, 42.0704518 ], [ -2.149916, 42.0699147 ], [ -2.1510345, 42.0694366 ], [ -2.1516099, 42.0688915 ], [ -2.1520355, 42.0687055 ], [ -2.1530635, 42.0686591 ], [ -2.1536693, 42.0685555 ], [ -2.1545097, 42.0680753 ], [ -2.1557474, 42.0677152 ], [ -2.1571289, 42.0674462 ], [ -2.1581238, 42.0671653 ], [ -2.1591725, 42.0673891 ], [ -2.1600421, 42.0674405 ], [ -2.1619128, 42.0667337 ], [ -2.161122, 42.062549 ], [ -2.1600816, 42.0617037 ], [ -2.1589361, 42.0605875 ], [ -2.1585457, 42.0599542 ], [ -2.1583725, 42.0593405 ], [ -2.158395, 42.0585571 ], [ -2.1589987, 42.0558596 ], [ -2.1588582, 42.0555163 ], [ -2.1572821, 42.0540727 ], [ -2.1567828, 42.0534476 ], [ -2.1561349, 42.0512723 ], [ -2.1555861, 42.0489175 ], [ -2.1549474, 42.0478771 ], [ -2.1547652, 42.0470381 ], [ -2.1538743, 42.0467974 ], [ -2.1528083, 42.046087 ], [ -2.151939, 42.0460356 ], [ -2.151738, 42.0457008 ], [ -2.15075, 42.0454954 ], [ -2.1508769, 42.045037 ], [ -2.1499225, 42.0450299 ], [ -2.1504539, 42.0441422 ], [ -2.150814, 42.0434154 ], [ -2.1509425, 42.0428399 ], [ -2.1508384, 42.0424879 ], [ -2.1505649, 42.0421616 ], [ -2.1461173, 42.0422546 ], [ -2.1456178, 42.0416565 ], [ -2.1448937, 42.0415971 ], [ -2.1446131, 42.0409015 ], [ -2.144363, 42.0406294 ], [ -2.142912, 42.039817 ], [ -2.142632, 42.0390764 ], [ -2.1420017, 42.0383331 ], [ -2.1412794, 42.0381386 ], [ -2.1403317, 42.0376361 ], [ -2.1389548, 42.0367161 ], [ -2.1383946, 42.0361535 ], [ -2.1373878, 42.0346689 ], [ -2.1373842, 42.0340384 ], [ -2.1365028, 42.0331131 ], [ -2.1358157, 42.0329998 ], [ -2.1351935, 42.0325628 ], [ -2.1316501, 42.0292937 ], [ -2.1297993, 42.0268299 ], [ -2.1289022, 42.0261836 ], [ -2.125504, 42.0255813 ], [ -2.1236877, 42.0250271 ], [ -2.1214543, 42.0240553 ], [ -2.1206948, 42.0239504 ], [ -2.1202566, 42.0233166 ], [ -2.1199886, 42.022612 ], [ -2.1196797, 42.0222404 ], [ -2.1189843, 42.0218658 ], [ -2.1170083, 42.0215083 ], [ -2.116015, 42.019105 ], [ -2.1163552, 42.0163516 ], [ -2.1156088, 42.0153101 ], [ -2.1158027, 42.0135193 ], [ -2.1152396, 42.0114525 ], [ -2.114014, 42.0110107 ], [ -2.1139064, 42.0100642 ], [ -2.1129248, 42.0085705 ], [ -2.1117869, 42.0070396 ], [ -2.110856, 42.0062488 ], [ -2.1105531, 42.0054539 ], [ -2.1097014, 42.005051 ], [ -2.108458, 42.0041587 ], [ -2.1081132, 42.0037778 ], [ -2.1076321, 42.0027743 ], [ -2.1082956, 42.0010952 ], [ -2.1091416, 42.0001741 ], [ -2.1091787, 42.0001114 ], [ -2.1102424, 41.9983003 ], [ -2.1104756, 41.9980319 ], [ -2.1121076, 41.9970178 ], [ -2.1130621, 41.9969712 ], [ -2.1149438, 41.9971028 ], [ -2.1194237, 41.9970652 ], [ -2.1209873, 41.9966269 ], [ -2.12188, 41.9958051 ], [ -2.1240722, 41.9953085 ], [ -2.1229533, 41.9923818 ], [ -2.1224948, 41.9914867 ], [ -2.1217959, 41.9905086 ], [ -2.1203819, 41.9879939 ], [ -2.1199004, 41.9861439 ], [ -2.1198713, 41.9856213 ], [ -2.1203872, 41.9832295 ], [ -2.1203356, 41.9825896 ], [ -2.1204133, 41.9804557 ], [ -2.1201484, 41.979535 ], [ -2.1196121, 41.9781618 ], [ -2.1193072, 41.9766374 ], [ -2.1185497, 41.9764244 ], [ -2.1180104, 41.9761501 ], [ -2.1162923, 41.9747048 ], [ -2.1168033, 41.9717906 ], [ -2.1155633, 41.9672057 ], [ -2.1151164, 41.9663646 ], [ -2.1151443, 41.9660946 ], [ -2.1150276, 41.9649319 ], [ -2.1160963, 41.9635711 ], [ -2.1149382, 41.9618059 ], [ -2.114356, 41.9611439 ], [ -2.1132689, 41.9603519 ], [ -2.1118409, 41.9589088 ], [ -2.109961, 41.9578675 ], [ -2.1034325, 41.9561775 ], [ -2.1024638, 41.9555664 ], [ -2.1004408, 41.9552714 ], [ -2.0959359, 41.9564249 ], [ -2.0926448, 41.9553631 ], [ -2.0911228, 41.9563328 ], [ -2.0862275, 41.9543935 ], [ -2.0849807, 41.9546718 ], [ -2.0801227, 41.9543537 ], [ -2.0783685, 41.9513314 ], [ -2.0762153, 41.9508818 ], [ -2.0756549, 41.9512556 ], [ -2.0744607, 41.9512369 ], [ -2.0738792, 41.9513944 ], [ -2.0729265, 41.9521973 ], [ -2.0726106, 41.9523478 ], [ -2.0721877, 41.9523894 ], [ -2.0695697, 41.9523773 ], [ -2.067617, 41.9539015 ], [ -2.0666561, 41.9535965 ], [ -2.0653405, 41.9536308 ], [ -2.0643401, 41.9535597 ], [ -2.0632532, 41.9536228 ], [ -2.0627261, 41.954186 ], [ -2.0622399, 41.9544342 ], [ -2.0617573, 41.9544302 ], [ -2.0612657, 41.9542191 ], [ -2.059482, 41.9532588 ], [ -2.058104, 41.9534276 ], [ -2.0576465, 41.9533608 ], [ -2.0571073, 41.9531042 ], [ -2.0569327, 41.9526704 ], [ -2.0552024, 41.9521879 ], [ -2.0548832, 41.9525635 ], [ -2.0545802, 41.9526511 ], [ -2.0539964, 41.9521509 ], [ -2.0534039, 41.9514255 ], [ -2.0526741, 41.9510052 ], [ -2.0521333, 41.9508656 ], [ -2.0512525, 41.9508673 ], [ -2.0488081, 41.9505409 ], [ -2.0476449, 41.9508735 ], [ -2.047173, 41.9509596 ], [ -2.0466426, 41.9509282 ], [ -2.0461153, 41.9506897 ], [ -2.0452921, 41.9500704 ], [ -2.0454448, 41.9487296 ], [ -2.0453674, 41.9482607 ], [ -2.0445936, 41.9475607 ], [ -2.0438573, 41.94678 ], [ -2.0443972, 41.946172 ], [ -2.0441056, 41.9455031 ], [ -2.0436511, 41.9452382 ], [ -2.0422856, 41.9437767 ], [ -2.0419622, 41.9436209 ], [ -2.0405992, 41.9436095 ], [ -2.0374103, 41.9414662 ], [ -2.037125, 41.9403831 ], [ -2.0368671, 41.9398855 ], [ -2.0363919, 41.9394042 ], [ -2.0363249, 41.9398449 ], [ -2.0363431, 41.941043 ], [ -2.0364562, 41.9415393 ], [ -2.0363318, 41.9417904 ], [ -2.0358804, 41.9421289 ], [ -2.0357913, 41.9424344 ], [ -2.0361007, 41.9435178 ], [ -2.0359284, 41.9437415 ], [ -2.0355532, 41.9438284 ], [ -2.0340984, 41.943501 ], [ -2.0336267, 41.943578 ], [ -2.0335021, 41.9438382 ], [ -2.0336419, 41.9441726 ], [ -2.0342372, 41.944691 ], [ -2.0347557, 41.945506 ], [ -2.0348581, 41.9459211 ], [ -2.0347451, 41.9462084 ], [ -2.0343437, 41.9464302 ], [ -2.0335306, 41.9467476 ], [ -2.0332085, 41.9473033 ], [ -2.0328521, 41.9477326 ], [ -2.0325471, 41.9479552 ], [ -2.032172, 41.9480331 ], [ -2.0311237, 41.9479432 ], [ -2.0306515, 41.9480563 ], [ -2.0305391, 41.9483075 ], [ -2.0306792, 41.9486149 ], [ -2.0311321, 41.948979 ], [ -2.0313692, 41.9492602 ], [ -2.0313534, 41.9495032 ], [ -2.0311323, 41.9497626 ], [ -2.029957, 41.9500949 ], [ -2.0297357, 41.9503632 ], [ -2.0298382, 41.9507694 ], [ -2.0303105, 41.9514489 ], [ -2.0303019, 41.9520162 ], [ -2.0299, 41.9530576 ], [ -2.0295955, 41.9532442 ], [ -2.0283144, 41.9533864 ], [ -2.0281615, 41.9531239 ], [ -2.0271857, 41.952233 ], [ -2.0261605, 41.9514137 ], [ -2.0250474, 41.9508279 ], [ -2.0247266, 41.9505009 ], [ -2.0239947, 41.9502335 ], [ -2.0233393, 41.9496965 ], [ -2.0214289, 41.9483923 ], [ -2.0209534, 41.9479289 ], [ -2.0208724, 41.9477031 ], [ -2.0195585, 41.9444765 ], [ -2.0181869, 41.9442396 ], [ -2.0160905, 41.9448431 ], [ -2.0152979, 41.9438186 ], [ -2.0141007, 41.9424393 ], [ -2.0130763, 41.9408093 ], [ -2.0082405, 41.9399209 ], [ -2.0064069, 41.9399231 ], [ -2.0046555, 41.940061 ], [ -2.0025105, 41.9391417 ], [ -2.0013382, 41.9385101 ], [ -2.0001277, 41.9372296 ], [ -1.9991531, 41.9355278 ], [ -1.9986636, 41.9344338 ], [ -1.9989201, 41.9326887 ], [ -1.9985066, 41.9321357 ], [ -1.9983479, 41.9314858 ], [ -1.998348, 41.9307113 ], [ -1.9976262, 41.9305879 ], [ -1.9969909, 41.9295646 ], [ -1.9961818, 41.928855 ], [ -1.9946172, 41.9278776 ], [ -1.9939742, 41.9273496 ], [ -1.9931903, 41.9265771 ], [ -1.9923852, 41.9256243 ], [ -1.9915545, 41.9247614 ], [ -1.9903451, 41.9242104 ], [ -1.9884997, 41.92269 ], [ -1.9863714, 41.9215274 ], [ -1.984115, 41.9200844 ], [ -1.98209, 41.9192649 ], [ -1.9814424, 41.919034 ], [ -1.9798735, 41.9191101 ], [ -1.9702978, 41.9191417 ], [ -1.9696325, 41.9192708 ], [ -1.9669173, 41.920129 ], [ -1.963857, 41.9199573 ], [ -1.961343, 41.9203039 ], [ -1.9582623, 41.9243469 ], [ -1.954859, 41.9274413 ], [ -1.9509776, 41.9265682 ], [ -1.9494888, 41.9261583 ], [ -1.947361, 41.9257335 ], [ -1.9433473, 41.9255795 ], [ -1.9415407, 41.9254278 ], [ -1.9405634, 41.9254548 ], [ -1.9366458, 41.9267785 ], [ -1.9353283, 41.9269555 ], [ -1.935177, 41.9273503 ], [ -1.9352256, 41.9280533 ], [ -1.9340509, 41.9283396 ], [ -1.9326413, 41.930416 ], [ -1.9295199, 41.9295403 ], [ -1.9261176, 41.9310397 ], [ -1.9214918, 41.9342657 ], [ -1.9186731, 41.934041 ], [ -1.9175534, 41.9339133 ], [ -1.917098, 41.9337379 ], [ -1.9158824, 41.9328708 ], [ -1.9151692, 41.9322516 ], [ -1.9149832, 41.9332586 ], [ -1.9149977, 41.9338261 ], [ -1.9139562, 41.93478 ], [ -1.9132903, 41.9356383 ], [ -1.9129428, 41.9362114 ], [ -1.9121227, 41.9383292 ], [ -1.9115312, 41.9390621 ], [ -1.9112029, 41.9406352 ], [ -1.9106947, 41.9407204 ], [ -1.9088745, 41.9406401 ], [ -1.9086191, 41.9407637 ], [ -1.9073196, 41.9419762 ], [ -1.9068799, 41.9422963 ], [ -1.9051065, 41.9429999 ], [ -1.9046666, 41.9433289 ], [ -1.9046369, 41.9436529 ], [ -1.9048126, 41.9439608 ], [ -1.9066667, 41.9455906 ], [ -1.8907036, 41.9477971 ], [ -1.8775923, 41.952434 ], [ -1.8666852, 41.9592257 ], [ -1.8630454, 41.9616935 ], [ -1.8606364, 41.9634708 ], [ -1.8570931, 41.9659124 ], [ -1.8565412, 41.9664022 ], [ -1.8574717, 41.9676814 ], [ -1.8588199, 41.9692259 ], [ -1.8603285, 41.9712493 ], [ -1.8612912, 41.972763 ], [ -1.8623521, 41.9741875 ], [ -1.8651881, 41.977602 ], [ -1.8623274, 41.9782762 ], [ -1.8541923, 41.9816176 ], [ -1.8444629, 41.9869509 ], [ -1.8440455, 41.987334 ], [ -1.8438329, 41.9877371 ], [ -1.8440536, 41.9882167 ], [ -1.8446654, 41.9890965 ], [ -1.8451889, 41.989525 ], [ -1.847389, 41.9907 ], [ -1.8513248, 41.9980706 ], [ -1.8492373, 42.0000852 ], [ -1.8488919, 42.0004059 ], [ -1.8470307, 42.0025037 ], [ -1.8471849, 42.0079991 ], [ -1.8481387, 42.0066758 ], [ -1.8490338, 42.0052528 ], [ -1.8516836, 42.0036222 ], [ -1.8526176, 42.0033883 ], [ -1.8541898, 42.0025845 ], [ -1.8552279, 42.0026038 ], [ -1.8608412, 42.0067486 ], [ -1.8604512, 42.0096538 ], [ -1.8624948, 42.0101785 ], [ -1.8632709, 42.0120325 ], [ -1.8648349, 42.0150831 ], [ -1.8656686, 42.0150643 ], [ -1.8670994, 42.0147452 ], [ -1.8683311, 42.0133974 ], [ -1.8699867, 42.0126572 ], [ -1.8720153, 42.0126772 ], [ -1.8746849, 42.0153783 ], [ -1.875763, 42.0165687 ], [ -1.8803249, 42.0208914 ], [ -1.8809454, 42.0220142 ], [ -1.8832615, 42.0242524 ], [ -1.8829473, 42.0263298 ], [ -1.8852253, 42.0273066 ], [ -1.8866235, 42.0274823 ], [ -1.8880539, 42.027199 ], [ -1.8917715, 42.0266766 ], [ -1.8944187, 42.0265761 ], [ -1.8962998, 42.0267653 ], [ -1.8977147, 42.0287693 ], [ -1.8984937, 42.0291281 ], [ -1.9015767, 42.02968 ], [ -1.9031659, 42.0349099 ], [ -1.9032338, 42.0358742 ], [ -1.903102, 42.0365124 ], [ -1.9025221, 42.0379118 ], [ -1.9025435, 42.0387767 ], [ -1.9041916, 42.0441062 ], [ -1.9039929, 42.045122 ], [ -1.9045788, 42.0461813 ], [ -1.9043341, 42.0477641 ], [ -1.9050889, 42.0495455 ], [ -1.904644, 42.0501177 ], [ -1.9048045, 42.0513261 ], [ -1.9032992, 42.0545269 ], [ -1.9037467, 42.0552067 ], [ -1.9060279, 42.0553726 ], [ -1.9071031, 42.0561034 ], [ -1.9083737, 42.0578987 ], [ -1.9092387, 42.0591228 ], [ -1.9072711, 42.060392 ], [ -1.9063037, 42.0604188 ], [ -1.9063282, 42.0611035 ], [ -1.9058286, 42.0641519 ], [ -1.9058027, 42.0670607 ], [ -1.9055941, 42.0679414 ], [ -1.9046499, 42.0694274 ], [ -1.9025289, 42.0711543 ], [ -1.9023008, 42.0738631 ], [ -1.9010646, 42.0747429 ], [ -1.900582, 42.0753867 ], [ -1.9001524, 42.0764633 ], [ -1.8994297, 42.0777083 ], [ -1.8987649, 42.0783954 ], [ -1.8973304, 42.0795524 ], [ -1.8949354, 42.0817089 ], [ -1.8939988, 42.0827266 ], [ -1.8936602, 42.0834258 ], [ -1.893472, 42.0838203 ], [ -1.8927864, 42.0850025 ], [ -1.8920318, 42.0859859 ], [ -1.8885569, 42.0883299 ], [ -1.8857928, 42.0908158 ], [ -1.8817535, 42.094289 ], [ -1.8793523, 42.0960488 ], [ -1.8738061, 42.0998941 ], [ -1.8724677, 42.1010338 ], [ -1.8719563, 42.1019114 ], [ -1.8713472, 42.1035175 ], [ -1.8642181, 42.1072117 ], [ -1.8632839, 42.108049 ], [ -1.8623784, 42.1093099 ], [ -1.8610346, 42.1114041 ], [ -1.8599915, 42.1142577 ], [ -1.8594584, 42.1149819 ], [ -1.8579341, 42.1156602 ], [ -1.8563336, 42.1165449 ], [ -1.8552435, 42.1172905 ], [ -1.8541842, 42.1183427 ], [ -1.848656, 42.1223401 ], [ -1.8402755, 42.1281278 ], [ -1.8374075, 42.1341059 ], [ -1.8383892, 42.1353407 ], [ -1.8377932, 42.1374962 ], [ -1.8381106, 42.1419665 ], [ -1.8324167, 42.1482311 ], [ -1.8292245, 42.1500448 ], [ -1.8216189, 42.1535695 ], [ -1.8126186, 42.1507297 ], [ -1.8106067, 42.1502315 ], [ -1.8094813, 42.1495804 ], [ -1.8082394, 42.1486849 ], [ -1.8075401, 42.1485425 ], [ -1.8045419, 42.1477278 ], [ -1.80255, 42.1468244 ], [ -1.8013778, 42.1460916 ], [ -1.8003637, 42.1453155 ], [ -1.7999048, 42.1446262 ], [ -1.7996341, 42.1422997 ], [ -1.7992338, 42.1417101 ], [ -1.7967705, 42.1407927 ], [ -1.7950364, 42.1403422 ], [ -1.7930707, 42.1399883 ], [ -1.7916533, 42.1400724 ], [ -1.7900488, 42.1398123 ], [ -1.7883251, 42.1394609 ], [ -1.7870246, 42.1391229 ], [ -1.7843932, 42.1381494 ], [ -1.783258, 42.1380293 ], [ -1.781981, 42.1377365 ], [ -1.7806894, 42.1382001 ], [ -1.7800128, 42.1381479 ], [ -1.7790049, 42.1377049 ], [ -1.7790289, 42.1383446 ], [ -1.7791811, 42.1392378 ], [ -1.7798306, 42.1400733 ], [ -1.7804653, 42.1404223 ], [ -1.7805686, 42.1407116 ], [ -1.7804252, 42.1412505 ], [ -1.7798954, 42.1417402 ], [ -1.7791149, 42.1420561 ], [ -1.7778273, 42.1423036 ], [ -1.776913, 42.1426541 ], [ -1.774822, 42.1437756 ], [ -1.7730577, 42.1442701 ], [ -1.7702569, 42.1451677 ], [ -1.7696457, 42.1454854 ], [ -1.7674225, 42.1471727 ], [ -1.7664123, 42.1480895 ], [ -1.7654333, 42.1492678 ], [ -1.7647091, 42.1504128 ], [ -1.7588637, 42.1503947 ], [ -1.7555463, 42.1504578 ], [ -1.7524619, 42.1503613 ], [ -1.7507645, 42.1505139 ], [ -1.7483493, 42.1502444 ], [ -1.746255, 42.1502666 ], [ -1.7397421, 42.1497359 ], [ -1.7371364, 42.1486985 ], [ -1.7361409, 42.1482462 ], [ -1.7316017, 42.145251 ], [ -1.7306803, 42.1447275 ], [ -1.7286398, 42.1438853 ], [ -1.7282362, 42.1434935 ], [ -1.7263854, 42.1422481 ], [ -1.7255238, 42.1417612 ], [ -1.7239784, 42.1391772 ], [ -1.7232359, 42.1381873 ], [ -1.7220901, 42.1361931 ], [ -1.7198949, 42.1334397 ], [ -1.7045428, 42.1392564 ], [ -1.7041529, 42.1393871 ], [ -1.6902689, 42.1483977 ], [ -1.6844883, 42.1499346 ], [ -1.679659, 42.1516893 ], [ -1.680003, 42.1520265 ], [ -1.684909, 42.1553341 ], [ -1.6868001, 42.1563645 ], [ -1.6882954, 42.1566338 ], [ -1.6916679, 42.1574469 ], [ -1.6933394, 42.1579793 ], [ -1.6938019, 42.1584439 ], [ -1.6957756, 42.1613574 ], [ -1.6978942, 42.1642995 ], [ -1.6993937, 42.1667392 ], [ -1.6994518, 42.1668569 ], [ -1.6999208, 42.1681952 ], [ -1.7008973, 42.1731236 ], [ -1.6993477, 42.1754746 ], [ -1.6969466, 42.1803737 ], [ -1.6926854, 42.1826667 ], [ -1.6853807, 42.1857263 ], [ -1.6843887, 42.1862643 ], [ -1.6790054, 42.1883188 ], [ -1.6787015, 42.1889547 ], [ -1.6787146, 42.1894862 ], [ -1.6792358, 42.190627 ], [ -1.6795278, 42.1911437 ], [ -1.6801244, 42.1915739 ], [ -1.6807469, 42.1919233 ], [ -1.6823471, 42.1924801 ], [ -1.6829152, 42.1927729 ], [ -1.683489, 42.1930546 ], [ -1.6838956, 42.1932129 ], [ -1.6842162, 42.1933118 ], [ -1.6847538, 42.1934986 ], [ -1.6853064, 42.1936022 ], [ -1.6858816, 42.1936425 ], [ -1.6862952, 42.1936313 ], [ -1.6866989, 42.1935864 ], [ -1.6871599, 42.1934765 ], [ -1.6875878, 42.1932889 ], [ -1.6882541, 42.1927984 ], [ -1.6888647, 42.1922917 ], [ -1.6891913, 42.1924963 ], [ -1.6892057, 42.1925074 ], [ -1.6894418, 42.1923138 ], [ -1.6897207, 42.1920915 ], [ -1.6898243, 42.192021 ], [ -1.6898848, 42.1919977 ], [ -1.6899307, 42.191989 ], [ -1.689991, 42.1919903 ], [ -1.6901592, 42.1920232 ], [ -1.6912439, 42.192348 ], [ -1.6917342, 42.1924887 ], [ -1.6923898, 42.1927001 ], [ -1.692634, 42.1927613 ], [ -1.6928825, 42.1928037 ], [ -1.693183, 42.1928673 ], [ -1.6935302, 42.1929705 ], [ -1.6937152, 42.1929994 ], [ -1.693911, 42.1930071 ], [ -1.6940057, 42.1929954 ], [ -1.6941917, 42.1929391 ], [ -1.6948787, 42.1926602 ], [ -1.6950498, 42.1926141 ], [ -1.6951638, 42.1925977 ], [ -1.6957062, 42.1925901 ], [ -1.6959092, 42.1926239 ], [ -1.6962473, 42.1927275 ], [ -1.6968049, 42.1929551 ], [ -1.6971815, 42.1930778 ], [ -1.6973189, 42.1931417 ], [ -1.6973863, 42.1931848 ], [ -1.6974049, 42.1931521 ], [ -1.697497, 42.193172 ], [ -1.6977983, 42.1931554 ], [ -1.6980756, 42.1931153 ], [ -1.6983374, 42.1930693 ], [ -1.6986548, 42.1930062 ], [ -1.6988247, 42.1929787 ], [ -1.6988228, 42.1929567 ], [ -1.6987014, 42.1928592 ], [ -1.6990507, 42.1924803 ], [ -1.6994832, 42.1919573 ], [ -1.6997919, 42.1914023 ], [ -1.6999417, 42.1911493 ], [ -1.7000428, 42.1909053 ], [ -1.7001323, 42.1906942 ], [ -1.7038134, 42.191476 ], [ -1.70422, 42.1918598 ], [ -1.7044663, 42.1920988 ], [ -1.7043855, 42.1924642 ], [ -1.7041544, 42.1931208 ], [ -1.7034063, 42.1952758 ], [ -1.7049008, 42.1995207 ], [ -1.7053315, 42.2007692 ], [ -1.7057563, 42.2014151 ], [ -1.7067439, 42.2025093 ], [ -1.7058681, 42.204238 ], [ -1.7058577, 42.204316 ], [ -1.7058608, 42.2043785 ], [ -1.7058747, 42.2046176 ], [ -1.7059704, 42.2051002 ], [ -1.7060661, 42.2055828 ], [ -1.7060145, 42.2057537 ], [ -1.7060457, 42.2059255 ], [ -1.7060522, 42.2061083 ], [ -1.705748, 42.2062003 ], [ -1.7055883, 42.2063489 ], [ -1.7062949, 42.2075222 ], [ -1.7075823, 42.2086408 ], [ -1.7075937, 42.2086544 ], [ -1.7076223, 42.2086436 ], [ -1.7076597, 42.2086267 ], [ -1.7077038, 42.2086111 ], [ -1.7077657, 42.208611 ], [ -1.7078176, 42.2086189 ], [ -1.7078986, 42.2086619 ], [ -1.7081062, 42.208841 ], [ -1.7081564, 42.2088979 ], [ -1.7082006, 42.2089761 ], [ -1.7082511, 42.209046 ], [ -1.708304, 42.2090943 ], [ -1.7083545, 42.2091487 ], [ -1.7084166, 42.2091823 ], [ -1.7084849, 42.2092197 ], [ -1.7085503, 42.2092402 ], [ -1.7086696, 42.2092446 ], [ -1.7087904, 42.2092471 ], [ -1.7088608, 42.2092625 ], [ -1.7089082, 42.2092863 ], [ -1.7089512, 42.209329 ], [ -1.709055, 42.2094649 ], [ -1.7091793, 42.2096075 ], [ -1.709263, 42.209651 ], [ -1.7093962, 42.2096934 ], [ -1.7094976, 42.2097545 ], [ -1.7095287, 42.2097859 ], [ -1.709563, 42.2098198 ], [ -1.7095855, 42.2098591 ], [ -1.7096197, 42.209959 ], [ -1.7096471, 42.2099979 ], [ -1.7097126, 42.210019 ], [ -1.7097569, 42.2100282 ], [ -1.7099286, 42.2100246 ], [ -1.7099889, 42.2100132 ], [ -1.7101233, 42.2099891 ], [ -1.7102392, 42.2099837 ], [ -1.7103677, 42.2099885 ], [ -1.7104504, 42.2100051 ], [ -1.7105546, 42.2100386 ], [ -1.7106664, 42.2100414 ], [ -1.7107051, 42.2100306 ], [ -1.7108386, 42.2099738 ], [ -1.7109177, 42.2099584 ], [ -1.7109738, 42.209962 ], [ -1.7110961, 42.2099833 ], [ -1.7112171, 42.2100003 ], [ -1.7113837, 42.2100209 ], [ -1.7114325, 42.2100249 ], [ -1.7114907, 42.2100275 ], [ -1.7115513, 42.2100194 ], [ -1.7116511, 42.2100031 ], [ -1.711825, 42.2099647 ], [ -1.711977, 42.2099377 ], [ -1.7120752, 42.2099293 ], [ -1.712194, 42.2099254 ], [ -1.71232, 42.2099425 ], [ -1.7124634, 42.2099793 ], [ -1.7130688, 42.210123 ], [ -1.7132466, 42.2101844 ], [ -1.7134047, 42.2102173 ], [ -1.7135968, 42.210243 ], [ -1.7137902, 42.2103 ], [ -1.7139062, 42.210341 ], [ -1.7139894, 42.2103716 ], [ -1.7140715, 42.2103881 ], [ -1.7141499, 42.2103903 ], [ -1.7142139, 42.2103848 ], [ -1.714291, 42.2103564 ], [ -1.7143965, 42.2103033 ], [ -1.7144571, 42.2103099 ], [ -1.7145573, 42.2103696 ], [ -1.7146362, 42.2104305 ], [ -1.714713, 42.2104948 ], [ -1.7147833, 42.2105753 ], [ -1.7148256, 42.2106276 ], [ -1.7148631, 42.2106641 ], [ -1.7149303, 42.2107171 ], [ -1.7150187, 42.2107555 ], [ -1.7150869, 42.2107804 ], [ -1.715185, 42.2108112 ], [ -1.7157542, 42.2109742 ], [ -1.7160408, 42.2110698 ], [ -1.7162183, 42.2111327 ], [ -1.716333, 42.2111608 ], [ -1.7164141, 42.2111631 ], [ -1.7164657, 42.2111464 ], [ -1.7165334, 42.2111174 ], [ -1.716625, 42.2110677 ], [ -1.7167147, 42.2110578 ], [ -1.7167756, 42.2110759 ], [ -1.7168603, 42.2111304 ], [ -1.7169407, 42.2111992 ], [ -1.7172501, 42.211411 ], [ -1.7172999, 42.2114363 ], [ -1.7176296, 42.211552 ], [ -1.7177347, 42.2115969 ], [ -1.7178272, 42.2116504 ], [ -1.7179152, 42.2117129 ], [ -1.7179865, 42.2117505 ], [ -1.7181047, 42.2118073 ], [ -1.7181695, 42.2118562 ], [ -1.7182308, 42.2119547 ], [ -1.7182835, 42.2119922 ], [ -1.7183686, 42.2120196 ], [ -1.7184383, 42.2120243 ], [ -1.7185351, 42.2120385 ], [ -1.7186092, 42.2120603 ], [ -1.7187256, 42.2121166 ], [ -1.7188284, 42.212154 ], [ -1.7189503, 42.2121684 ], [ -1.7190917, 42.2121729 ], [ -1.719256, 42.212187 ], [ -1.7193812, 42.2122022 ], [ -1.7195488, 42.2122344 ], [ -1.7196858, 42.2122599 ], [ -1.7198057, 42.2122619 ], [ -1.7199287, 42.2122459 ], [ -1.720076, 42.2122193 ], [ -1.7201661, 42.2121906 ], [ -1.720293, 42.2121747 ], [ -1.7203778, 42.2121698 ], [ -1.7205393, 42.2121753 ], [ -1.7206789, 42.2122029 ], [ -1.7207634, 42.2122364 ], [ -1.7208223, 42.2122342 ], [ -1.7208776, 42.212173 ], [ -1.7209499, 42.2121077 ], [ -1.7210056, 42.2120754 ], [ -1.7210597, 42.2120485 ], [ -1.7211514, 42.2120387 ], [ -1.721259, 42.2120395 ], [ -1.7213194, 42.2120672 ], [ -1.7213576, 42.2120924 ], [ -1.7214037, 42.2121241 ], [ -1.7214597, 42.21215 ], [ -1.7214974, 42.2121599 ], [ -1.7215423, 42.2121582 ], [ -1.7215747, 42.2121438 ], [ -1.7216153, 42.2121061 ], [ -1.7216599, 42.2120699 ], [ -1.7217092, 42.2120377 ], [ -1.7217885, 42.2120255 ], [ -1.7218483, 42.212032 ], [ -1.7218796, 42.2120425 ], [ -1.7219319, 42.212073 ], [ -1.7220337, 42.2121494 ], [ -1.722096, 42.2121908 ], [ -1.7221781, 42.2122478 ], [ -1.7222351, 42.2122776 ], [ -1.7223276, 42.2123059 ], [ -1.7223725, 42.2123231 ], [ -1.7224083, 42.2123301 ], [ -1.7225089, 42.2123444 ], [ -1.7226047, 42.2123619 ], [ -1.7226602, 42.2123785 ], [ -1.7227049, 42.2124125 ], [ -1.722905, 42.2126157 ], [ -1.7230234, 42.212738 ], [ -1.7232279, 42.2129052 ], [ -1.7233194, 42.2129873 ], [ -1.7233747, 42.2130337 ], [ -1.7234346, 42.2131027 ], [ -1.7234979, 42.2131631 ], [ -1.7236047, 42.2132392 ], [ -1.7236468, 42.2132705 ], [ -1.7237173, 42.213299 ], [ -1.7240359, 42.213411 ], [ -1.724396, 42.2135529 ], [ -1.7247873, 42.213747 ], [ -1.7248998, 42.213781 ], [ -1.7250824, 42.2138095 ], [ -1.7251513, 42.2138269 ], [ -1.7252328, 42.2138551 ], [ -1.725325, 42.2138945 ], [ -1.7254343, 42.2139527 ], [ -1.725583, 42.2140411 ], [ -1.7256917, 42.2141142 ], [ -1.7257577, 42.2141734 ], [ -1.7258066, 42.2142326 ], [ -1.7258379, 42.2142678 ], [ -1.7258568, 42.2142582 ], [ -1.7261405, 42.212857 ], [ -1.7275182, 42.2121481 ], [ -1.7275486, 42.2121151 ], [ -1.7277803, 42.2122147 ], [ -1.7280821, 42.2124431 ], [ -1.7282666, 42.2125422 ], [ -1.7284366, 42.2125973 ], [ -1.728661, 42.2126639 ], [ -1.7288504, 42.2127301 ], [ -1.7292584, 42.2129455 ], [ -1.7300075, 42.2133522 ], [ -1.7303058, 42.2135112 ], [ -1.7305993, 42.213631 ], [ -1.7310528, 42.2138155 ], [ -1.7314526, 42.2139503 ], [ -1.7317951, 42.2140752 ], [ -1.73219, 42.2142422 ], [ -1.7325562, 42.2143746 ], [ -1.7329743, 42.2145033 ], [ -1.7332573, 42.2145878 ], [ -1.7336423, 42.2146891 ], [ -1.7339275, 42.2147508 ], [ -1.7342674, 42.2147774 ], [ -1.7345593, 42.2148384 ], [ -1.7349486, 42.2149362 ], [ -1.7353772, 42.2150306 ], [ -1.7357354, 42.2150846 ], [ -1.7361601, 42.2151018 ], [ -1.7366726, 42.21509 ], [ -1.737115, 42.214984 ], [ -1.7376819, 42.2148768 ], [ -1.7385353, 42.2146144 ], [ -1.7387777, 42.2145213 ], [ -1.7393079, 42.2142328 ], [ -1.739556, 42.2140603 ], [ -1.7396739, 42.2139782 ], [ -1.7398294, 42.2139339 ], [ -1.7400592, 42.213699 ], [ -1.7404286, 42.2132854 ], [ -1.7405505, 42.2130016 ], [ -1.7407137, 42.2127567 ], [ -1.7408688, 42.2125154 ], [ -1.7410039, 42.2122187 ], [ -1.7411605, 42.2119641 ], [ -1.7663797, 42.2212177 ], [ -1.7663801, 42.2212179 ], [ -1.7673909, 42.2157086 ], [ -1.7682343, 42.2150922 ], [ -1.769541, 42.2142914 ], [ -1.769714, 42.2140563 ], [ -1.7726951, 42.2144296 ], [ -1.7740434, 42.215218 ], [ -1.7744558, 42.2160142 ], [ -1.7757866, 42.2179054 ], [ -1.7774611, 42.2202061 ], [ -1.7785443, 42.2215649 ], [ -1.780292, 42.2242447 ], [ -1.7810115, 42.2244193 ], [ -1.7823719, 42.2246312 ], [ -1.7857907, 42.2251545 ], [ -1.7879898, 42.2251864 ], [ -1.7885665, 42.2248909 ], [ -1.790219, 42.2236433 ], [ -1.7904192, 42.2232885 ], [ -1.7907016, 42.2230695 ], [ -1.7909117, 42.2229954 ], [ -1.7909443, 42.2229865 ], [ -1.7910143, 42.2229664 ], [ -1.7911161, 42.2229376 ], [ -1.7912183, 42.2229322 ], [ -1.7915972, 42.2229271 ], [ -1.7920586, 42.2229077 ], [ -1.7924374, 42.222851 ], [ -1.7928044, 42.2227942 ], [ -1.7931608, 42.222769 ], [ -1.7934054, 42.2227676 ], [ -1.7934717, 42.2227647 ], [ -1.793668, 42.2227575 ], [ -1.7939766, 42.2227112 ], [ -1.7940786, 42.2226597 ], [ -1.794386, 42.2225811 ], [ -1.7945059, 42.222575 ], [ -1.7946612, 42.2225732 ], [ -1.7949279, 42.2225728 ], [ -1.7949315, 42.2225815 ], [ -1.7951731, 42.2227169 ], [ -1.7986776, 42.2227314 ], [ -1.7990909, 42.2228267 ], [ -1.8007805, 42.2227609 ], [ -1.8033198, 42.2239224 ], [ -1.8046635, 42.2253057 ], [ -1.8066625, 42.2274523 ], [ -1.8069211, 42.2278357 ], [ -1.807315, 42.2277639 ], [ -1.8079819, 42.227674 ], [ -1.8090014, 42.2276191 ], [ -1.8102204, 42.2276579 ], [ -1.8116124, 42.2276538 ], [ -1.8132042, 42.2276921 ], [ -1.8142534, 42.2278247 ], [ -1.8151778, 42.2281223 ], [ -1.8160958, 42.228552 ], [ -1.8169986, 42.2289838 ], [ -1.8177062, 42.2293994 ], [ -1.8192633, 42.2304691 ], [ -1.8196558, 42.2311274 ], [ -1.8199552, 42.2320041 ], [ -1.8202975, 42.2329288 ], [ -1.8205879, 42.2338612 ], [ -1.8207444, 42.2346751 ], [ -1.8206891, 42.2352124 ], [ -1.8205005, 42.237267 ], [ -1.8204097, 42.2400468 ], [ -1.8198194, 42.2435163 ], [ -1.8192226, 42.245178 ], [ -1.818379, 42.2464678 ], [ -1.8182569, 42.2469197 ], [ -1.8186116, 42.2480491 ], [ -1.8192187, 42.2486408 ], [ -1.8198068, 42.248953 ], [ -1.8205904, 42.2491863 ], [ -1.8225334, 42.2489991 ], [ -1.8233373, 42.2487912 ], [ -1.8239983, 42.2484467 ], [ -1.8241768, 42.2479712 ], [ -1.8244658, 42.2461189 ], [ -1.8249857, 42.2455389 ], [ -1.8262016, 42.2446777 ], [ -1.8270943, 42.2442546 ], [ -1.8278983, 42.2440377 ], [ -1.8289538, 42.2439854 ], [ -1.8297267, 42.2441374 ], [ -1.830448, 42.24446 ], [ -1.8312372, 42.2450444 ], [ -1.8320685, 42.2459715 ], [ -1.8330516, 42.2472153 ], [ -1.834434, 42.2484992 ], [ -1.8391505, 42.2510778 ], [ -1.840055, 42.2513301 ], [ -1.8410531, 42.2517725 ], [ -1.8432802, 42.253281 ], [ -1.8455689, 42.254745 ], [ -1.8461181, 42.2552099 ], [ -1.8469257, 42.2567941 ], [ -1.8477177, 42.2579008 ], [ -1.8483253, 42.2584923 ], [ -1.8489358, 42.2589217 ], [ -1.8497905, 42.2592545 ], [ -1.8505643, 42.2593703 ], [ -1.8514497, 42.2593522 ], [ -1.852109, 42.2590976 ], [ -1.8528218, 42.2585644 ], [ -1.8532318, 42.2580191 ], [ -1.8534752, 42.2573011 ], [ -1.8535595, 42.2566625 ], [ -1.8533057, 42.255282 ], [ -1.8530136, 42.2546757 ], [ -1.8528834, 42.2538368 ], [ -1.8529122, 42.2529185 ], [ -1.8531082, 42.2521369 ], [ -1.8535081, 42.2514745 ], [ -1.8541896, 42.2506617 ], [ -1.8551216, 42.2500676 ], [ -1.8557595, 42.2496507 ], [ -1.8574855, 42.2500642 ], [ -1.8606717, 42.2508434 ], [ -1.8681129, 42.2516197 ], [ -1.8705179, 42.2520307 ], [ -1.8715309, 42.2523288 ], [ -1.8722764, 42.2526694 ], [ -1.8726834, 42.2529616 ], [ -1.873329, 42.2534633 ], [ -1.874342, 42.2544459 ], [ -1.8753369, 42.2557616 ], [ -1.8758408, 42.2567392 ], [ -1.8761647, 42.2576159 ], [ -1.8762965, 42.2583828 ], [ -1.8762008, 42.2589942 ], [ -1.8758022, 42.2595937 ], [ -1.8733704, 42.2620285 ], [ -1.8716382, 42.2639748 ], [ -1.8712403, 42.2645292 ], [ -1.8707613, 42.2648758 ], [ -1.8697952, 42.2653346 ], [ -1.8691697, 42.2657337 ], [ -1.868834, 42.2661987 ], [ -1.8680168, 42.2684961 ], [ -1.8673968, 42.26994 ], [ -1.8665645, 42.2730749 ], [ -1.8662074, 42.2754039 ], [ -1.8663298, 42.2760175 ], [ -1.8666106, 42.2765877 ], [ -1.868664, 42.2790757 ], [ -1.8691578, 42.2799451 ], [ -1.8697649, 42.281266 ], [ -1.869782, 42.2816624 ], [ -1.8695481, 42.2825337 ], [ -1.8689241, 42.2841937 ], [ -1.8690183, 42.2850322 ], [ -1.8695203, 42.2868023 ], [ -1.8700666, 42.2881316 ], [ -1.8706581, 42.288966 ], [ -1.8712551, 42.2894942 ], [ -1.8720011, 42.2898348 ], [ -1.8728712, 42.2900144 ], [ -1.8737941, 42.2899605 ], [ -1.8747325, 42.2897085 ], [ -1.877713, 42.2878555 ], [ -1.8796794, 42.2870912 ], [ -1.8804333, 42.2869815 ], [ -1.8809423, 42.2870045 ], [ -1.8843611, 42.2877853 ], [ -1.8941248, 42.2905818 ], [ -1.8953061, 42.2910075 ], [ -1.8963292, 42.2914587 ], [ -1.9024585, 42.2947417 ], [ -1.9071934, 42.2966152 ], [ -1.9092036, 42.297526 ], [ -1.9111391, 42.298544 ], [ -1.9138175, 42.3001095 ], [ -1.9142956, 42.3005283 ], [ -1.9146161, 42.3009366 ], [ -1.914646, 42.3013151 ], [ -1.9141999, 42.3018603 ], [ -1.9134751, 42.3023848 ], [ -1.9091427, 42.3045591 ], [ -1.9081978, 42.3051805 ], [ -1.9076419, 42.3057516 ], [ -1.9073273, 42.306406 ], [ -1.906975, 42.3078346 ], [ -1.907061, 42.3084749 ], [ -1.9072555, 42.3091522 ], [ -1.9083515, 42.3103244 ], [ -1.9093326, 42.3111263 ], [ -1.910102, 42.3115389 ], [ -1.9110292, 42.311953 ], [ -1.9122594, 42.3123879 ], [ -1.914813, 42.3127724 ], [ -1.9155729, 42.3130407 ], [ -1.9162584, 42.3133985 ], [ -1.9170369, 42.3139912 ], [ -1.9184081, 42.3154091 ], [ -1.9189658, 42.3161439 ], [ -1.9193758, 42.3170033 ], [ -1.919559, 42.3176444 ], [ -1.9195227, 42.3183466 ], [ -1.9193164, 42.3190561 ], [ -1.9188138, 42.32006 ], [ -1.9173216, 42.3221534 ], [ -1.9165447, 42.323578 ], [ -1.9164589, 42.3243337 ], [ -1.9164986, 42.3248474 ], [ -1.9169021, 42.3253825 ], [ -1.9185134, 42.3269648 ], [ -1.9191513, 42.327277 ], [ -1.9199623, 42.3274017 ], [ -1.920642, 42.3273991 ], [ -1.9224068, 42.3271096 ], [ -1.9240436, 42.3264945 ], [ -1.9257617, 42.3253849 ], [ -1.9273758, 42.323959 ], [ -1.9287756, 42.3229995 ], [ -1.9294977, 42.322646 ], [ -1.9301937, 42.3223913 ], [ -1.9309486, 42.3222453 ], [ -1.93152, 42.3221876 ], [ -1.9320883, 42.3223099 ], [ -1.9326904, 42.3225857 ], [ -1.9342165, 42.324203 ], [ -1.9365806, 42.327233 ], [ -1.9383482, 42.3303744 ], [ -1.9407969, 42.3334501 ], [ -1.9408955, 42.3340814 ], [ -1.9413115, 42.3346076 ], [ -1.9422851, 42.335184 ], [ -1.9427561, 42.3353234 ], [ -1.9436293, 42.3353675 ], [ -1.9441275, 42.3353361 ], [ -1.9456271, 42.3349446 ], [ -1.9476586, 42.3346841 ], [ -1.9488454, 42.3348481 ], [ -1.9526898, 42.3357839 ], [ -1.9535139, 42.3358634 ], [ -1.9544243, 42.3358628 ], [ -1.9569657, 42.3355977 ], [ -1.9588699, 42.3349576 ], [ -1.9597504, 42.3345603 ], [ -1.9616175, 42.3339559 ], [ -1.9624824, 42.3337656 ], [ -1.9631391, 42.3336905 ], [ -1.9640005, 42.3337163 ], [ -1.9645207, 42.33382 ], [ -1.9657492, 42.3344075 ], [ -1.9665872, 42.3351175 ], [ -1.9687974, 42.3380283 ], [ -1.9688113, 42.3386589 ], [ -1.9686102, 42.3390804 ], [ -1.9681397, 42.3396435 ], [ -1.9672892, 42.3404283 ], [ -1.9650531, 42.3420563 ], [ -1.9647198, 42.3423955 ], [ -1.9646291, 42.3427459 ], [ -1.964709, 42.3430528 ], [ -1.9650668, 42.3434433 ], [ -1.9684338, 42.3461484 ], [ -1.9696265, 42.3467175 ], [ -1.9698859, 42.3471881 ], [ -1.9700006, 42.3475944 ], [ -1.970092, 42.3479465 ], [ -1.9700957, 42.3484599 ], [ -1.9699446, 42.3487917 ], [ -1.9696094, 42.349248 ], [ -1.968517, 42.3499677 ], [ -1.9682162, 42.3505413 ], [ -1.9682229, 42.3508746 ], [ -1.9688409, 42.3516907 ], [ -1.9695926, 42.352499 ], [ -1.9710581, 42.3534668 ], [ -1.9721232, 42.3536745 ], [ -1.9728034, 42.3536626 ], [ -1.9732909, 42.3535499 ], [ -1.9738325, 42.3530954 ], [ -1.9759835, 42.3507371 ], [ -1.976598, 42.3502833 ], [ -1.9772832, 42.3499562 ], [ -1.9780136, 42.3498366 ], [ -1.9786441, 42.3498873 ], [ -1.9796166, 42.3505624 ], [ -1.9799009, 42.3510062 ], [ -1.9803457, 42.3520278 ], [ -1.9806374, 42.3535074 ], [ -1.9805392, 42.3543261 ], [ -1.9807028, 42.3547238 ], [ -1.9814421, 42.3555589 ], [ -1.9829396, 42.356815 ], [ -1.9843141, 42.3574216 ], [ -1.9849421, 42.3576343 ], [ -1.9866236, 42.3580274 ], [ -1.989052, 42.3587964 ], [ -1.990259, 42.3592483 ], [ -1.9912098, 42.359779 ], [ -1.9922062, 42.3604993 ], [ -1.9939187, 42.3620003 ], [ -1.994406, 42.362662 ], [ -1.9950151, 42.3633068 ], [ -1.9955203, 42.3636084 ], [ -1.9966328, 42.3639063 ], [ -1.9973872, 42.3638139 ], [ -1.9990324, 42.36345 ], [ -1.9996549, 42.3632483 ], [ -2.0032806, 42.3612806 ], [ -2.0044894, 42.3608678 ], [ -2.005438, 42.360777 ], [ -2.0060565, 42.3608274 ], [ -2.0066005, 42.3609852 ], [ -2.0085105, 42.3623076 ], [ -2.0090582, 42.3629968 ], [ -2.01052, 42.3665758 ], [ -2.0109567, 42.3673811 ], [ -2.0113982, 42.3678802 ], [ -2.0124925, 42.3685741 ], [ -2.0135542, 42.3690245 ], [ -2.0142793, 42.3692559 ], [ -2.0148492, 42.3693148 ], [ -2.0160153, 42.3692979 ], [ -2.0178912, 42.3689447 ], [ -2.0195135, 42.3684903 ], [ -2.0208561, 42.3680605 ], [ -2.0217478, 42.3677349 ], [ -2.0232425, 42.3668921 ], [ -2.0240745, 42.3657104 ], [ -2.0245623, 42.364796 ], [ -2.0258748, 42.3639516 ], [ -2.0274178, 42.3631181 ], [ -2.028503, 42.3628301 ], [ -2.0289432, 42.3626357 ], [ -2.0297182, 42.3627774 ], [ -2.0313323, 42.3628451 ], [ -2.0327427, 42.3627309 ], [ -2.0344388, 42.3622049 ], [ -2.0382394, 42.3606338 ], [ -2.0410445, 42.3598378 ], [ -2.0455983, 42.3590293 ], [ -2.0458841, 42.3561948 ], [ -2.0517513, 42.3511912 ], [ -2.0535107, 42.3504583 ], [ -2.0540997, 42.3500489 ], [ -2.0547955, 42.3497934 ], [ -2.0553099, 42.3495005 ], [ -2.0596151, 42.348203 ], [ -2.0609919, 42.3478721 ], [ -2.0617851, 42.3475994 ], [ -2.0650867, 42.3460144 ], [ -2.0699822, 42.3425239 ], [ -2.0735513, 42.3433543 ], [ -2.0759625, 42.343671 ], [ -2.0766497, 42.3440008 ], [ -2.0774599, 42.3442145 ], [ -2.080152, 42.3444252 ], [ -2.0814726, 42.344607 ], [ -2.0840018, 42.3451676 ], [ -2.0850643, 42.3455723 ], [ -2.0874118, 42.3461044 ], [ -2.0893922, 42.3468407 ], [ -2.089961, 42.3469713 ], [ -2.089488, 42.3486156 ], [ -2.0894318, 42.3491465 ], [ -2.0896505, 42.3508143 ], [ -2.0896698, 42.3520033 ], [ -2.0900565, 42.3538075 ], [ -2.0900323, 42.3554824 ], [ -2.08965, 42.3567312 ], [ -2.0889527, 42.3579325 ], [ -2.0879505, 42.3592213 ], [ -2.0873824, 42.3598743 ], [ -2.0858939, 42.3611953 ], [ -2.0836843, 42.3628347 ], [ -2.0823722, 42.3637067 ], [ -2.0815764, 42.3641507 ], [ -2.0789798, 42.3664893 ], [ -2.0786401, 42.3681257 ], [ -2.0787331, 42.3684056 ], [ -2.0789709, 42.3687588 ], [ -2.0795119, 42.3691324 ], [ -2.0897764, 42.3748791 ], [ -2.0915292, 42.3754604 ], [ -2.0928115, 42.3758218 ], [ -2.0918697, 42.3771202 ], [ -2.0914573, 42.3779185 ], [ -2.0883819, 42.3822709 ], [ -2.0875485, 42.3836241 ], [ -2.0891201, 42.3849875 ], [ -2.0900264, 42.385319 ], [ -2.0918725, 42.3861892 ], [ -2.0929496, 42.3864769 ], [ -2.0935864, 42.3869683 ], [ -2.0959762, 42.3880499 ], [ -2.0980269, 42.3882191 ], [ -2.0984025, 42.3882941 ], [ -2.0993151, 42.3890398 ], [ -2.1004774, 42.3893191 ], [ -2.1046693, 42.390991 ], [ -2.1062203, 42.3921379 ], [ -2.1077343, 42.3924649 ], [ -2.1090857, 42.3931239 ], [ -2.1094251, 42.3931805 ], [ -2.1099191, 42.3934726 ], [ -2.1103152, 42.3938179 ], [ -2.1106815, 42.3945502 ], [ -2.1108221, 42.3957761 ], [ -2.1109771, 42.3959844 ], [ -2.1121588, 42.396624 ], [ -2.1131036, 42.397694 ], [ -2.1133698, 42.3977771 ], [ -2.1151193, 42.3986552 ], [ -2.1155142, 42.3990815 ], [ -2.1156174, 42.3995236 ], [ -2.1155747, 42.3999646 ], [ -2.1151996, 42.4007182 ], [ -2.1146422, 42.4014703 ], [ -2.113535, 42.403299 ], [ -2.1126475, 42.4041927 ], [ -2.1125193, 42.404669 ], [ -2.1123704, 42.404884 ], [ -2.1121618, 42.4050264 ], [ -2.1116455, 42.4071658 ], [ -2.111066, 42.4077557 ], [ -2.1104786, 42.4080483 ], [ -2.1080152, 42.4112262 ], [ -2.1062415, 42.413743 ], [ -2.1056375, 42.4143417 ], [ -2.10508, 42.4159404 ], [ -2.1066484, 42.4167542 ], [ -2.1073812, 42.4173633 ], [ -2.1112518, 42.4195548 ], [ -2.1119025, 42.4199561 ], [ -2.1122773, 42.4200941 ], [ -2.1130818, 42.4199382 ], [ -2.1136104, 42.41951 ], [ -2.1142823, 42.4192721 ], [ -2.1164221, 42.4192346 ], [ -2.1197221, 42.4196652 ], [ -2.1216246, 42.4200851 ], [ -2.1232989, 42.4203051 ], [ -2.1248286, 42.4204339 ], [ -2.1259104, 42.4204331 ], [ -2.1270057, 42.4203334 ], [ -2.1278257, 42.4190518 ], [ -2.1310593, 42.419905 ], [ -2.1329742, 42.4211893 ], [ -2.1352562, 42.4214137 ], [ -2.1358882, 42.4214185 ], [ -2.1367544, 42.4211909 ], [ -2.137305, 42.4209248 ], [ -2.1377979, 42.4204332 ], [ -2.1396802, 42.4205645 ], [ -2.1409519, 42.4200067 ], [ -2.1422829, 42.4195574 ], [ -2.1447282, 42.418504 ], [ -2.1461402, 42.4174518 ], [ -2.1469277, 42.4167462 ], [ -2.1479942, 42.4160697 ], [ -2.1482966, 42.4161801 ], [ -2.1486693, 42.41648 ], [ -2.1488481, 42.4167425 ], [ -2.1496667, 42.4182256 ], [ -2.1500398, 42.4184985 ], [ -2.1509983, 42.4186227 ], [ -2.1517761, 42.4186285 ], [ -2.153264, 42.4182522 ], [ -2.1542658, 42.4178724 ], [ -2.155245, 42.4173663 ], [ -2.156092, 42.4167421 ], [ -2.1563017, 42.4165095 ], [ -2.1567204, 42.4161074 ], [ -2.1570917, 42.4156058 ], [ -2.1575679, 42.4145376 ], [ -2.1576362, 42.4139707 ], [ -2.1573561, 42.4131041 ], [ -2.1572429, 42.4124819 ], [ -2.1573131, 42.4117799 ], [ -2.1575526, 42.4111423 ], [ -2.1578386, 42.4106581 ], [ -2.1584037, 42.4102029 ], [ -2.159836, 42.4094209 ], [ -2.1606791, 42.4090849 ], [ -2.1628497, 42.4085244 ], [ -2.1648839, 42.4081701 ], [ -2.1665873, 42.4080114 ], [ -2.1675477, 42.4079913 ], [ -2.1703904, 42.408066 ], [ -2.1743074, 42.4077701 ], [ -2.1750366, 42.4077664 ], [ -2.1764544, 42.4080738 ], [ -2.1769863, 42.4082848 ], [ -2.177517, 42.4085948 ], [ -2.1787198, 42.409549 ], [ -2.1793552, 42.41022 ], [ -2.1813316, 42.4133682 ], [ -2.181759, 42.4150824 ], [ -2.1818693, 42.4159477 ], [ -2.1821065, 42.4163997 ], [ -2.1824425, 42.4167263 ], [ -2.1826935, 42.4170523 ], [ -2.1831747, 42.417434 ], [ -2.1845988, 42.4182187 ], [ -2.1855297, 42.4186035 ], [ -2.186111, 42.4187698 ], [ -2.1867058, 42.418828 ], [ -2.1875208, 42.4187798 ], [ -2.1893623, 42.4183065 ], [ -2.1906053, 42.4180541 ], [ -2.1914209, 42.4179608 ], [ -2.1921615, 42.4180291 ], [ -2.1932746, 42.4184242 ], [ -2.1945509, 42.4193697 ], [ -2.1949983, 42.419553 ], [ -2.195326, 42.4195913 ], [ -2.1989045, 42.4192021 ], [ -2.2010059, 42.4183613 ], [ -2.2021748, 42.4172437 ], [ -2.2028619, 42.4167351 ], [ -2.2040763, 42.415852 ], [ -2.2049939, 42.4153811 ], [ -2.2061416, 42.4149657 ], [ -2.2075544, 42.4147324 ], [ -2.2087221, 42.4146594 ], [ -2.2108657, 42.4147607 ], [ -2.211658, 42.4148662 ], [ -2.2124083, 42.4151235 ], [ -2.2128219, 42.4150993 ], [ -2.212732, 42.4154859 ], [ -2.2165055, 42.4159981 ], [ -2.2127298, 42.4195458 ], [ -2.2121468, 42.4195076 ], [ -2.2120652, 42.4202005 ], [ -2.2120751, 42.4213533 ], [ -2.2124017, 42.4214816 ], [ -2.2130165, 42.4218911 ], [ -2.2138453, 42.4226803 ], [ -2.2148531, 42.4227683 ], [ -2.2157561, 42.4234679 ], [ -2.2159355, 42.4237033 ], [ -2.2163699, 42.4239584 ], [ -2.218293, 42.4247371 ], [ -2.2192729, 42.425113 ], [ -2.2208474, 42.425583 ], [ -2.2230956, 42.4256343 ], [ -2.2266268, 42.4251448 ], [ -2.227405, 42.4251321 ], [ -2.2296737, 42.4254896 ], [ -2.2313733, 42.4256721 ], [ -2.2325137, 42.4258598 ], [ -2.2337141, 42.426111 ], [ -2.2349657, 42.4261464 ], [ -2.2356546, 42.4294832 ], [ -2.2356211, 42.4312391 ], [ -2.2354822, 42.4336608 ], [ -2.2357602, 42.435797 ], [ -2.2360701, 42.4373121 ], [ -2.2367329, 42.4377938 ], [ -2.2373932, 42.4394913 ], [ -2.2380287, 42.440225 ], [ -2.2388592, 42.440924 ], [ -2.240964, 42.4418296 ], [ -2.2422, 42.44218 ], [ -2.2432913, 42.4424303 ], [ -2.2459075, 42.4432761 ], [ -2.2481453, 42.4442544 ], [ -2.2513649, 42.4455003 ], [ -2.2542117, 42.4464105 ], [ -2.2553837, 42.4470395 ], [ -2.2579284, 42.4478035 ], [ -2.2590432, 42.4481349 ], [ -2.2601328, 42.4485472 ], [ -2.2625906, 42.4494636 ], [ -2.2641569, 42.4496718 ], [ -2.2652663, 42.4494268 ], [ -2.2670992, 42.4476283 ], [ -2.2680122, 42.4464994 ], [ -2.2686745, 42.4460173 ], [ -2.2694077, 42.4457068 ], [ -2.2710053, 42.4453027 ], [ -2.2724776, 42.445222 ], [ -2.2743567, 42.4457112 ], [ -2.2763885, 42.4466697 ], [ -2.2768096, 42.4470596 ], [ -2.2777292, 42.4485153 ], [ -2.2778264, 42.4506413 ], [ -2.2779414, 42.4512184 ], [ -2.2780133, 42.4523717 ], [ -2.2779215, 42.4529475 ], [ -2.2780244, 42.4535245 ], [ -2.2781391, 42.4541196 ], [ -2.2787698, 42.4553303 ], [ -2.2802267, 42.4566093 ], [ -2.2814626, 42.4570133 ], [ -2.2829405, 42.4575269 ], [ -2.2851113, 42.4591435 ], [ -2.2860173, 42.4596895 ], [ -2.2865592, 42.4601702 ], [ -2.2872246, 42.4604806 ], [ -2.2868577, 42.4615167 ], [ -2.2880124, 42.46736 ], [ -2.2891918, 42.4674124 ], [ -2.2905025, 42.4676727 ], [ -2.2914256, 42.4677955 ], [ -2.2936342, 42.4682684 ], [ -2.2945086, 42.4683909 ], [ -2.2953356, 42.468414 ], [ -2.2968835, 42.4681444 ], [ -2.2969198, 42.4649115 ], [ -2.2965824, 42.4646303 ], [ -2.2959218, 42.4638877 ], [ -2.2939154, 42.4605972 ], [ -2.2932167, 42.4599986 ], [ -2.2939909, 42.4593009 ], [ -2.294701, 42.458882 ], [ -2.2963073, 42.4577301 ], [ -2.2967347, 42.4575797 ], [ -2.297429, 42.4574849 ], [ -2.298719, 42.4574117 ], [ -2.2993741, 42.4575599 ], [ -2.3002586, 42.4578625 ], [ -2.3009119, 42.4581727 ], [ -2.3014674, 42.4585273 ], [ -2.3022182, 42.45882 ], [ -2.3029034, 42.4595447 ], [ -2.3045729, 42.4603474 ], [ -2.3068488, 42.4613158 ], [ -2.3078305, 42.4616279 ], [ -2.308801, 42.4618589 ], [ -2.3097852, 42.4619549 ], [ -2.3107824, 42.46197 ], [ -2.3142531, 42.4615856 ], [ -2.316838, 42.4621144 ], [ -2.3187135, 42.4630171 ], [ -2.3205736, 42.464217 ], [ -2.3220079, 42.4654322 ], [ -2.3227062, 42.4660938 ], [ -2.3234903, 42.4667018 ], [ -2.3258465, 42.4681567 ], [ -2.327483, 42.4686886 ], [ -2.3283689, 42.4688829 ], [ -2.3299876, 42.4688024 ], [ -2.3319782, 42.4680756 ], [ -2.3326277, 42.4676291 ], [ -2.3345173, 42.4661001 ], [ -2.3359867, 42.465181 ], [ -2.3363548, 42.464886 ], [ -2.3364553, 42.4645804 ], [ -2.3364105, 42.4642199 ], [ -2.3362562, 42.4638588 ], [ -2.3359209, 42.4633615 ], [ -2.3353197, 42.4627096 ], [ -2.3331753, 42.4607789 ], [ -2.3326751, 42.4597763 ], [ -2.3320047, 42.4587818 ], [ -2.3316114, 42.458023 ], [ -2.3314115, 42.4573824 ], [ -2.3313098, 42.4566614 ], [ -2.3313769, 42.4560764 ], [ -2.3318368, 42.4540078 ], [ -2.332401, 42.4535608 ], [ -2.333196, 42.4531422 ], [ -2.3346247, 42.4526011 ], [ -2.335039, 42.4525225 ], [ -2.3401351, 42.452471 ], [ -2.3407688, 42.4523485 ], [ -2.3442339, 42.4515362 ], [ -2.3467521, 42.4517725 ], [ -2.3480994, 42.4532931 ], [ -2.3483341, 42.45548 ], [ -2.3486711, 42.4571475 ], [ -2.3492144, 42.4581991 ], [ -2.3495178, 42.4591956 ], [ -2.3507331, 42.4613482 ], [ -2.3507422, 42.4637447 ], [ -2.3515435, 42.4648606 ], [ -2.3526075, 42.4656441 ], [ -2.3550847, 42.4662295 ], [ -2.3572404, 42.4671714 ], [ -2.3579848, 42.4670207 ], [ -2.3583621, 42.4668944 ], [ -2.3585473, 42.4666267 ], [ -2.3593452, 42.4657085 ], [ -2.3611245, 42.4627441 ], [ -2.3615321, 42.462448 ], [ -2.3630657, 42.4616909 ], [ -2.3636319, 42.461628 ], [ -2.3658737, 42.4619887 ], [ -2.3674814, 42.4624582 ], [ -2.3683929, 42.4628027 ], [ -2.3693146, 42.4633063 ], [ -2.3712641, 42.4646535 ], [ -2.3719816, 42.4651438 ], [ -2.3722363, 42.4655534 ], [ -2.3723259, 42.466368 ], [ -2.3720868, 42.4672584 ], [ -2.371512, 42.4686838 ], [ -2.3714551, 42.4697089 ], [ -2.371849, 42.4705827 ], [ -2.3719598, 42.470751 ], [ -2.3721799, 42.4709579 ], [ -2.3725623, 42.4711914 ], [ -2.3727857, 42.4713117 ], [ -2.373095, 42.4714238 ], [ -2.3740195, 42.4716959 ], [ -2.3748677, 42.4719475 ], [ -2.3751099, 42.472033 ], [ -2.3752623, 42.4721007 ], [ -2.3763968, 42.472734 ], [ -2.3766353, 42.4728243 ], [ -2.3771229, 42.4729476 ], [ -2.3773847, 42.4729904 ], [ -2.3777849, 42.4729869 ], [ -2.378621, 42.472878 ], [ -2.37893, 42.4727877 ], [ -2.3791791, 42.4726746 ], [ -2.3794231, 42.4725369 ], [ -2.3795985, 42.4724023 ], [ -2.3797131, 42.4722867 ], [ -2.3804872, 42.4713789 ], [ -2.380553, 42.4713431 ], [ -2.3808091, 42.4712908 ], [ -2.3831769, 42.4707025 ], [ -2.3851313, 42.4705153 ], [ -2.3866586, 42.4702232 ], [ -2.389021, 42.4702225 ], [ -2.3903311, 42.4706042 ], [ -2.3939362, 42.4726388 ], [ -2.3955949, 42.4729392 ], [ -2.3972514, 42.4729285 ], [ -2.3987873, 42.4725182 ], [ -2.4000087, 42.4714322 ], [ -2.4011195, 42.4725488 ], [ -2.4021023, 42.4738723 ], [ -2.4024113, 42.4744183 ], [ -2.4053533, 42.4779034 ], [ -2.4062687, 42.4790454 ], [ -2.4067923, 42.4796954 ], [ -2.4070622, 42.479893 ], [ -2.407479, 42.4803197 ], [ -2.4082165, 42.4812467 ], [ -2.4084227, 42.4816034 ], [ -2.4088119, 42.4820955 ], [ -2.4095369, 42.482514 ], [ -2.4099781, 42.4828333 ], [ -2.4104185, 42.4831927 ], [ -2.4107672, 42.4836086 ], [ -2.4113209, 42.4841407 ], [ -2.4119684, 42.4846732 ], [ -2.4122477, 42.4849924 ], [ -2.4124498, 42.4854121 ], [ -2.4128315, 42.4859612 ], [ -2.412923, 42.4864159 ], [ -2.4139104, 42.4884101 ], [ -2.4142747, 42.4889645 ], [ -2.4146813, 42.4895789 ], [ -2.4153048, 42.4903026 ], [ -2.415666, 42.4905385 ], [ -2.4205823, 42.4892343 ], [ -2.4239773, 42.4888174 ], [ -2.4258367, 42.4891975 ], [ -2.428253, 42.4896336 ], [ -2.4309843, 42.4896268 ], [ -2.4335568, 42.4896958 ], [ -2.4352968, 42.4896034 ], [ -2.4385082, 42.4891218 ], [ -2.4395214, 42.4910338 ], [ -2.4416052, 42.4921075 ], [ -2.4450693, 42.4936804 ], [ -2.4470127, 42.4954189 ], [ -2.4488046, 42.4968751 ], [ -2.4512749, 42.4964569 ], [ -2.4546855, 42.4957875 ], [ -2.4591584, 42.4949342 ], [ -2.4606711, 42.4946942 ], [ -2.4666707, 42.4937846 ], [ -2.4723336, 42.492591 ], [ -2.4742492, 42.4916961 ], [ -2.4741413, 42.4901051 ], [ -2.4751528, 42.4892246 ], [ -2.4759858, 42.4881592 ], [ -2.4766339, 42.4877579 ], [ -2.4770191, 42.4871883 ], [ -2.4774319, 42.4866366 ], [ -2.4799558, 42.487287 ], [ -2.4813507, 42.4876066 ], [ -2.4832458, 42.4877652 ], [ -2.4859713, 42.4877914 ], [ -2.487394, 42.48788 ], [ -2.4893731, 42.4881013 ], [ -2.4924225, 42.4883701 ], [ -2.4965212, 42.4886118 ], [ -2.4979639, 42.4887965 ], [ -2.5007687, 42.489215 ], [ -2.5035079, 42.4895473 ], [ -2.5052241, 42.4896468 ], [ -2.50772, 42.4896149 ], [ -2.5103946, 42.4899169 ], [ -2.5128477, 42.4899291 ], [ -2.514632, 42.4902317 ], [ -2.5157869, 42.4906774 ], [ -2.5167312, 42.4913104 ], [ -2.5171667, 42.4917403 ], [ -2.5175687, 42.4923445 ], [ -2.5181219, 42.4933013 ], [ -2.5184938, 42.4943799 ], [ -2.5189627, 42.4955918 ], [ -2.5190735, 42.4962148 ], [ -2.5188769, 42.4971828 ], [ -2.5186086, 42.4979131 ], [ -2.5178412, 42.4993027 ], [ -2.5175636, 42.499854 ], [ -2.5170203, 42.5005499 ], [ -2.5162546, 42.5012803 ], [ -2.5150772, 42.5019912 ], [ -2.5145333, 42.5021436 ], [ -2.5137728, 42.5021228 ], [ -2.5134676, 42.5021721 ], [ -2.5127262, 42.5024498 ], [ -2.5110708, 42.5033897 ], [ -2.5103838, 42.5039618 ], [ -2.5096875, 42.5047425 ], [ -2.5089172, 42.5076925 ], [ -2.5077146, 42.5098935 ], [ -2.5074338, 42.5106547 ], [ -2.5072066, 42.5109069 ], [ -2.5069543, 42.5110028 ], [ -2.5065699, 42.5110373 ], [ -2.5063153, 42.5110404 ], [ -2.5060535, 42.5110834 ], [ -2.5057925, 42.5112185 ], [ -2.5056775, 42.5113221 ], [ -2.505324, 42.5119622 ], [ -2.5052999, 42.5123378 ], [ -2.5054151, 42.5127058 ], [ -2.5057025, 42.5136239 ], [ -2.506082, 42.5147359 ], [ -2.5077109, 42.5167037 ], [ -2.5078572, 42.5169158 ], [ -2.5076164, 42.5187018 ], [ -2.5077656, 42.5190201 ], [ -2.5083831, 42.5194011 ], [ -2.5091572, 42.5197231 ], [ -2.5105874, 42.5199271 ], [ -2.5113708, 42.5197415 ], [ -2.5121207, 42.5194205 ], [ -2.5127937, 42.5190355 ], [ -2.5133313, 42.5186162 ], [ -2.5137987, 42.5180205 ], [ -2.5147447, 42.514912 ], [ -2.5157191, 42.5126188 ], [ -2.5166833, 42.5112115 ], [ -2.5182468, 42.5091377 ], [ -2.5202189, 42.5070565 ], [ -2.5219386, 42.5055882 ], [ -2.5246284, 42.5035099 ], [ -2.5265326, 42.5021706 ], [ -2.5292068, 42.5004862 ], [ -2.5315873, 42.4990622 ], [ -2.5345501, 42.4974474 ], [ -2.5356868, 42.4967766 ], [ -2.5370411, 42.4956151 ], [ -2.5374975, 42.495092 ], [ -2.5376537, 42.4947817 ], [ -2.5380152, 42.4939904 ], [ -2.5379338, 42.4930791 ], [ -2.5379093, 42.4925577 ], [ -2.5378794, 42.491818 ], [ -2.5379063, 42.491168 ], [ -2.5378862, 42.4906345 ], [ -2.5378171, 42.4901513 ], [ -2.5377177, 42.4897727 ], [ -2.5371807, 42.4890423 ], [ -2.5344432, 42.4875755 ], [ -2.532337, 42.4865792 ], [ -2.5305956, 42.4859848 ], [ -2.52961, 42.4854878 ], [ -2.5293414, 42.4851535 ], [ -2.5291275, 42.484761 ], [ -2.5291542, 42.4843564 ], [ -2.5294016, 42.4840463 ], [ -2.5306083, 42.4835672 ], [ -2.5323247, 42.4832427 ], [ -2.5347366, 42.4831817 ], [ -2.5373727, 42.4831734 ], [ -2.5389021, 42.4833783 ], [ -2.5400014, 42.483444 ], [ -2.5417285, 42.4835388 ], [ -2.5441323, 42.4837659 ], [ -2.5456315, 42.4838568 ], [ -2.5475003, 42.4839077 ], [ -2.5487974, 42.4839128 ], [ -2.5502777, 42.4838233 ], [ -2.5513431, 42.483741 ], [ -2.5523761, 42.4837044 ], [ -2.5534134, 42.4837575 ], [ -2.5539978, 42.4838669 ], [ -2.5556884, 42.484518 ], [ -2.5566839, 42.4851009 ], [ -2.5578703, 42.4857786 ], [ -2.5585079, 42.4862218 ], [ -2.5593371, 42.4868862 ], [ -2.5602063, 42.4876093 ], [ -2.5613473, 42.4887108 ], [ -2.5625411, 42.4898797 ], [ -2.5645198, 42.4917422 ], [ -2.5656455, 42.4927959 ], [ -2.5668789, 42.4937176 ], [ -2.5672692, 42.493919 ], [ -2.5677016, 42.4940656 ], [ -2.5680678, 42.4940994 ], [ -2.5684021, 42.4940751 ], [ -2.5688881, 42.4939607 ], [ -2.5699515, 42.4936657 ], [ -2.5709199, 42.4933893 ], [ -2.5717369, 42.4930966 ], [ -2.5727017, 42.4926664 ], [ -2.57312, 42.4923903 ], [ -2.5734623, 42.4920835 ], [ -2.5738404, 42.4916727 ], [ -2.574182, 42.4911262 ], [ -2.5744293, 42.4907943 ], [ -2.574807, 42.4900006 ], [ -2.5749469, 42.4896688 ], [ -2.5752158, 42.489331 ], [ -2.5755534, 42.4888214 ], [ -2.5758526, 42.4881046 ], [ -2.5759111, 42.4876311 ], [ -2.5756878, 42.4870081 ], [ -2.5756923, 42.4863313 ], [ -2.5757769, 42.4857276 ], [ -2.575981, 42.485303 ], [ -2.5763478, 42.4847712 ], [ -2.5768311, 42.483867 ], [ -2.5771686, 42.4832643 ], [ -2.5775914, 42.4829687 ], [ -2.5779111, 42.4828449 ], [ -2.5782141, 42.4828053 ], [ -2.5786925, 42.4827855 ], [ -2.5794048, 42.4828231 ], [ -2.5809515, 42.4829634 ], [ -2.5831486, 42.4831578 ], [ -2.5854862, 42.4833224 ], [ -2.5869616, 42.4834232 ], [ -2.5879259, 42.4835199 ], [ -2.5886047, 42.4835224 ], [ -2.589051, 42.4834675 ], [ -2.5895493, 42.4833502 ], [ -2.5902931, 42.483126 ], [ -2.5908628, 42.4828432 ], [ -2.5913611, 42.4825079 ], [ -2.5916789, 42.482294 ], [ -2.5922784, 42.481875 ], [ -2.5927365, 42.481492 ], [ -2.5930019, 42.4812273 ], [ -2.5931187, 42.480975 ], [ -2.5931693, 42.4806943 ], [ -2.5931153, 42.4800969 ], [ -2.5928014, 42.4793961 ], [ -2.5925131, 42.4790429 ], [ -2.5919147, 42.478595 ], [ -2.5910278, 42.4781538 ], [ -2.5896109, 42.4775262 ], [ -2.5888213, 42.4771455 ], [ -2.5881462, 42.4767922 ], [ -2.587546, 42.4764498 ], [ -2.5872454, 42.4761527 ], [ -2.5869194, 42.4757761 ], [ -2.5865766, 42.475144 ], [ -2.5864912, 42.4748367 ], [ -2.5865677, 42.474615 ], [ -2.5867304, 42.4744551 ], [ -2.5871781, 42.4741047 ], [ -2.5875216, 42.4738873 ], [ -2.58785, 42.4737575 ], [ -2.5889802, 42.473527 ], [ -2.5899996, 42.4732724 ], [ -2.5909786, 42.4730039 ], [ -2.5919366, 42.4726623 ], [ -2.592736, 42.4724889 ], [ -2.5935025, 42.4723608 ], [ -2.5942335, 42.4723634 ], [ -2.5949075, 42.4724528 ], [ -2.5957113, 42.4726424 ], [ -2.5965204, 42.4728444 ], [ -2.5970492, 42.4730069 ], [ -2.5980502, 42.4734467 ], [ -2.5986244, 42.4738212 ], [ -2.5992452, 42.4742784 ], [ -2.5997712, 42.4747849 ], [ -2.6003733, 42.4754628 ], [ -2.6008029, 42.4759351 ], [ -2.6012986, 42.4766472 ], [ -2.6016921, 42.4774274 ], [ -2.6019523, 42.4780141 ], [ -2.602235, 42.478778 ], [ -2.6023583, 42.4793321 ], [ -2.6024659, 42.4797378 ], [ -2.6024834, 42.4801739 ], [ -2.6024252, 42.4805814 ], [ -2.6022984, 42.4813794 ], [ -2.602189, 42.481899 ], [ -2.601967, 42.4825544 ], [ -2.6017455, 42.4831933 ], [ -2.6014037, 42.4838665 ], [ -2.6009096, 42.4845585 ], [ -2.6003404, 42.4854008 ], [ -2.5997179, 42.4863334 ], [ -2.5990649, 42.4872715 ], [ -2.5985984, 42.4879134 ], [ -2.5982475, 42.4883738 ], [ -2.5977654, 42.4887236 ], [ -2.5972078, 42.4889852 ], [ -2.5964652, 42.4892769 ], [ -2.595531, 42.4894561 ], [ -2.5947576, 42.4895074 ], [ -2.5939105, 42.4895549 ], [ -2.5935311, 42.4896368 ], [ -2.5931444, 42.4899179 ], [ -2.5929841, 42.4901162 ], [ -2.5927299, 42.490654 ], [ -2.5925373, 42.491104 ], [ -2.5923013, 42.4915803 ], [ -2.592248, 42.4919334 ], [ -2.5923551, 42.4922505 ], [ -2.5925411, 42.4925746 ], [ -2.5929378, 42.4930352 ], [ -2.5933251, 42.4935097 ], [ -2.5938604, 42.4940657 ], [ -2.5942562, 42.4944339 ], [ -2.5947421, 42.494819 ], [ -2.5953252, 42.4952601 ], [ -2.5957068, 42.495506 ], [ -2.596321, 42.4958027 ], [ -2.5974403, 42.4963691 ], [ -2.5981725, 42.4967802 ], [ -2.5988721, 42.4971877 ], [ -2.5995865, 42.4976693 ], [ -2.6000802, 42.4980519 ], [ -2.6005366, 42.4984965 ], [ -2.6009311, 42.4989091 ], [ -2.6012836, 42.4993215 ], [ -2.6017968, 42.4998262 ], [ -2.602131, 42.5001295 ], [ -2.6024724, 42.500352 ], [ -2.6030324, 42.5005696 ], [ -2.6034814, 42.5007924 ], [ -2.6038162, 42.5011331 ], [ -2.6040426, 42.5014695 ], [ -2.6041886, 42.5018785 ], [ -2.6042845, 42.5023248 ], [ -2.6042818, 42.5027513 ], [ -2.6043381, 42.5029216 ], [ -2.6045926, 42.5031779 ], [ -2.604953, 42.5033651 ], [ -2.6051524, 42.5034439 ], [ -2.6053612, 42.5034972 ], [ -2.6056463, 42.5034768 ], [ -2.6060372, 42.5033255 ], [ -2.6064031, 42.5030489 ], [ -2.606824, 42.5026835 ], [ -2.6075499, 42.5014867 ], [ -2.6081951, 42.500087 ], [ -2.6087579, 42.4987849 ], [ -2.6093669, 42.4969947 ], [ -2.6096251, 42.4962886 ], [ -2.6097228, 42.4961521 ], [ -2.6100348, 42.4960106 ], [ -2.6108424, 42.4958767 ], [ -2.6122743, 42.4955951 ], [ -2.613286, 42.4954818 ], [ -2.6148644, 42.4953912 ], [ -2.6157541, 42.4953699 ], [ -2.6164829, 42.4953972 ], [ -2.6170657, 42.4953881 ], [ -2.6179642, 42.495318 ], [ -2.6205637, 42.4951252 ], [ -2.6223255, 42.4951839 ], [ -2.6244802, 42.4953748 ], [ -2.6258073, 42.4956466 ], [ -2.6262268, 42.4957218 ], [ -2.6279057, 42.4958813 ], [ -2.6285818, 42.4958418 ], [ -2.6290146, 42.4957436 ], [ -2.6293422, 42.4954564 ], [ -2.6296209, 42.4950642 ], [ -2.6304793, 42.4938643 ], [ -2.6307596, 42.4932691 ], [ -2.6308348, 42.4928072 ], [ -2.630787, 42.4924797 ], [ -2.6305536, 42.4916722 ], [ -2.6304591, 42.491218 ], [ -2.6305182, 42.4909341 ], [ -2.630648, 42.4906243 ], [ -2.6310752, 42.4901912 ], [ -2.6319486, 42.4894078 ], [ -2.6331498, 42.4885338 ], [ -2.6340711, 42.4879036 ], [ -2.6353024, 42.4872768 ], [ -2.6369143, 42.4864241 ], [ -2.6379008, 42.4857039 ], [ -2.6382558, 42.4854147 ], [ -2.6386538, 42.4850606 ], [ -2.6390682, 42.4847557 ], [ -2.6394161, 42.484589 ], [ -2.6398886, 42.4844562 ], [ -2.6406189, 42.4842847 ], [ -2.6413646, 42.4841359 ], [ -2.6428469, 42.4837376 ], [ -2.6434459, 42.4835264 ], [ -2.644134, 42.4832207 ], [ -2.6446204, 42.4831033 ], [ -2.6451886, 42.4830073 ], [ -2.6457062, 42.4829876 ], [ -2.6461872, 42.4830166 ], [ -2.6466553, 42.4830989 ], [ -2.6473004, 42.4832543 ], [ -2.6477781, 42.4834208 ], [ -2.6481759, 42.4836608 ], [ -2.6485852, 42.4841175 ], [ -2.6490642, 42.4848165 ], [ -2.649371, 42.4854451 ], [ -2.6498237, 42.4863215 ], [ -2.6501329, 42.4870774 ], [ -2.6503723, 42.4877857 ], [ -2.6505852, 42.4891362 ], [ -2.6507596, 42.4902683 ], [ -2.6510265, 42.4917718 ], [ -2.6511417, 42.4922675 ], [ -2.651358, 42.4927478 ], [ -2.6516159, 42.4931702 ], [ -2.6519479, 42.4935644 ], [ -2.652482, 42.4940842 ], [ -2.6529816, 42.4946903 ], [ -2.6538154, 42.4958083 ], [ -2.6542244, 42.4965143 ], [ -2.65438, 42.4971358 ], [ -2.6544634, 42.4978492 ], [ -2.6545025, 42.4989711 ], [ -2.6546054, 42.4998576 ], [ -2.6548661, 42.5010514 ], [ -2.6549774, 42.5016839 ], [ -2.6551415, 42.502059 ], [ -2.6554965, 42.5026935 ], [ -2.6557698, 42.5031048 ], [ -2.6560136, 42.5034479 ], [ -2.6563266, 42.503682 ], [ -2.6566943, 42.5038431 ], [ -2.657446, 42.5041061 ], [ -2.6586072, 42.5044598 ], [ -2.6598163, 42.504924 ], [ -2.6610907, 42.5055885 ], [ -2.6621283, 42.506213 ], [ -2.6633613, 42.5069598 ], [ -2.6642394, 42.5076061 ], [ -2.6650015, 42.5084595 ], [ -2.6654542, 42.5088929 ], [ -2.6657689, 42.5092658 ], [ -2.6659915, 42.5096238 ], [ -2.6661834, 42.5098159 ], [ -2.6666026, 42.5099833 ], [ -2.6671325, 42.5100083 ], [ -2.6676725, 42.5099773 ], [ -2.6683493, 42.5098964 ], [ -2.6691608, 42.5098083 ], [ -2.6711323, 42.5095834 ], [ -2.6723661, 42.5093389 ], [ -2.6731734, 42.509243 ], [ -2.674876, 42.5092478 ], [ -2.6755067, 42.5092398 ], [ -2.6769158, 42.5091634 ], [ -2.6773402, 42.5092875 ], [ -2.6778424, 42.5095702 ], [ -2.6783387, 42.5108256 ], [ -2.6785111, 42.5117469 ], [ -2.6784297, 42.5128886 ], [ -2.6781376, 42.5147576 ], [ -2.677906, 42.5164652 ], [ -2.6777784, 42.5175766 ], [ -2.6776693, 42.5184943 ], [ -2.6775657, 42.519112 ], [ -2.6772044, 42.5200597 ], [ -2.6769058, 42.5210452 ], [ -2.6769415, 42.5219293 ], [ -2.6770132, 42.5225241 ], [ -2.6773104, 42.523464 ], [ -2.6773199, 42.5238759 ], [ -2.6772546, 42.5240364 ], [ -2.6765308, 42.5248364 ], [ -2.6762467, 42.5254414 ], [ -2.6762563, 42.5256987 ], [ -2.6764, 42.5259869 ], [ -2.6768462, 42.5262589 ], [ -2.6773612, 42.5264182 ], [ -2.6779884, 42.5264999 ], [ -2.6785274, 42.5264246 ], [ -2.6789948, 42.5262509 ], [ -2.6795373, 42.5259923 ], [ -2.6800682, 42.525543 ], [ -2.6811541, 42.5244402 ], [ -2.6826621, 42.5230105 ], [ -2.6836712, 42.5219352 ], [ -2.6843578, 42.5212479 ], [ -2.6851561, 42.5206665 ], [ -2.6860977, 42.5201018 ], [ -2.686893, 42.5198826 ], [ -2.6879009, 42.5197372 ], [ -2.6888748, 42.5196474 ], [ -2.6904597, 42.5195012 ], [ -2.691544, 42.5193443 ], [ -2.6923309, 42.5192305 ], [ -2.6931596, 42.5190499 ], [ -2.694296, 42.5186918 ], [ -2.6949214, 42.5185364 ], [ -2.6957245, 42.518266 ], [ -2.6964979, 42.5179595 ], [ -2.6974964, 42.5175247 ], [ -2.6980839, 42.5173104 ], [ -2.6985701, 42.5171816 ], [ -2.6991806, 42.5170726 ], [ -2.6998265, 42.5169633 ], [ -2.7005529, 42.5168902 ], [ -2.7011882, 42.5168452 ], [ -2.7023163, 42.5168229 ], [ -2.7028408, 42.5168033 ], [ -2.7037531, 42.5167667 ], [ -2.7045511, 42.5167155 ], [ -2.7057249, 42.5166575 ], [ -2.7058122, 42.5170296 ], [ -2.7044703, 42.5186075 ], [ -2.7027851, 42.521577 ], [ -2.7018319, 42.5231477 ], [ -2.7004949, 42.5253223 ], [ -2.700261, 42.525989 ], [ -2.6993126, 42.5272418 ], [ -2.6979598, 42.5291645 ], [ -2.6958978, 42.5325362 ], [ -2.6950584, 42.5348665 ], [ -2.6947389, 42.535451 ], [ -2.6941515, 42.5360528 ], [ -2.6939099, 42.5381416 ], [ -2.6915049, 42.5418005 ], [ -2.6914271, 42.5427639 ], [ -2.6908886, 42.5465238 ], [ -2.6900028, 42.5496562 ], [ -2.689251, 42.5524947 ], [ -2.688843, 42.5541638 ], [ -2.6881149, 42.5564066 ], [ -2.6873296, 42.55955 ], [ -2.687378, 42.5620064 ], [ -2.6875514, 42.5650598 ], [ -2.687427, 42.5663757 ], [ -2.6870204, 42.5682689 ], [ -2.6870504, 42.5699589 ], [ -2.6871146, 42.5717009 ], [ -2.6870196, 42.5730428 ], [ -2.6863986, 42.5755816 ], [ -2.6861409, 42.5787007 ], [ -2.6860406, 42.5815989 ], [ -2.685952, 42.5826606 ], [ -2.6854758, 42.5843586 ], [ -2.685103, 42.5862014 ], [ -2.6844343, 42.5876823 ], [ -2.6836963, 42.5892662 ], [ -2.6805815, 42.5942085 ], [ -2.6817688, 42.5953949 ], [ -2.6829573, 42.5952944 ], [ -2.6837354, 42.5951763 ], [ -2.6856612, 42.5949322 ], [ -2.6886267, 42.596259 ], [ -2.6978833, 42.5980994 ], [ -2.7002168, 42.5984431 ], [ -2.7009761, 42.598659 ], [ -2.7025604, 42.5991772 ], [ -2.7041241, 42.5996647 ], [ -2.7055567, 42.5998543 ], [ -2.7063207, 42.5998282 ], [ -2.7066756, 42.5997525 ], [ -2.7069145, 42.599689 ], [ -2.7070969, 42.5997794 ], [ -2.7078324, 42.6003273 ], [ -2.7083715, 42.6007354 ], [ -2.7094121, 42.6007727 ], [ -2.7096043, 42.6007732 ], [ -2.7098992, 42.6009134 ], [ -2.7103572, 42.6010019 ], [ -2.7106214, 42.6010888 ], [ -2.7110941, 42.6014529 ], [ -2.7115431, 42.6018753 ], [ -2.7124348, 42.6022979 ], [ -2.7128053, 42.6023667 ], [ -2.7131192, 42.6024976 ], [ -2.7135396, 42.6026432 ], [ -2.7140935, 42.6028992 ], [ -2.7142665, 42.6031719 ], [ -2.7144717, 42.6037025 ], [ -2.7148462, 42.6041924 ], [ -2.7153739, 42.604631 ], [ -2.7163094, 42.6047566 ], [ -2.7169502, 42.6048585 ], [ -2.7173662, 42.6052941 ], [ -2.7177974, 42.6054285 ], [ -2.7179183, 42.6055163 ], [ -2.7179175, 42.6056968 ], [ -2.7180552, 42.6058003 ], [ -2.7183042, 42.6058414 ], [ -2.7185222, 42.605929 ], [ -2.7187117, 42.6060617 ], [ -2.718885, 42.60615 ], [ -2.7191279, 42.6062458 ], [ -2.7193195, 42.606287 ], [ -2.719748, 42.6066091 ], [ -2.7201699, 42.606927 ], [ -2.7205336, 42.6071924 ], [ -2.7210158, 42.6073344 ], [ -2.7211419, 42.6075158 ], [ -2.7214441, 42.6077871 ], [ -2.7219886, 42.6081884 ], [ -2.7224807, 42.6085196 ], [ -2.7227182, 42.6087391 ], [ -2.7228842, 42.6091478 ], [ -2.7233192, 42.6094915 ], [ -2.7233945, 42.6099295 ], [ -2.7237087, 42.610244 ], [ -2.7243583, 42.6106275 ], [ -2.7244145, 42.6106701 ], [ -2.7244429, 42.6107956 ], [ -2.7246651, 42.6109807 ], [ -2.7247816, 42.610981 ], [ -2.7250253, 42.6112536 ], [ -2.7251492, 42.6113456 ], [ -2.7251629, 42.6114847 ], [ -2.7253625, 42.6116978 ], [ -2.7253891, 42.6118873 ], [ -2.7255724, 42.6120238 ], [ -2.7258995, 42.6122029 ], [ -2.7262306, 42.6125599 ], [ -2.7264795, 42.6127012 ], [ -2.7268434, 42.6128351 ], [ -2.7270903, 42.6129726 ], [ -2.7272101, 42.6131098 ], [ -2.7274522, 42.6133423 ], [ -2.7276391, 42.6134213 ], [ -2.7281161, 42.6138267 ], [ -2.7282417, 42.6140193 ], [ -2.7286003, 42.6143775 ], [ -2.7290368, 42.6146576 ], [ -2.7291407, 42.614865 ], [ -2.7292203, 42.6151784 ], [ -2.7294005, 42.6155437 ], [ -2.7295137, 42.6158162 ], [ -2.7297556, 42.6161686 ], [ -2.7297, 42.6163974 ], [ -2.7301546, 42.6170189 ], [ -2.7315729, 42.6179723 ], [ -2.7324083, 42.6180774 ], [ -2.7366264, 42.6193935 ], [ -2.7407051, 42.6224391 ], [ -2.7477089, 42.6235538 ], [ -2.7480747, 42.6235546 ], [ -2.748562, 42.6236457 ], [ -2.7488663, 42.6237814 ], [ -2.7495978, 42.623783 ], [ -2.7498415, 42.6238286 ], [ -2.7499824, 42.6236488 ], [ -2.7499649, 42.6234687 ], [ -2.7500773, 42.6227937 ], [ -2.7502119, 42.622659 ], [ -2.7505776, 42.6226958 ], [ -2.7511154, 42.6223458 ], [ -2.7514939, 42.6222116 ], [ -2.7527768, 42.6215392 ], [ -2.7530825, 42.6213238 ], [ -2.7541224, 42.6204077 ], [ -2.7543058, 42.6202821 ], [ -2.7545505, 42.6200575 ], [ -2.754734, 42.6198869 ], [ -2.7549171, 42.6198332 ], [ -2.7552226, 42.6196538 ], [ -2.7555656, 42.6192494 ], [ -2.7556515, 42.6191146 ], [ -2.7557615, 42.6190248 ], [ -2.7562621, 42.6188368 ], [ -2.7566275, 42.6189366 ], [ -2.7571152, 42.6189376 ], [ -2.7573585, 42.6190732 ], [ -2.7578455, 42.6192453 ], [ -2.7586371, 42.619472 ], [ -2.7589415, 42.6195649 ], [ -2.759368, 42.6196311 ], [ -2.7599768, 42.6198349 ], [ -2.7602205, 42.6198535 ], [ -2.7603422, 42.6199122 ], [ -2.760647, 42.6199264 ], [ -2.7608286, 42.6202508 ], [ -2.7611932, 42.6205667 ], [ -2.7612531, 42.6208369 ], [ -2.7616178, 42.6211078 ], [ -2.761861, 42.6212883 ], [ -2.7621046, 42.6213384 ], [ -2.7624086, 42.6215596 ], [ -2.7624682, 42.6219198 ], [ -2.7628021, 42.6222806 ], [ -2.7639313, 42.6224374 ], [ -2.7658766, 42.6201572 ], [ -2.7675491, 42.6148884 ], [ -2.7680796, 42.6140839 ], [ -2.7686314, 42.6133419 ], [ -2.7702576, 42.6112564 ], [ -2.771945, 42.6088722 ], [ -2.7731764, 42.6073622 ], [ -2.7736034, 42.6070291 ], [ -2.7742573, 42.6047875 ], [ -2.7737458, 42.6037663 ], [ -2.7723101, 42.6023386 ], [ -2.7720482, 42.6004355 ], [ -2.7715289, 42.5970942 ], [ -2.7713672, 42.5963405 ], [ -2.7720528, 42.5944936 ], [ -2.7726971, 42.5929607 ], [ -2.773047, 42.5921934 ], [ -2.7745816, 42.5910301 ], [ -2.7755919, 42.5901064 ], [ -2.7764411, 42.5887701 ], [ -2.7766313, 42.5881935 ], [ -2.7767938, 42.5875659 ], [ -2.7782631, 42.5867876 ], [ -2.7788458, 42.5853621 ], [ -2.7782486, 42.5844289 ], [ -2.7775283, 42.5833512 ], [ -2.777677, 42.582249 ], [ -2.7800012, 42.5802781 ], [ -2.7807981, 42.5796329 ], [ -2.7821909, 42.5793317 ], [ -2.7840095, 42.5789889 ], [ -2.7855295, 42.5787612 ], [ -2.7884601, 42.5784567 ], [ -2.7897046, 42.5783078 ], [ -2.7915603, 42.5772092 ], [ -2.7929453, 42.5766343 ], [ -2.795728, 42.5753206 ], [ -2.7964126, 42.5748393 ], [ -2.7978891, 42.5738834 ], [ -2.799309, 42.5730049 ], [ -2.7995439, 42.5706282 ], [ -2.800029, 42.568892 ], [ -2.8001895, 42.5675829 ], [ -2.8003884, 42.5663265 ], [ -2.8036648, 42.5645038 ], [ -2.8038254, 42.5646899 ], [ -2.804252, 42.5652077 ], [ -2.804523, 42.5655492 ], [ -2.804856, 42.5660114 ], [ -2.8051644, 42.5666806 ], [ -2.8052388, 42.5670161 ], [ -2.8054356, 42.5671164 ], [ -2.8063623, 42.5673492 ], [ -2.8072779, 42.567718 ], [ -2.8076577, 42.5677741 ], [ -2.8081841, 42.5677051 ], [ -2.8087885, 42.5675044 ], [ -2.8091818, 42.5673738 ], [ -2.8094413, 42.5673673 ], [ -2.8096556, 42.5674222 ], [ -2.8100267, 42.5676446 ], [ -2.810658, 42.5681134 ], [ -2.8113563, 42.568704 ], [ -2.811642, 42.5689388 ], [ -2.8121524, 42.5691774 ], [ -2.8129782, 42.5694502 ], [ -2.8135186, 42.569561 ], [ -2.8140704, 42.5695373 ], [ -2.814804, 42.5693033 ], [ -2.8154476, 42.5688119 ], [ -2.815817, 42.5683603 ], [ -2.816075, 42.5679937 ], [ -2.816912, 42.5659672 ], [ -2.8176954, 42.5638923 ], [ -2.8177285, 42.5634469 ], [ -2.8177303, 42.5628204 ], [ -2.8176959, 42.5624765 ], [ -2.8171502, 42.5605425 ], [ -2.8168588, 42.5587647 ], [ -2.8168106, 42.5582359 ], [ -2.817015, 42.5577118 ], [ -2.8185631, 42.5559182 ], [ -2.8188533, 42.5556271 ], [ -2.8191274, 42.5554487 ], [ -2.821213, 42.5546241 ], [ -2.8220912, 42.5543131 ], [ -2.8224371, 42.5542566 ], [ -2.8227699, 42.554242 ], [ -2.8234409, 42.5543046 ], [ -2.8244928, 42.5545329 ], [ -2.8248344, 42.5546348 ], [ -2.8250592, 42.5547637 ], [ -2.8252045, 42.5548967 ], [ -2.8253735, 42.5551688 ], [ -2.8254977, 42.5555779 ], [ -2.8255654, 42.5562011 ], [ -2.8256265, 42.5569864 ], [ -2.8257744, 42.5579528 ], [ -2.8259069, 42.5587787 ], [ -2.8265196, 42.5611867 ], [ -2.8268962, 42.562215 ], [ -2.8273524, 42.5630216 ], [ -2.8279461, 42.5638478 ], [ -2.8282191, 42.5641388 ], [ -2.8284944, 42.5643173 ], [ -2.8302555, 42.565146 ], [ -2.8305201, 42.565249 ], [ -2.8311129, 42.5654057 ], [ -2.8315962, 42.5656622 ], [ -2.8322292, 42.5661361 ], [ -2.8329564, 42.5666842 ], [ -2.8336518, 42.567319 ], [ -2.8346526, 42.5681815 ], [ -2.8357719, 42.5690057 ], [ -2.8366541, 42.5695269 ], [ -2.8373766, 42.5700223 ], [ -2.8377385, 42.5705146 ], [ -2.8378719, 42.5707687 ], [ -2.8379811, 42.571489 ], [ -2.8380285, 42.5722547 ], [ -2.8380608, 42.5744223 ], [ -2.8380969, 42.5753898 ], [ -2.8381925, 42.5762242 ], [ -2.8384205, 42.5769546 ], [ -2.8388317, 42.5779456 ], [ -2.8392602, 42.5786862 ], [ -2.8397451, 42.5794487 ], [ -2.8407292, 42.5808178 ], [ -2.8407851, 42.5810306 ], [ -2.8407369, 42.5814339 ], [ -2.8405849, 42.5819144 ], [ -2.8402444, 42.5822205 ], [ -2.8394204, 42.5826765 ], [ -2.8387553, 42.5829766 ], [ -2.8375693, 42.5833206 ], [ -2.8358572, 42.5837915 ], [ -2.8326198, 42.584595 ], [ -2.8297149, 42.5855801 ], [ -2.8284899, 42.5860218 ], [ -2.8263855, 42.5867727 ], [ -2.8256607, 42.5870737 ], [ -2.8244692, 42.5876933 ], [ -2.8225285, 42.5887272 ], [ -2.8219025, 42.5891111 ], [ -2.8211788, 42.5899393 ], [ -2.8203508, 42.5907892 ], [ -2.8198283, 42.5914529 ], [ -2.8194834, 42.5921156 ], [ -2.819215, 42.5927332 ], [ -2.8190133, 42.5933071 ], [ -2.8187676, 42.5940548 ], [ -2.818553, 42.5947417 ], [ -2.8179798, 42.5962019 ], [ -2.817701, 42.5972727 ], [ -2.8176966, 42.597896 ], [ -2.8177596, 42.598446 ], [ -2.817863, 42.5988694 ], [ -2.8180327, 42.5992349 ], [ -2.8183662, 42.5996102 ], [ -2.8185655, 42.5997948 ], [ -2.8190165, 42.6000555 ], [ -2.8199235, 42.6005458 ], [ -2.8205584, 42.6008002 ], [ -2.8215192, 42.6010943 ], [ -2.8218581, 42.6011956 ], [ -2.8224654, 42.6013254 ], [ -2.8230239, 42.6014172 ], [ -2.823643, 42.6014572 ], [ -2.8219546, 42.603571 ], [ -2.8213909, 42.6046058 ], [ -2.8210718, 42.6053348 ], [ -2.8209847, 42.605965 ], [ -2.8207758, 42.6065231 ], [ -2.8194394, 42.6091147 ], [ -2.81903, 42.6115456 ], [ -2.8187352, 42.6122656 ], [ -2.8187705, 42.612716 ], [ -2.8198992, 42.614501 ], [ -2.8242935, 42.6127517 ], [ -2.8262815, 42.6125386 ], [ -2.8280023, 42.6119379 ], [ -2.8324696, 42.6101163 ], [ -2.8343496, 42.6091825 ], [ -2.8371428, 42.6087092 ], [ -2.8400084, 42.6084881 ], [ -2.8418002, 42.6085987 ], [ -2.8419513, 42.6108241 ], [ -2.8420298, 42.6111976 ], [ -2.8421588, 42.6114571 ], [ -2.842455, 42.6118415 ], [ -2.8427501, 42.6122241 ], [ -2.8437296, 42.6133978 ], [ -2.8442449, 42.6141775 ], [ -2.8447449, 42.6147193 ], [ -2.8451288, 42.6149976 ], [ -2.8458888, 42.6153557 ], [ -2.8467414, 42.6156107 ], [ -2.8477479, 42.6161698 ], [ -2.8479053, 42.6162582 ], [ -2.8480885, 42.6166322 ], [ -2.8481384, 42.6171419 ], [ -2.8480256, 42.6175161 ], [ -2.8477258, 42.6179998 ], [ -2.8466354, 42.6190301 ], [ -2.8457715, 42.6198413 ], [ -2.8453005, 42.6205007 ], [ -2.8449917, 42.6210247 ], [ -2.8446596, 42.6217025 ], [ -2.8445499, 42.6220414 ], [ -2.8444002, 42.6222732 ], [ -2.8442104, 42.6224455 ], [ -2.8432702, 42.6230626 ], [ -2.8430205, 42.623258 ], [ -2.842851, 42.6235515 ], [ -2.8428384, 42.6237354 ], [ -2.8428977, 42.6241477 ], [ -2.8429374, 42.6243039 ], [ -2.8427731, 42.6253889 ], [ -2.8427527, 42.6255747 ], [ -2.842814, 42.6260352 ], [ -2.8428017, 42.6261705 ], [ -2.8426656, 42.6264057 ], [ -2.8422934, 42.6268575 ], [ -2.8420549, 42.6272965 ], [ -2.8420094, 42.6276494 ], [ -2.842095, 42.6279986 ], [ -2.8425196, 42.6287161 ], [ -2.8427344, 42.6293677 ], [ -2.8429152, 42.6297161 ], [ -2.8431723, 42.6300081 ], [ -2.8436723, 42.6304971 ], [ -2.8446755, 42.6312219 ], [ -2.8455474, 42.6318519 ], [ -2.8470174, 42.6327896 ], [ -2.8483299, 42.633609 ], [ -2.8492882, 42.6341521 ], [ -2.850874, 42.635147 ], [ -2.8523315, 42.6360318 ], [ -2.8532045, 42.6366154 ], [ -2.8539273, 42.6370548 ], [ -2.8544865, 42.6373009 ], [ -2.8550423, 42.6375611 ], [ -2.8556263, 42.6377589 ], [ -2.8563032, 42.6379197 ], [ -2.8573402, 42.6381662 ], [ -2.8580674, 42.638384 ], [ -2.8585284, 42.637706 ], [ -2.8587726, 42.6374272 ], [ -2.8595973, 42.636487 ], [ -2.8631649, 42.6337895 ], [ -2.8640808, 42.6332592 ], [ -2.8649841, 42.6329271 ], [ -2.8682284, 42.6329308 ], [ -2.8723897, 42.6318008 ], [ -2.8753911, 42.6312727 ], [ -2.8762941, 42.6310035 ], [ -2.8817053, 42.6267223 ], [ -2.8832207, 42.6250307 ], [ -2.8835267, 42.6244276 ], [ -2.8822281, 42.621184 ], [ -2.8821436, 42.6207246 ], [ -2.8836677, 42.6207982 ], [ -2.8855208, 42.6210523 ], [ -2.8882884, 42.6213072 ], [ -2.8939952, 42.6213306 ], [ -2.8904754, 42.6257313 ], [ -2.8914865, 42.6263537 ], [ -2.8917776, 42.6272726 ], [ -2.8927525, 42.6277058 ], [ -2.8946306, 42.6276715 ], [ -2.8973628, 42.6274128 ], [ -2.8998752, 42.627325 ], [ -2.9016201, 42.6267321 ], [ -2.904462, 42.6264913 ], [ -2.9051237, 42.6244294 ], [ -2.905393, 42.6237992 ], [ -2.9052479, 42.6229706 ], [ -2.9044353, 42.62016 ], [ -2.9087026, 42.6205147 ], [ -2.9097886, 42.6200202 ], [ -2.9109596, 42.619769 ], [ -2.9120446, 42.619977 ], [ -2.9131175, 42.6200679 ], [ -2.9138736, 42.6199874 ], [ -2.9148252, 42.6196729 ], [ -2.9160082, 42.6195207 ], [ -2.9204943, 42.6204606 ], [ -2.9231269, 42.6214621 ], [ -2.9241997, 42.621733 ], [ -2.9260516, 42.6230491 ], [ -2.9258417, 42.6251744 ], [ -2.9274495, 42.6267695 ], [ -2.9289598, 42.6283916 ], [ -2.9306284, 42.6303289 ], [ -2.9325278, 42.63323 ], [ -2.9334655, 42.6345004 ], [ -2.9338677, 42.6347348 ], [ -2.9450971, 42.6389196 ], [ -2.9464507, 42.6393165 ], [ -2.9471338, 42.6393439 ], [ -2.9526355, 42.6385628 ], [ -2.9562091, 42.6390416 ], [ -2.9575871, 42.6394023 ], [ -2.9656003, 42.6406029 ], [ -2.9665029, 42.6406482 ], [ -2.9699306, 42.6406041 ], [ -2.9703939, 42.6410996 ], [ -2.971016, 42.6410007 ], [ -2.9717969, 42.6405776 ], [ -2.9758838, 42.6391556 ], [ -2.976445, 42.6387955 ], [ -2.9771896, 42.6375168 ], [ -2.9779096, 42.6366074 ], [ -2.9800323, 42.6353199 ], [ -2.980569, 42.635221 ], [ -2.9859598, 42.6363295 ], [ -2.9863622, 42.6366808 ], [ -2.9889348, 42.6415443 ], [ -2.9893494, 42.6420037 ], [ -2.9899471, 42.642328 ], [ -2.990496, 42.6424271 ], [ -2.9913987, 42.6422831 ], [ -2.9951192, 42.6419411 ], [ -2.9972295, 42.6421393 ], [ -2.9991324, 42.6425446 ], [ -3.0012427, 42.643121 ], [ -3.0047559, 42.6442647 ], [ -3.0087201, 42.6408513 ], [ -3.0097448, 42.6414006 ], [ -3.0107329, 42.6416526 ], [ -3.0145018, 42.6403734 ], [ -3.0147701, 42.6401753 ], [ -3.0159163, 42.6379867 ], [ -3.0171718, 42.6347805 ], [ -3.0165008, 42.6340511 ], [ -3.0163055, 42.6335288 ], [ -3.0180127, 42.6321776 ], [ -3.0187689, 42.6322946 ], [ -3.0208761, 42.6332084 ], [ -3.0215744, 42.6335099 ], [ -3.0222698, 42.6338701 ], [ -3.0254784, 42.636337 ], [ -3.0269058, 42.6372193 ], [ -3.0279305, 42.6375883 ], [ -3.0286259, 42.6379214 ], [ -3.0294311, 42.6382093 ], [ -3.0300288, 42.6383443 ], [ -3.0312852, 42.63838 ], [ -3.0327, 42.6383076 ], [ -3.0340416, 42.638037 ], [ -3.0371036, 42.6388827 ], [ -3.040788, 42.6400522 ], [ -3.0462526, 42.6400142 ], [ -3.048424, 42.6402114 ], [ -3.0507781, 42.6401834 ], [ -3.0563523, 42.6398927 ], [ -3.0584867, 42.6396845 ], [ -3.0613409, 42.639638 ], [ -3.0649759, 42.6396811 ], [ -3.0661589, 42.6395183 ], [ -3.0693539, 42.638778 ], [ -3.0725866, 42.6390732 ], [ -3.07771, 42.6393852 ], [ -3.0802841, 42.6397256 ], [ -3.084152, 42.6406865 ], [ -3.0836492, 42.6385976 ], [ -3.0847427, 42.6353457 ], [ -3.0810663, 42.6313137 ], [ -3.0864033, 42.6277166 ], [ -3.0852565, 42.6273392 ], [ -3.081597, 42.6266393 ], [ -3.0795231, 42.6260914 ], [ -3.0778753, 42.6248497 ], [ -3.0782403, 42.624156 ], [ -3.078191, 42.6237328 ], [ -3.0704571, 42.6214142 ], [ -3.0690976, 42.6158854 ], [ -3.0679728, 42.6130403 ], [ -3.0666905, 42.6109787 ], [ -3.0660679, 42.6102135 ], [ -3.0658724, 42.6097723 ], [ -3.0659078, 42.6086016 ], [ -3.0658459, 42.60771 ], [ -3.0656379, 42.6070437 ], [ -3.0652595, 42.6064946 ], [ -3.0646737, 42.6059185 ], [ -3.061148, 42.6033538 ], [ -3.0604158, 42.6025616 ], [ -3.0609508, 42.6010304 ], [ -3.0604018, 42.6005984 ], [ -3.0609621, 42.6001208 ], [ -3.0622415, 42.5995257 ], [ -3.0646173, 42.5982816 ], [ -3.065186, 42.5941747 ], [ -3.0649537, 42.5934994 ], [ -3.0635377, 42.5913117 ], [ -3.0598305, 42.5891883 ], [ -3.0606956, 42.5889987 ], [ -3.0625602, 42.5888447 ], [ -3.0644859, 42.5888346 ], [ -3.0681058, 42.5889137 ], [ -3.0740749, 42.5863614 ], [ -3.0751835, 42.5860005 ], [ -3.0760239, 42.5856037 ], [ -3.078289, 42.5841613 ], [ -3.0793121, 42.5836743 ], [ -3.0800917, 42.5834396 ], [ -3.0817972, 42.5829431 ], [ -3.0835642, 42.5828698 ], [ -3.0861956, 42.5822105 ], [ -3.084985, 42.5791133 ], [ -3.0830553, 42.5757375 ], [ -3.0825787, 42.5747022 ], [ -3.0823585, 42.5740179 ], [ -3.0842209, 42.5725847 ], [ -3.0871654, 42.5694935 ], [ -3.0876762, 42.5688267 ], [ -3.0883203, 42.5676555 ], [ -3.088283, 42.5671061 ], [ -3.0971461, 42.5628123 ], [ -3.1002986, 42.5610265 ], [ -3.1024279, 42.5594306 ], [ -3.1031574, 42.5585294 ], [ -3.1042387, 42.5567903 ], [ -3.1044188, 42.5551601 ], [ -3.1039429, 42.5546381 ], [ -3.1037593, 42.554107 ], [ -3.1037454, 42.5531073 ], [ -3.1039889, 42.553008 ], [ -3.1043183, 42.5533139 ], [ -3.1045382, 42.553701 ], [ -3.1047578, 42.5539079 ], [ -3.1054399, 42.5539253 ], [ -3.1064747, 42.5535371 ], [ -3.1079714, 42.5526712 ], [ -3.1088844, 42.5523281 ], [ -3.1140232, 42.5515307 ], [ -3.1149119, 42.5512777 ], [ -3.1177836, 42.5497078 ], [ -3.1186593, 42.5490584 ], [ -3.1215902, 42.5466959 ], [ -3.1228799, 42.5460461 ], [ -3.125276, 42.5443955 ], [ -3.1263344, 42.5438089 ], [ -3.1270891, 42.54361 ], [ -3.1315948, 42.5433348 ], [ -3.1342714, 42.5420529 ], [ -3.1335639, 42.5415224 ], [ -3.1329655, 42.5407305 ], [ -3.1325254, 42.5399565 ], [ -3.1318889, 42.5383902 ], [ -3.1314735, 42.5377333 ], [ -3.1310218, 42.5372114 ], [ -3.1305096, 42.5368428 ], [ -3.1293278, 42.5365829 ], [ -3.1280838, 42.5356207 ], [ -3.1253267, 42.533111 ], [ -3.1214048, 42.5326379 ], [ -3.1186527, 42.5325327 ], [ -3.117398, 42.5322638 ], [ -3.1112456, 42.5304866 ], [ -3.1095763, 42.5298308 ], [ -3.1074558, 42.5287701 ], [ -3.1027028, 42.5336195 ], [ -3.0999183, 42.5361706 ], [ -3.0993571, 42.5354957 ], [ -3.0991129, 42.5350726 ], [ -3.0984792, 42.5348029 ], [ -3.0967863, 42.5345792 ], [ -3.096239, 42.535057 ], [ -3.0940856, 42.5364096 ], [ -3.0913473, 42.5375285 ], [ -3.0893025, 42.5382776 ], [ -3.0884012, 42.5381792 ], [ -3.0872301, 42.5367302 ], [ -3.0862549, 42.5359744 ], [ -3.0857308, 42.5356506 ], [ -3.0851339, 42.5354439 ], [ -3.0841595, 42.5353185 ], [ -3.0836111, 42.5350217 ], [ -3.0829036, 42.5340495 ], [ -3.0826961, 42.5337075 ], [ -3.0840701, 42.5321845 ], [ -3.0818527, 42.5312224 ], [ -3.0812803, 42.5311778 ], [ -3.0806476, 42.5314844 ], [ -3.0801244, 42.531863 ], [ -3.0788098, 42.5321791 ], [ -3.0769103, 42.5322525 ], [ -3.0764719, 42.5322257 ], [ -3.0745943, 42.5301916 ], [ -3.0732784, 42.5294359 ], [ -3.0725715, 42.528923 ], [ -3.0719009, 42.5281039 ], [ -3.0717787, 42.5276717 ], [ -3.0720214, 42.5269781 ], [ -3.0726535, 42.5260771 ], [ -3.0729323, 42.5249602 ], [ -3.076446, 42.5208243 ], [ -3.0760922, 42.5201941 ], [ -3.07575, 42.5191136 ], [ -3.0740298, 42.5160077 ], [ -3.0739807, 42.5156655 ], [ -3.0747207, 42.5134676 ], [ -3.0753736, 42.5096846 ], [ -3.075385, 42.5090182 ], [ -3.0752015, 42.5082798 ], [ -3.0751393, 42.5070911 ], [ -3.0753698, 42.5064875 ], [ -3.0789527, 42.500199 ], [ -3.0789807, 42.500109 ], [ -3.0792921, 42.4990911 ], [ -3.0804106, 42.4981447 ], [ -3.0831712, 42.4966118 ], [ -3.0867955, 42.494979 ], [ -3.0882544, 42.4939513 ], [ -3.0910762, 42.4928864 ], [ -3.0932524, 42.4915248 ], [ -3.0946954, 42.4880744 ], [ -3.093987, 42.4863008 ], [ -3.0914317, 42.4862668 ], [ -3.090422, 42.477883 ], [ -3.0893041, 42.4788745 ], [ -3.0827791, 42.4759434 ], [ -3.0823651, 42.4756825 ], [ -3.0823027, 42.4744848 ], [ -3.0733147, 42.4764811 ], [ -3.064209, 42.4709477 ], [ -3.0623065, 42.4661396 ], [ -3.0609888, 42.4619885 ], [ -3.0552668, 42.4558042 ], [ -3.053977, 42.4549763 ], [ -3.0502771, 42.4515916 ], [ -3.0497537, 42.4509434 ], [ -3.046004, 42.4451541 ], [ -3.0511069, 42.4398925 ], [ -3.0551525, 42.4361532 ], [ -3.0576915, 42.4339095 ], [ -3.061418, 42.4278195 ], [ -3.0632994, 42.4249096 ], [ -3.0573968, 42.4171584 ], [ -3.0575552, 42.4167711 ], [ -3.0589248, 42.4134201 ], [ -3.0589215, 42.4099078 ], [ -3.0606579, 42.4083579 ], [ -3.0625884, 42.4065196 ], [ -3.0640201, 42.4042763 ], [ -3.0628505, 42.4012239 ], [ -3.0610336, 42.3946054 ], [ -3.0591854, 42.3931114 ], [ -3.0591844, 42.3920757 ], [ -3.05843, 42.3908242 ], [ -3.0577232, 42.3884469 ], [ -3.0566526, 42.3867543 ], [ -3.0560073, 42.3851425 ], [ -3.0552628, 42.3811802 ], [ -3.0547995, 42.3791541 ], [ -3.0545303, 42.3769207 ], [ -3.0531427, 42.373418 ], [ -3.0558376, 42.3716875 ], [ -3.0568808, 42.3702731 ], [ -3.0576944, 42.3701196 ], [ -3.0602577, 42.3707757 ], [ -3.0619472, 42.3720537 ], [ -3.064414, 42.3733402 ], [ -3.0657513, 42.3744652 ], [ -3.0665562, 42.3775989 ], [ -3.0678585, 42.3800208 ], [ -3.0735135, 42.3856462 ], [ -3.073382, 42.3875645 ], [ -3.0749023, 42.3890045 ], [ -3.075062, 42.3904995 ], [ -3.0747469, 42.3911301 ], [ -3.0750148, 42.3916433 ], [ -3.0786837, 42.3914067 ], [ -3.0795109, 42.3922617 ], [ -3.0795595, 42.3922527 ], [ -3.0798155, 42.392964 ], [ -3.0807531, 42.3946114 ], [ -3.0815072, 42.3952143 ], [ -3.0826522, 42.397384 ], [ -3.079937, 42.4026274 ], [ -3.0789204, 42.4059243 ], [ -3.0786064, 42.4075096 ], [ -3.0781791, 42.4157504 ], [ -3.0800886, 42.4167848 ], [ -3.0903549, 42.4223701 ], [ -3.0905458, 42.4199113 ], [ -3.0920155, 42.4191446 ], [ -3.0943105, 42.4176658 ], [ -3.0963149, 42.4169256 ], [ -3.0968392, 42.4167856 ], [ -3.0972261, 42.4166817 ], [ -3.0976973, 42.4167894 ], [ -3.0981866, 42.416897 ], [ -3.101067, 42.4167865 ], [ -3.1013466, 42.4167772 ], [ -3.1000416, 42.4139595 ], [ -3.1000021, 42.4120232 ], [ -3.0990283, 42.4110424 ], [ -3.0991841, 42.4096643 ], [ -3.0988906, 42.4085028 ], [ -3.0983791, 42.4078098 ], [ -3.0971618, 42.4064509 ], [ -3.0965405, 42.4054427 ], [ -3.095738, 42.4051822 ], [ -3.0960627, 42.4028944 ], [ -3.0964372, 42.4014531 ], [ -3.0971637, 42.3997864 ], [ -3.0969918, 42.3986067 ], [ -3.0976355, 42.3984531 ], [ -3.1005335, 42.394632 ], [ -3.1034182, 42.3903246 ], [ -3.1045194, 42.3876578 ], [ -3.1052705, 42.3863692 ], [ -3.1043942, 42.3854064 ], [ -3.1036901, 42.3857312 ], [ -3.0949038, 42.3837394 ], [ -3.0848111, 42.3853863 ], [ -3.083692, 42.3842884 ], [ -3.0835335, 42.3838472 ], [ -3.0826453, 42.3828121 ], [ -3.082584, 42.3823348 ], [ -3.0814168, 42.3815611 ], [ -3.0794462, 42.3794101 ], [ -3.0776336, 42.3772138 ], [ -3.0736796, 42.3717587 ], [ -3.0708106, 42.3694729 ], [ -3.0679303, 42.3677094 ], [ -3.0664351, 42.3663864 ], [ -3.0654382, 42.3653152 ], [ -3.06438, 42.3637578 ], [ -3.0632862, 42.3628487 ], [ -3.0635638, 42.3611825 ], [ -3.0634526, 42.3592192 ], [ -3.0637189, 42.3583995 ], [ -3.06339, 42.357355 ], [ -3.0634622, 42.3566975 ], [ -3.0637044, 42.3560849 ], [ -3.0643845, 42.3561926 ], [ -3.0660593, 42.3553451 ], [ -3.0669454, 42.3550384 ], [ -3.0683416, 42.3549115 ], [ -3.0700413, 42.3546493 ], [ -3.0773371, 42.3531857 ], [ -3.0875715, 42.3521787 ], [ -3.092575, 42.3528863 ], [ -3.1024693, 42.3519954 ], [ -3.1092564, 42.3518811 ], [ -3.1096685, 42.3514485 ], [ -3.1101969, 42.3481157 ], [ -3.1098559, 42.3474946 ], [ -3.1089927, 42.346838 ], [ -3.109538, 42.346198 ], [ -3.1100099, 42.3452969 ], [ -3.1107711, 42.3432068 ], [ -3.1108139, 42.3399375 ], [ -3.1108852, 42.3390548 ], [ -3.1106902, 42.3385777 ], [ -3.1080415, 42.3372293 ], [ -3.1077374, 42.3368603 ], [ -3.1070191, 42.3356181 ], [ -3.1064724, 42.3353124 ], [ -3.1056465, 42.335034 ], [ -3.1047457, 42.3335218 ], [ -3.1046849, 42.3334588 ], [ -3.1044175, 42.3332429 ], [ -3.1042225, 42.3327747 ], [ -3.1039289, 42.331379 ], [ -3.1035642, 42.3310011 ], [ -3.1009876, 42.328905 ], [ -3.1006715, 42.328572 ], [ -3.1003071, 42.3283832 ], [ -3.0969676, 42.3272332 ], [ -3.0962027, 42.3270538 ], [ -3.0958626, 42.3269099 ], [ -3.0958015, 42.3265858 ], [ -3.095774, 42.3244603 ], [ -3.0980645, 42.322315 ], [ -3.1006982, 42.3224118 ], [ -3.1033898, 42.3207793 ], [ -3.1030601, 42.3195457 ], [ -3.1038112, 42.3187435 ], [ -3.1045019, 42.3181215 ], [ -3.1049864, 42.3175717 ], [ -3.1056033, 42.3163373 ], [ -3.1064852, 42.3139858 ], [ -3.1066418, 42.3133192 ], [ -3.1066649, 42.3125987 ], [ -3.1065909, 42.3118783 ], [ -3.1064567, 42.3114731 ], [ -3.1062012, 42.3110411 ], [ -3.1056545, 42.3106273 ], [ -3.1046585, 42.3100158 ], [ -3.1026183, 42.3089459 ], [ -3.102702, 42.3081803 ], [ -3.1035481, 42.3061982 ], [ -3.1035719, 42.3059009 ], [ -3.1031579, 42.3050097 ], [ -3.1010301, 42.3021566 ], [ -3.1001397, 42.2991223 ], [ -3.0998962, 42.2985371 ], [ -3.0999542, 42.2968979 ], [ -3.0999044, 42.2960694 ], [ -3.0993802, 42.2944397 ], [ -3.0969594, 42.2899567 ], [ -3.0958518, 42.2874539 ], [ -3.095595, 42.2860491 ], [ -3.0955209, 42.2852206 ], [ -3.0955428, 42.2836355 ], [ -3.0961666, 42.2790238 ], [ -3.0940529, 42.276729 ], [ -3.0917713, 42.275551 ], [ -3.0896213, 42.273049 ], [ -3.091291, 42.2703728 ], [ -3.0921508, 42.2695346 ], [ -3.0933491, 42.2680386 ], [ -3.0942195, 42.2662637 ], [ -3.0964965, 42.2645236 ], [ -3.0977189, 42.2630906 ], [ -3.0969037, 42.261182 ], [ -3.0960418, 42.2604262 ], [ -3.0955317, 42.2598863 ], [ -3.0941465, 42.2577709 ], [ -3.0937935, 42.2568076 ], [ -3.0928691, 42.2547099 ], [ -3.0929288, 42.2540974 ], [ -3.0928794, 42.253458 ], [ -3.0924892, 42.2518912 ], [ -3.0912265, 42.2504873 ], [ -3.0910562, 42.2501272 ], [ -3.0906551, 42.249362 ], [ -3.0901315, 42.2476872 ], [ -3.0895972, 42.2470032 ], [ -3.089124, 42.2466253 ], [ -3.0889051, 42.2461031 ], [ -3.0885894, 42.2457251 ], [ -3.0905163, 42.2454444 ], [ -3.0918733, 42.245056 ], [ -3.0923456, 42.2447314 ], [ -3.0927087, 42.2443709 ], [ -3.0938336, 42.2426948 ], [ -3.0939179, 42.2423706 ], [ -3.093844, 42.241515 ], [ -3.0939283, 42.2411547 ], [ -3.0951626, 42.2398388 ], [ -3.0966531, 42.2395944 ], [ -3.0977049, 42.2378373 ], [ -3.0978128, 42.2370987 ], [ -3.0996034, 42.2350978 ], [ -3.1001238, 42.23462 ], [ -3.1010681, 42.2339347 ], [ -3.1020609, 42.2333574 ], [ -3.1024833, 42.2322313 ], [ -3.1021909, 42.2312589 ], [ -3.10168, 42.2300525 ], [ -3.1004544, 42.2289818 ], [ -3.1001021, 42.2284057 ], [ -3.0996519, 42.2272533 ], [ -3.0992, 42.2249751 ], [ -3.0991617, 42.2237143 ], [ -3.0993777, 42.2223182 ], [ -3.0999211, 42.2211469 ], [ -3.100828, 42.2199302 ], [ -3.1010091, 42.2195158 ], [ -3.1010319, 42.2186332 ], [ -3.1011392, 42.2175073 ], [ -3.1014658, 42.2171468 ], [ -3.1019127, 42.2162457 ], [ -3.1024569, 42.2156238 ], [ -3.1033878, 42.2144071 ], [ -3.1037865, 42.2136863 ], [ -3.1044153, 42.2129832 ], [ -3.1060125, 42.2117659 ], [ -3.1081806, 42.2114667 ], [ -3.1091723, 42.2104751 ], [ -3.1096566, 42.2102765 ], [ -3.1109768, 42.2101041 ], [ -3.1115337, 42.2098784 ], [ -3.1126479, 42.2097152 ], [ -3.1133502, 42.2095164 ], [ -3.1136648, 42.2092909 ], [ -3.1139428, 42.2089304 ], [ -3.1148728, 42.2073894 ], [ -3.1152595, 42.2068576 ], [ -3.1162995, 42.2058389 ], [ -3.1168561, 42.2054691 ], [ -3.1187561, 42.2045034 ], [ -3.1204631, 42.2039703 ], [ -3.1221706, 42.2036803 ], [ -3.1236598, 42.2033185 ], [ -3.1251609, 42.2028125 ], [ -3.1279445, 42.2015936 ], [ -3.1288638, 42.2009351 ], [ -3.1293938, 42.1994575 ], [ -3.1294533, 42.1989621 ], [ -3.1293676, 42.1984938 ], [ -3.1290631, 42.1976476 ], [ -3.1285766, 42.1966304 ], [ -3.1283215, 42.1962794 ], [ -3.1274115, 42.1954609 ], [ -3.126272, 42.1949488 ], [ -3.1260535, 42.1946968 ], [ -3.1256521, 42.1938507 ], [ -3.125118, 42.1932388 ], [ -3.1237122, 42.192763 ], [ -3.1230097, 42.1927458 ], [ -3.1225846, 42.1920978 ], [ -3.1215172, 42.1912523 ], [ -3.1207654, 42.1907668 ], [ -3.1189109, 42.1899401 ], [ -3.1183772, 42.1894814 ], [ -3.117602, 42.1894101 ], [ -3.1164136, 42.1885287 ], [ -3.1153232, 42.1882686 ], [ -3.1142635, 42.1848293 ], [ -3.1146985, 42.1843065 ], [ -3.1144189, 42.1837033 ], [ -3.1143573, 42.183136 ], [ -3.1147776, 42.1811272 ], [ -3.1149566, 42.179659 ], [ -3.1149672, 42.1788033 ], [ -3.1146144, 42.177849 ], [ -3.1143349, 42.1773269 ], [ -3.1133524, 42.1763372 ], [ -3.1128917, 42.1760044 ], [ -3.1124798, 42.1758427 ], [ -3.111402, 42.1757717 ], [ -3.1108452, 42.1758263 ], [ -3.1101315, 42.1762143 ], [ -3.1095384, 42.1763409 ], [ -3.1091024, 42.1762693 ], [ -3.1076116, 42.1754151 ], [ -3.1068712, 42.174308 ], [ -3.1059494, 42.1733362 ], [ -3.1054404, 42.1730124 ], [ -3.1049315, 42.1727877 ], [ -3.1041322, 42.1726714 ], [ -3.102073, 42.1720788 ], [ -3.1017337, 42.1718359 ], [ -3.1014547, 42.171503 ], [ -3.1019131, 42.1704488 ], [ -3.1019244, 42.1699805 ], [ -3.101464, 42.1697377 ], [ -3.1005193, 42.1695134 ], [ -3.0972264, 42.1696063 ], [ -3.0965724, 42.1694537 ], [ -3.0970803, 42.169084 ], [ -3.0987262, 42.1686323 ], [ -3.0993796, 42.1683976 ], [ -3.0997786, 42.168091 ], [ -3.0998628, 42.1677217 ], [ -3.0998017, 42.1673885 ], [ -3.0990019, 42.1668668 ], [ -3.0989314, 42.1667949 ], [ -3.0950386, 42.163745 ], [ -3.091887, 42.1608835 ], [ -3.0905054, 42.1597318 ], [ -3.0898149, 42.1593451 ], [ -3.0899957, 42.1587415 ], [ -3.0894499, 42.1579764 ], [ -3.0892071, 42.1574722 ], [ -3.0890975, 42.156977 ], [ -3.0895514, 42.1526265 ], [ -3.0897559, 42.1516537 ], [ -3.0903713, 42.1503292 ], [ -3.0906119, 42.1492933 ], [ -3.0906714, 42.1485908 ], [ -3.090489, 42.1479695 ], [ -3.0898099, 42.1469523 ], [ -3.0894942, 42.146205 ], [ -3.0892993, 42.1453495 ], [ -3.0891764, 42.1439356 ], [ -3.0879128, 42.14028 ], [ -3.086712, 42.1382004 ], [ -3.0865173, 42.137345 ], [ -3.086287, 42.1370389 ], [ -3.0865759, 42.1359219 ], [ -3.0861882, 42.1355529 ], [ -3.0859698, 42.1351208 ], [ -3.0858602, 42.1345535 ], [ -3.0856782, 42.1342204 ], [ -3.0850848, 42.1338245 ], [ -3.0838138, 42.1334562 ], [ -3.0820479, 42.1339889 ], [ -3.0798585, 42.1345578 ], [ -3.0736526, 42.1358499 ], [ -3.066172, 42.1333236 ], [ -3.0589548, 42.1269691 ], [ -3.0569806, 42.1245293 ], [ -3.0525359, 42.1187133 ], [ -3.0492536, 42.1127975 ], [ -3.0343735, 42.0859632 ], [ -3.0300937, 42.086766 ], [ -3.027712, 42.0874511 ], [ -3.0255601, 42.0881451 ], [ -3.0241456, 42.0887399 ], [ -3.0234566, 42.0892714 ], [ -3.0208926, 42.0886775 ], [ -3.0191759, 42.0882815 ], [ -3.0169269, 42.0880927 ], [ -3.0150043, 42.0878137 ], [ -3.0146779, 42.0884262 ], [ -3.0129123, 42.0868683 ], [ -3.0117756, 42.0861749 ], [ -3.009587, 42.0849862 ], [ -3.0065279, 42.0837704 ], [ -3.0046512, 42.0834553 ], [ -3.0039043, 42.0833292 ], [ -3.0036496, 42.0834553 ], [ -3.0025864, 42.0839777 ], [ -3.0012322, 42.0849054 ], [ -3.0005431, 42.0854728 ], [ -2.9991889, 42.0860582 ], [ -2.9978588, 42.0865355 ], [ -2.9952592, 42.0871839 ], [ -2.9931915, 42.087526 ], [ -2.9910876, 42.0875799 ], [ -2.9903259, 42.0875078 ], [ -2.9890323, 42.086589 ], [ -2.9849458, 42.0853095 ], [ -2.9794328, 42.0841287 ], [ -2.9776798, 42.0839392 ], [ -2.9671124, 42.0842248 ], [ -2.9608736, 42.0842858 ], [ -2.960535, 42.0843577 ], [ -2.9586478, 42.0859062 ], [ -2.957185, 42.0856624 ], [ -2.9555044, 42.0855717 ], [ -2.9540051, 42.0855801 ], [ -2.9531585, 42.0858139 ], [ -2.9489011, 42.0875053 ], [ -2.9481149, 42.0877751 ], [ -2.9467122, 42.0879636 ], [ -2.9415118, 42.0891319 ], [ -2.9406411, 42.0892575 ], [ -2.9353327, 42.0894077 ], [ -2.9342697, 42.0883803 ], [ -2.931176, 42.0867753 ], [ -2.9314552, 42.0857847 ], [ -2.9317479, 42.0834972 ], [ -2.9324641, 42.0808948 ], [ -2.931946, 42.0792552 ], [ -2.9314272, 42.0782732 ], [ -2.9304133, 42.0768225 ], [ -2.92981, 42.0757864 ], [ -2.9290492, 42.0751104 ], [ -2.9283123, 42.0746506 ], [ -2.9280107, 42.074074 ], [ -2.9274445, 42.0724434 ], [ -2.9273366, 42.0716148 ], [ -2.9264926, 42.0697769 ], [ -2.9263725, 42.0691643 ], [ -2.9263973, 42.0685789 ], [ -2.9269195, 42.0665167 ], [ -2.9253024, 42.0644081 ], [ -2.923927, 42.0623447 ], [ -2.9229252, 42.0611822 ], [ -2.9230226, 42.0606058 ], [ -2.9229998, 42.059489 ], [ -2.9234, 42.0583724 ], [ -2.9234489, 42.0579221 ], [ -2.9231234, 42.0572464 ], [ -2.9218689, 42.0553361 ], [ -2.920205, 42.0523267 ], [ -2.9198077, 42.0512096 ], [ -2.9196639, 42.0502909 ], [ -2.9204266, 42.0492106 ], [ -2.9191236, 42.0476425 ], [ -2.9184364, 42.0464171 ], [ -2.9175085, 42.044507 ], [ -2.917353, 42.0433 ], [ -2.9164243, 42.0421195 ], [ -2.9152323, 42.0390293 ], [ -2.9150161, 42.0380835 ], [ -2.9156955, 42.0360124 ], [ -2.9157567, 42.0354451 ], [ -2.9154831, 42.0323105 ], [ -2.9144855, 42.0286351 ], [ -2.9136332, 42.0247345 ], [ -2.9135377, 42.0238968 ], [ -2.9136238, 42.0228521 ], [ -2.9122105, 42.0228421 ], [ -2.9116925, 42.0218869 ], [ -2.9108473, 42.0216341 ], [ -2.9090964, 42.0213085 ], [ -2.9054494, 42.0208012 ], [ -2.9046639, 42.0210347 ], [ -2.9034319, 42.0210157 ], [ -2.9028523, 42.0209341 ], [ -2.9024786, 42.0204564 ], [ -2.9001006, 42.0195988 ], [ -2.8985182, 42.0196334 ], [ -2.897214, 42.0194882 ], [ -2.896647, 42.0191004 ], [ -2.8960314, 42.0188746 ], [ -2.8950052, 42.0186035 ], [ -2.8938227, 42.0179359 ] ], [ [ -2.99427, 42.6035758 ], [ -2.994721, 42.6039181 ], [ -2.9971593, 42.6020991 ], [ -2.9982686, 42.6014507 ], [ -2.999378, 42.6009464 ], [ -2.9989757, 42.6017659 ], [ -2.9980125, 42.6033329 ], [ -2.998049, 42.60508 ], [ -2.9978661, 42.6054312 ], [ -2.9962811, 42.6068901 ], [ -2.9944156, 42.6094837 ], [ -2.9940863, 42.6104473 ], [ -2.9947566, 42.6125817 ], [ -2.994854, 42.6133653 ], [ -2.9945246, 42.6154906 ], [ -2.986453, 42.6147513 ], [ -2.9852216, 42.6142198 ], [ -2.9845513, 42.613085 ], [ -2.9828572, 42.6107972 ], [ -2.9857714, 42.609852 ], [ -2.9864301, 42.6083932 ], [ -2.9861134, 42.6073574 ], [ -2.9862476, 42.6070513 ], [ -2.9889666, 42.6055656 ], [ -2.9909661, 42.6048094 ], [ -2.9919414, 42.6045573 ], [ -2.99427, 42.6035758 ] ], [ [ -2.9427939, 42.5979772 ], [ -2.9431225, 42.5985177 ], [ -2.943402, 42.5994275 ], [ -2.9449707, 42.6035709 ], [ -2.9452143, 42.6038863 ], [ -2.943762, 42.6055696 ], [ -2.9432131, 42.6058936 ], [ -2.9423347, 42.6065776 ], [ -2.9405421, 42.6070359 ], [ -2.9402615, 42.6072789 ], [ -2.9380035, 42.6098354 ], [ -2.9351832, 42.6135533 ], [ -2.9344998, 42.6140752 ], [ -2.9321723, 42.6129121 ], [ -2.9297358, 42.6112174 ], [ -2.9295535, 42.6106859 ], [ -2.9295586, 42.606246 ], [ -2.9226287, 42.600829 ], [ -2.9276566, 42.5961403 ], [ -2.9303754, 42.5956287 ], [ -2.9348867, 42.5944066 ], [ -2.9362643, 42.5941012 ], [ -2.9391773, 42.5942919 ], [ -2.9396037, 42.5944543 ], [ -2.9403948, 42.5956615 ], [ -2.9427939, 42.5979772 ] ] ] } }
]
}
