{
"type": "FeatureCollection",
"name": "LA_RIOJA_line",
"crs": { "type": "name", "properties": { "name": "urn:ogc:def:crs:EPSG::3857" } },
"features": [
{ "type": "Feature", "properties": { "gid": 1, "nameunit": "Comunidad Autónoma de La Rioja" }, "geometry": { "type": "MultiLineString", "coordinates": [ [ [ -322138.869076056580525, 5163666.540834640152752 ], [ -322270.505598434072454, 5163766.568756498396397 ], [ -322384.739767454739194, 5163807.194381806999445 ], [ -322453.269047862442676, 5163841.016087208874524 ], [ -322516.390761366055813, 5163899.123070009052753 ], [ -322661.574977092503104, 5163920.889005609788001 ], [ -322837.716586611059029, 5163915.697302508167922 ], [ -323102.442128081806004, 5164044.211815804243088 ], [ -323144.040440679469611, 5164115.787598443217576 ], [ -323208.565892961865757, 5164128.006822293624282 ], [ -323345.709279229340609, 5164130.859265438281 ], [ -323433.146175148373004, 5164095.866548059508204 ], [ -323839.127244876523037, 5164171.885931667871773 ], [ -324034.042218600516208, 5164220.678845501504838 ], [ -324128.124665480863769, 5164258.566609569825232 ], [ -324185.79250317189144, 5164401.687318031676114 ], [ -324343.112992423644755, 5164403.198544836603105 ], [ -324333.538403020531405, 5164559.748554890044034 ], [ -324344.165740848111454, 5164685.278882840648293 ], [ -324439.038333474076353, 5165269.804845759645104 ], [ -324550.094776310725138, 5165820.635537971742451 ], [ -324580.551343713770621, 5166290.421923838555813 ], [ -324573.740928586455993, 5166375.459710580296814 ], [ -324498.109575985581614, 5166685.870150128379464 ], [ -324522.174623505270574, 5166827.641324228607118 ], [ -324654.862781112198718, 5167290.828511810861528 ], [ -324758.255433605110738, 5167467.788147979415953 ], [ -324775.56227483873954, 5167648.71637712046504 ], [ -324878.85396055347519, 5167935.041899296455085 ], [ -324955.348039207980037, 5168118.736102785915136 ], [ -325100.400452657369897, 5168353.805559892207384 ], [ -325015.497077029373031, 5168515.749943478964269 ], [ -325031.507046195270959, 5168653.488487974740565 ], [ -325075.739177945011761, 5168820.961713460274041 ], [ -325260.962342841958161, 5169272.133966617286205 ], [ -325400.613757237093523, 5169558.5363435940817 ], [ -325436.846136419975664, 5169659.847504132427275 ], [ -325431.403169917641208, 5169727.361838841810822 ], [ -325386.851996507262811, 5169894.771039061248302 ], [ -325389.389524299884215, 5170062.22606519702822 ], [ -325378.546783257683273, 5170148.644595183432102 ], [ -325490.060749201336876, 5170322.955840422771871 ], [ -325643.169020241010003, 5170632.357036728411913 ], [ -325823.192340403562412, 5170948.542217973619699 ], [ -325765.062304186751135, 5171257.775101377628744 ], [ -325762.294122409133706, 5171345.562356647104025 ], [ -325775.669715825410094, 5171437.416577875614166 ], [ -325869.624924527772237, 5171713.031348560005426 ], [ -325881.628393900580704, 5171837.304061300121248 ], [ -325944.665615910547785, 5172081.836061280220747 ], [ -325978.23456495674327, 5172168.311470017768443 ], [ -326060.265675083268434, 5172237.269083920866251 ], [ -326144.962330416892655, 5172338.646699773147702 ], [ -326212.120933934522327, 5172494.041323019191623 ], [ -326324.987876969389617, 5172711.61254601366818 ], [ -326382.737868444586638, 5172858.899223969317973 ], [ -326440.410047595796641, 5173104.800446772016585 ], [ -326360.686256554967258, 5173495.143792171031237 ], [ -326328.103486877633259, 5173838.256959324702621 ], [ -326297.024309562635608, 5173986.839073850773275 ], [ -326641.40718433825532, 5174227.595966122113168 ], [ -326759.737576661689673, 5174381.706482929177582 ], [ -327350.665182352298871, 5174359.178743819706142 ], [ -327447.593066736822948, 5174340.332941001281142 ], [ -328026.500059853075072, 5174165.088742757216096 ], [ -328182.654811397194862, 5174136.816429049707949 ], [ -328270.169964918168262, 5174096.340511391870677 ], [ -328744.105461203726009, 5173842.634788278490305 ], [ -328838.34241953730816, 5173807.562414015643299 ], [ -329005.242062291246839, 5173806.302888891659677 ], [ -329192.323260809120256, 5173819.911528948694468 ], [ -329355.16619867971167, 5173856.470876979641616 ], [ -329565.248341704718769, 5173624.209139577113092 ], [ -329602.939562814426608, 5173613.419615964405239 ], [ -330297.442384962865617, 5173604.267737224698067 ], [ -331473.793849399662577, 5173561.437991663813591 ], [ -331668.944931763631757, 5173589.859939537011087 ], [ -332282.651956174697261, 5173766.972849550656974 ], [ -332737.554602521762718, 5173958.888738508336246 ], [ -332881.55604865856003, 5174096.710715345107019 ], [ -332966.352446255914401, 5174107.529437270015478 ], [ -333200.556743699475192, 5174099.448845040053129 ], [ -333430.725932240718976, 5174048.129969470202923 ], [ -333720.117757800966501, 5173950.87442219350487 ], [ -333868.176910696667619, 5173879.277172602713108 ], [ -334018.926099087460898, 5173791.466394466347992 ], [ -334095.645711030287202, 5173706.356044359505177 ], [ -334246.389333446451928, 5173567.20748061966151 ], [ -334364.744327377411537, 5173488.850874722935259 ], [ -334393.092058346839622, 5173469.937049283646047 ], [ -334476.244601023732685, 5173488.847274916246533 ], [ -334685.157778075954411, 5173536.119478560984135 ], [ -335025.691781457513571, 5173718.470734757371247 ], [ -335269.328735953371506, 5173896.772526156157255 ], [ -335395.863486067741178, 5174000.782772291451693 ], [ -335592.41285255557159, 5174234.480236973613501 ], [ -335628.740743861475494, 5174142.604567144997418 ], [ -335842.762706304725725, 5174184.449758765287697 ], [ -336093.124471239454579, 5174212.770215098746121 ], [ -336284.227197681728285, 5174272.170860635116696 ], [ -336569.645028740167618, 5174361.265473937615752 ], [ -336646.346940883959178, 5174281.532338034361601 ], [ -336803.804464428802021, 5174192.318168769590557 ], [ -337043.359444516827352, 5174088.21462821867317 ], [ -337308.482841847697273, 5173985.448275129310787 ], [ -337784.907775905856397, 5173865.030056342482567 ], [ -339441.360277945175767, 5177890.968927149660885 ], [ -339806.747470841160975, 5178778.739336155354977 ], [ -340301.525092748866882, 5179651.622415019199252 ], [ -340521.291252236522269, 5180017.808604678139091 ], [ -341324.708952857530676, 5180971.649122396484017 ], [ -342157.442641378904227, 5181350.871034836396575 ], [ -342848.280380612472072, 5181156.911515103653073 ], [ -343092.003719033149537, 5181071.504813084378839 ], [ -343288.584366297873203, 5180991.547132919542491 ], [ -343430.068322150385939, 5181046.836849000304937 ], [ -343496.127645696396939, 5181106.257222620770335 ], [ -343516.38122517085867, 5181156.259874637238681 ], [ -343528.587629975343589, 5181241.422651696018875 ], [ -343552.897357735724654, 5181306.294027546420693 ], [ -343596.056146955292206, 5181361.682399058714509 ], [ -343563.893163077766076, 5181529.365800405852497 ], [ -343589.532156877801754, 5181575.308891069144011 ], [ -343611.211961668275762, 5181703.731518539600074 ], [ -343744.884072254411876, 5182015.924620140343904 ], [ -343885.542037485342007, 5182564.747298056259751 ], [ -343899.230438670609146, 5182777.027360282838345 ], [ -343920.917256588989403, 5182905.465323031879961 ], [ -343956.060374554421287, 5183017.66380634624511 ], [ -344031.664008602150716, 5183170.388356876559556 ], [ -344051.969685598218348, 5183263.673471531830728 ], [ -344045.342613672313746, 5183369.15871283877641 ], [ -344018.557474395143799, 5183524.702128710225224 ], [ -343950.048565454198979, 5183723.566983874887228 ], [ -343927.293303063255735, 5183869.64511601626873 ], [ -343876.758929661707953, 5184522.9118213923648 ], [ -343888.961883561918512, 5184597.284304609522223 ], [ -343915.988697453634813, 5184672.994170038029552 ], [ -343976.743424624437466, 5184787.891359178349376 ], [ -343956.624096455867402, 5184878.529956311918795 ], [ -344033.492097279930022, 5184936.606365528889 ], [ -344187.2906604820746, 5185109.564685675315559 ], [ -344538.118711135641206, 5185539.295834513381124 ], [ -344971.47034934302792, 5185997.342221627943218 ], [ -344979.315924415190239, 5186008.15436702221632 ], [ -345068.351590860984288, 5186086.504715723916888 ], [ -345075.147200495935977, 5186136.545441462658346 ], [ -345065.776771038887091, 5186192.016189824789762 ], [ -345021.3553961548605, 5186238.059475905261934 ], [ -344948.619463509472553, 5186273.314106125384569 ], [ -344765.40695125516504, 5186341.159901985898614 ], [ -344708.864330977085046, 5186396.685164486989379 ], [ -344781.666832677845377, 5186419.598308279179037 ], [ -345148.232119744934607, 5186405.645247750915587 ], [ -345253.393750265997369, 5186439.338306455872953 ], [ -345304.65003056533169, 5186475.800366379320621 ], [ -345303.384439274435863, 5186546.14375071413815 ], [ -345252.35436018044129, 5186704.475683975964785 ], [ -345283.411273597332183, 5186754.490525611676276 ], [ -345321.191550299758092, 5186790.969866691157222 ], [ -345550.420200463267975, 5186879.975186204537749 ], [ -345639.395420425571501, 5186897.451970280148089 ], [ -345696.043571580899879, 5186931.201597743667662 ], [ -345752.710201771813445, 5186979.831691446714103 ], [ -345855.322393314738292, 5187125.806080186739564 ], [ -345937.745236729446333, 5187292.099784954451025 ], [ -346103.691428044636268, 5187420.408922131173313 ], [ -346152.228173183975741, 5187431.169361894018948 ], [ -346218.249759422673378, 5187412.144263757392764 ], [ -346297.699593196681235, 5187353.868562099523842 ], [ -346359.690634632250294, 5187345.670504990033805 ], [ -346479.663657361816149, 5187356.335476141422987 ], [ -346525.522389511053916, 5187380.625969002954662 ], [ -346576.806277044059243, 5187430.613426821306348 ], [ -346686.179012582404539, 5187579.282529711723328 ], [ -346717.283793380309362, 5187657.708026187494397 ], [ -346756.562430428748485, 5187801.062364500947297 ], [ -346755.384336257760879, 5187929.591238310560584 ], [ -346735.456254974356852, 5188150.147870134562254 ], [ -346688.673905010044109, 5188451.92538386117667 ], [ -346695.526064946316183, 5188537.155672959983349 ], [ -346726.650215335714165, 5188627.766048644669354 ], [ -346678.223899131291546, 5188706.307017559185624 ], [ -346796.189497483428568, 5189223.022066404111683 ], [ -346917.572938161320053, 5189262.097138588316739 ], [ -347049.868805882753804, 5189394.521607362665236 ], [ -347136.164788340567611, 5189405.227191304787993 ], [ -347195.577670369297266, 5189474.154583578929305 ], [ -347402.018775489472318, 5189598.354211996309459 ], [ -347485.707766792445909, 5189671.306334289722145 ], [ -347604.52763091691304, 5189798.335185837931931 ], [ -347651.852663398836739, 5189895.697256171144545 ], [ -347730.053047208290081, 5189898.290440443903208 ], [ -347886.549660908756778, 5189969.782010511495173 ], [ -347946.004844343930017, 5190061.713563438504934 ], [ -347990.68147482041968, 5190188.85191485285759 ], [ -348015.005228836729657, 5190226.706972932443023 ], [ -348141.85523574904073, 5190303.653710718266666 ], [ -348243.157976121758111, 5190426.649340045638382 ], [ -348271.550234887516126, 5190479.384714954532683 ], [ -348325.70972750679357, 5190632.225509970448911 ], [ -348359.607514328730758, 5190759.386075780726969 ], [ -348369.150934274483006, 5190829.744963240809739 ], [ -348362.520188805356156, 5190904.188930624164641 ], [ -348303.521971879876219, 5191126.229903852567077 ], [ -348201.189860175771173, 5191225.181343958713114 ], [ -347891.320035047654528, 5191408.351335307583213 ], [ -347724.222466239065398, 5191484.38705693744123 ], [ -347558.440137214143761, 5191538.763622127473354 ], [ -347368.368674534547608, 5191582.344234795309603 ], [ -347178.345413194503635, 5191662.464431279338896 ], [ -346966.830699642479885, 5191807.577414274215698 ], [ -346904.874389888020232, 5191863.154782174155116 ], [ -346789.10646092321258, 5192016.256656070239842 ], [ -346746.059325152949896, 5192096.17176721803844 ], [ -346642.525853504193947, 5192327.764616185799241 ], [ -346611.579591661167797, 5192381.947929160669446 ], [ -346576.560928886407055, 5192415.833528472110629 ], [ -346498.382029738626443, 5192445.715483177453279 ], [ -346374.343953163828701, 5192470.242631584405899 ], [ -346312.352243811415974, 5192504.162812719121575 ], [ -346165.388586024579126, 5192530.07085201703012 ], [ -346111.482233927352354, 5192559.918749147094786 ], [ -346001.082353447622154, 5192708.954338637180626 ], [ -345759.734239001874812, 5192753.926205836236477 ], [ -345581.934859626402613, 5192936.884163731709123 ], [ -345511.930818604596425, 5193042.553537360392511 ], [ -345467.553303599823266, 5193150.899774371646345 ], [ -345363.919755728915334, 5193333.770991694182158 ], [ -345303.337128490966279, 5193427.248414081521332 ], [ -345253.592121598485392, 5193562.678850812837481 ], [ -345217.238960768154357, 5193616.870866352692246 ], [ -345205.296383156906813, 5193786.102508631534874 ], [ -345202.752510153339244, 5193918.774076796136796 ], [ -345182.59266169014154, 5193981.071645620279014 ], [ -345081.64224750577705, 5194163.952243767678738 ], [ -345021.146226831595413, 5194340.019134595990181 ], [ -344997.10611487791175, 5194549.893067101016641 ], [ -345001.368983458261937, 5194739.43031467217952 ], [ -345051.671144402003847, 5195081.911009917967021 ], [ -345101.781947141047567, 5195255.157640283927321 ], [ -345141.002586734830402, 5195341.765228550881147 ], [ -345277.439316874777433, 5195502.727813008241355 ], [ -345334.311331526085269, 5195684.096872724592686 ], [ -345366.860705356230028, 5195830.293097521178424 ], [ -345319.842358071298804, 5195999.606010159477592 ], [ -345209.318022400781047, 5196086.397805009968579 ], [ -345104.206819609098602, 5196189.431870423257351 ], [ -345046.277158475597389, 5196261.266728959977627 ], [ -344846.944916037493385, 5196562.111966620199382 ], [ -344834.927197769924533, 5196673.166050327941775 ], [ -344717.841691312030889, 5196937.363767490722239 ], [ -344551.927560009993613, 5196974.11321309581399 ], [ -344414.520012590917759, 5197171.980460605584085 ], [ -344405.133553127234336, 5197226.160160674713552 ], [ -344413.367967180674896, 5197354.804374084807932 ], [ -344403.975496464525349, 5197403.568037346936762 ], [ -344278.760104955057614, 5197655.600529954768717 ], [ -344238.337882777559571, 5197709.81622476130724 ], [ -344185.765472138591576, 5197758.627878114581108 ], [ -344034.700136394065339, 5197817.024478630162776 ], [ -343820.196828472660854, 5197859.232865491881967 ], [ -343855.338054006802849, 5197916.078182910569012 ], [ -343879.706781097338535, 5197994.60461144708097 ], [ -343932.390733866079245, 5198051.432243255898356 ], [ -343991.869962311349809, 5198154.301177061162889 ], [ -344050.156068454321939, 5198406.155105761252344 ], [ -344094.807540725800209, 5198521.232744042761624 ], [ -344113.756567087664735, 5198575.389471027068794 ], [ -344254.324252211488783, 5198786.531517621129751 ], [ -344297.759113768173847, 5199022.162946782074869 ], [ -344303.259855086216703, 5199118.326118608936667 ], [ -344296.610519262205344, 5199210.44002896733582 ], [ -344399.516037663328461, 5199525.935461870394647 ], [ -344438.810927357408218, 5199670.831532838754356 ], [ -344593.016029339807574, 5199988.992822669446468 ], [ -344649.791307353705633, 5200070.207284393720329 ], [ -344745.744366957282182, 5200183.889416098594666 ], [ -344836.496023353654891, 5200470.977387975901365 ], [ -344700.412955236039124, 5200686.530494568869472 ], [ -344446.942259562376421, 5200948.278259113430977 ], [ -344350.043540884449612, 5201215.276048772037029 ], [ -344216.648393191513605, 5201440.319801852107048 ], [ -344120.940347786992788, 5201566.422251638956368 ], [ -343935.070973245950881, 5201969.016823196783662 ], [ -344174.406987895548809, 5202345.43509063962847 ], [ -344428.397434271639213, 5202522.661469374783337 ], [ -344663.685872235975694, 5202867.930958041921258 ], [ -344594.251675687613897, 5203561.816895022056997 ], [ -344591.815782590128947, 5203800.327864256687462 ], [ -344600.055317340127658, 5203924.995795055292547 ], [ -344628.644945563166402, 5204136.376620845869184 ], [ -344751.941300370788667, 5204512.997880103066564 ], [ -345021.429423616209533, 5205187.641587560996413 ], [ -345079.780985619639978, 5205432.899480969645083 ], [ -345085.327479248517193, 5205557.591444713063538 ], [ -345078.861375306209084, 5205804.289595881476998 ], [ -345105.973459927889053, 5205892.363319663330913 ], [ -345205.095451475994196, 5206349.052320674993098 ], [ -345441.958169679157436, 5206778.485230203717947 ], [ -345488.040765324374661, 5206912.634812357835472 ], [ -345485.393253874848597, 5206957.373487059958279 ], [ -345391.203940283332486, 5207255.728688160888851 ], [ -345381.886498903913889, 5207370.972198145464063 ], [ -345609.000857978826389, 5207532.025002836249769 ], [ -345719.873623655585106, 5207624.077243982814252 ], [ -345780.733881703636143, 5207686.365257808938622 ], [ -345809.180130422406364, 5207751.40514494292438 ], [ -345824.113974070816766, 5207812.394877171143889 ], [ -345832.353063542919699, 5207920.844801700673997 ], [ -345829.785924765688833, 5208029.309365523979068 ], [ -345812.349618964246474, 5208129.659092900343239 ], [ -345714.17462232435355, 5208483.648228866048157 ], [ -345645.507305748062208, 5208669.48444006126374 ], [ -345591.572233222250361, 5208752.258636442944407 ], [ -345514.683860931370873, 5208845.908192832954228 ], [ -345431.071680077060591, 5208966.684164462611079 ], [ -345467.76993132889038, 5209152.401125523261726 ], [ -345168.144727619015612, 5209398.185340342111886 ], [ -344874.962473397317808, 5209383.609601644799113 ], [ -344619.984400498855393, 5209706.62352820392698 ], [ -344623.042569549928885, 5210026.644440098665655 ], [ -344629.852316760283429, 5210075.455111458897591 ], [ -344667.707066201954149, 5210097.109825897030532 ], [ -344752.856346585147548, 5210124.135187353938818 ], [ -345124.609678520646412, 5210297.286189775913954 ], [ -345165.176616036042105, 5210325.716686983592808 ], [ -345200.364707075816114, 5210375.851106568239629 ], [ -345487.184607120696455, 5210691.486974729225039 ], [ -345527.78872534603579, 5210748.396348521113396 ], [ -345560.472016523475759, 5210958.564246364869177 ], [ -345582.177313477324788, 5211029.060207762755454 ], [ -345611.943922676378861, 5211061.572900004684925 ], [ -345618.711591119179502, 5211071.058067224919796 ], [ -345718.983179048693273, 5211298.781129309907556 ], [ -345810.921167258406058, 5211340.71091288421303 ], [ -345871.785655447165482, 5211386.747675318270922 ], [ -345951.745889086450916, 5211573.812631590291858 ], [ -345985.598480195214506, 5211629.377667412161827 ], [ -346280.446185318694916, 5211832.446747510693967 ], [ -346302.160610470746178, 5211904.303863075561821 ], [ -346294.224198694166262, 5212037.235392010770738 ], [ -346289.454715111176483, 5212529.608632646501064 ], [ -346204.717873441346455, 5212844.412150208838284 ], [ -346152.183422748697922, 5212980.126729621551931 ], [ -346091.488251505536027, 5213076.514930758625269 ], [ -346187.572668108332437, 5213175.416762906126678 ], [ -346225.535731414565817, 5213268.967577805742621 ], [ -346166.709725741297007, 5213770.96971826441586 ], [ -346120.837857892154716, 5213836.145094774663448 ], [ -345365.300451373215765, 5213853.358311308547854 ], [ -344263.869341949524824, 5213987.559630101546645 ], [ -343706.882492404314689, 5213880.971615162678063 ], [ -342567.594295829650946, 5214032.649874509312212 ], [ -341755.432671845832374, 5214253.123183657415211 ], [ -341566.229167235956993, 5214292.618933646939695 ], [ -341410.800552730273921, 5214311.734791205264628 ], [ -341312.162912286585197, 5214357.937995941378176 ], [ -341125.724917786661536, 5214485.608031188137829 ], [ -341050.017088695545681, 5214469.384129736572504 ], [ -341023.050943926267792, 5214561.659436873160303 ], [ -341015.013565371511504, 5214660.70543478243053 ], [ -341051.626879851915874, 5214818.058990449644625 ], [ -341021.979271188378334, 5214941.545091923326254 ], [ -341034.36367585870903, 5215237.313766627572477 ], [ -341003.456375837384257, 5215488.348034529946744 ], [ -341125.225761189882178, 5215625.299016966484487 ], [ -341243.01725585834356, 5215859.948848312720656 ], [ -341353.998224080132786, 5216021.334869630634785 ], [ -341520.443126714322716, 5216220.67284292448312 ], [ -341841.076210768194869, 5216486.377856289967895 ], [ -342160.442812975379638, 5216830.787782303057611 ], [ -342600.602305961714592, 5217652.794430868700147 ], [ -342802.381573446502443, 5217983.758819243870676 ], [ -343021.747762003738899, 5218307.927716842852533 ], [ -343151.676977350842208, 5218424.526824959553778 ], [ -343158.507652625441551, 5218496.45494722854346 ], [ -343257.376503651437815, 5218652.445842614397407 ], [ -343275.02131085912697, 5218718.935866242274642 ], [ -343399.598285088897683, 5218884.40519302058965 ], [ -344523.120524821570143, 5218636.200027396902442 ], [ -345501.201957401353866, 5218936.388682030141354 ], [ -345579.578671284252778, 5218887.429969565942883 ], [ -345677.125603357097134, 5219032.544722555205226 ], [ -345593.515871531504672, 5219226.748819151893258 ], [ -345470.933185979316477, 5219628.687474071979523 ], [ -345149.811743319267407, 5220277.941818702965975 ], [ -344827.210308029141743, 5220853.920101033523679 ], [ -344755.547495275037363, 5220877.080688924528658 ], [ -344774.685764771187678, 5221054.906865540891886 ], [ -344693.809260403155349, 5221306.162909425795078 ], [ -344652.119443184114061, 5221523.438522522337735 ], [ -344615.981240290391725, 5221868.339862674474716 ], [ -344705.308118524204474, 5221907.614436513744295 ], [ -344774.471920029434841, 5222059.60564336180687 ], [ -344909.98659082717495, 5222264.47686418518424 ], [ -344966.925842450931668, 5222368.962683096528053 ], [ -344999.596665845368989, 5222544.084814795292914 ], [ -344982.249415636644699, 5222751.856697318144143 ], [ -345090.653560285514686, 5222899.73987839743495 ], [ -345095.053129200590774, 5223191.685930093750358 ], [ -345240.322059059573803, 5223616.55781214684248 ], [ -345209.204365200654138, 5223617.952438740991056 ], [ -344888.558256766351406, 5223634.620873688720167 ], [ -344834.080613042460755, 5223618.387156964279711 ], [ -344781.632768913696054, 5223602.150904738344252 ], [ -344738.565372996090446, 5223617.816579877398908 ], [ -344680.19800362479873, 5223638.931121661327779 ], [ -344457.072333224583417, 5223750.535336728207767 ], [ -344201.587756643071771, 5223973.529220480471849 ], [ -344037.988625471654814, 5224089.137503645382822 ], [ -344016.730053634208161, 5224459.917420908808708 ], [ -342873.89544072188437, 5223617.699870930984616 ], [ -342661.329537218261976, 5223461.727492881938815 ], [ -342708.89936126046814, 5222219.22194055840373 ], [ -342743.852902133134194, 5221980.221237774938345 ], [ -342857.023747377796099, 5221483.189419999718666 ], [ -343159.270191137271468, 5220692.760953682474792 ], [ -343031.815162792627234, 5220365.712090333923697 ], [ -342947.871361175202765, 5220274.837161014787853 ], [ -342843.494755703199189, 5220026.512011002749205 ], [ -342814.992847238958348, 5219919.297965664416552 ], [ -342809.584167139837518, 5219920.660394350066781 ], [ -342717.49667685397435, 5219791.786572919227183 ], [ -342309.08116118167527, 5219827.445191699080169 ], [ -342279.259448834520299, 5219750.096520127728581 ], [ -342314.34045052411966, 5219655.045375861227512 ], [ -342296.562059927557129, 5219429.73015860747546 ], [ -342127.324151269451249, 5219212.694792523980141 ], [ -342141.952868193504401, 5218923.568060982972383 ], [ -341512.44337414734764, 5218075.795933422632515 ], [ -341367.473003162711393, 5217710.828543475829065 ], [ -341277.868605438445229, 5217238.620581543073058 ], [ -341129.010289918340277, 5217069.099098882637918 ], [ -340854.398575789760798, 5216875.243199539370835 ], [ -340666.328637554601301, 5216682.680004886351526 ], [ -340380.985279235581402, 5216583.814449656754732 ], [ -340290.415741526172496, 5216606.943643582984805 ], [ -340174.280680880765431, 5216820.06986821256578 ], [ -339874.287566253740806, 5217080.811649370007217 ], [ -340028.758610499615315, 5217608.626495883800089 ], [ -340058.720028807641938, 5217945.183186465874314 ], [ -340110.299469588790089, 5218250.521380200982094 ], [ -340193.174826733593363, 5218847.666518202982843 ], [ -340265.008180947566871, 5219090.581571080721915 ], [ -340384.187607027241029, 5219345.687251070514321 ], [ -340462.870115551282652, 5219703.990576712414622 ], [ -340546.851988434558734, 5219892.618881225585938 ], [ -340546.959300423623063, 5220048.728210039436817 ], [ -340752.699871988268569, 5220273.93004706967622 ], [ -340954.956700088514481, 5221271.61169842351228 ], [ -341085.156421798339579, 5221731.773221105337143 ], [ -340925.778414398198947, 5222069.96932421810925 ], [ -340710.879365687025711, 5222347.11222084145993 ], [ -340517.583979234565049, 5222580.792316222563386 ], [ -340517.946435496676713, 5223110.365823494270444 ], [ -340365.4860438934993, 5223615.627759625203907 ], [ -340347.851255439920351, 5223674.033365750685334 ], [ -341004.928130825166591, 5224842.883748753927648 ], [ -340795.496761543210596, 5225281.732398971915245 ], [ -340380.663231948681641, 5226200.223779160529375 ], [ -340098.022376907640137, 5226538.644760553725064 ], [ -339647.663124257873278, 5227102.675281423144042 ], [ -339079.608890937990509, 5227896.380395401269197 ], [ -339497.027704386622645, 5228769.770365224219859 ], [ -339555.295888091553934, 5228867.565487194806337 ], [ -339967.159858949715272, 5229378.217905502766371 ], [ -340110.746751302795019, 5229503.139180516824126 ], [ -340747.719660609203856, 5230436.273850034922361 ], [ -340894.403238557104487, 5231062.671629241667688 ], [ -341106.180443468503654, 5231788.277944250032306 ], [ -342119.823666618729476, 5232623.390701721422374 ], [ -343120.365921536402311, 5232322.093232355080545 ], [ -343127.310476650076453, 5232502.866062957793474 ], [ -343173.394185490207747, 5232542.24039401113987 ], [ -343899.755087430705316, 5232984.64435226842761 ], [ -344024.198255632596556, 5232834.989647520706058 ], [ -344136.601664307818282, 5234100.467494388110936 ], [ -344421.055468575912528, 5234105.598728141747415 ], [ -344499.912971339421347, 5234373.334740653634071 ], [ -344339.287072447536048, 5234894.222282692790031 ], [ -344097.026694774802309, 5235099.78334004431963 ], [ -343782.91125558729982, 5235260.547930275090039 ], [ -343620.506359913153574, 5235415.714380246587098 ], [ -343217.043448386248201, 5235662.216227357275784 ], [ -342909.734305504825898, 5235893.660794663242996 ], [ -342785.227017276280094, 5236036.549872823059559 ], [ -342750.566469303390477, 5236190.236111985519528 ], [ -342747.445850017946213, 5236203.8367766039446 ], [ -342348.603587914956734, 5237153.371588788926601 ], [ -342322.938767993007787, 5237244.509246909990907 ], [ -342329.869964767771307, 5237424.016219231300056 ], [ -342350.292193270754069, 5237535.515810591168702 ], [ -342349.024932187516242, 5237636.155724130570889 ], [ -342276.348110191873275, 5238207.432141992263496 ], [ -342193.971130407357123, 5238539.366359899751842 ], [ -342199.436026849318296, 5238591.046388251706958 ], [ -342390.924809285672382, 5239060.135698760859668 ], [ -342429.014999450417235, 5239223.326934422366321 ], [ -342468.40139376593288, 5239318.507769613526762 ], [ -342077.25787632673746, 5239943.211871599778533 ], [ -342046.226455073105171, 5240111.918873555026948 ], [ -341975.86006910877768, 5240248.01268245652318 ], [ -341948.839043830579612, 5240352.783550990745425 ], [ -341962.4476289410959, 5240418.070733516477048 ], [ -342037.099926620430779, 5240541.804770356975496 ], [ -342115.781433269032277, 5240619.282306366600096 ], [ -342262.268643635266926, 5240733.432694847695529 ], [ -342471.282453507184982, 5241040.712633462622762 ], [ -342520.084361673449166, 5241044.750756817869842 ], [ -342731.533730684430338, 5241033.676172527484596 ], [ -342877.884129396523349, 5240985.92493761330843 ], [ -342936.11713614227483, 5240928.731120334006846 ], [ -343006.559108040877618, 5240882.409468761645257 ], [ -343070.273375193821266, 5240889.151395636610687 ], [ -343317.113770676311105, 5241034.483615177683532 ], [ -343164.162126160343178, 5241264.554713195189834 ], [ -343187.25602244224865, 5241316.23199360165745 ], [ -343266.020239472563844, 5241463.092690285295248 ], [ -343327.064619958400726, 5241507.931091313250363 ], [ -343435.529433729709126, 5241526.872294500470161 ], [ -343501.983830148645211, 5241558.098970362916589 ], [ -343560.32281304965727, 5241607.020602740347385 ], [ -343668.885587972879875, 5241721.19880530051887 ], [ -343799.24850405624602, 5241940.120656412094831 ], [ -343899.581095066620037, 5241954.983723234385252 ], [ -344127.208414355118293, 5241841.815215788781643 ], [ -344432.038917454425246, 5241672.77482707425952 ], [ -344671.751303302473389, 5241468.426738851703703 ], [ -344732.670783319568727, 5241396.250102210789919 ], [ -344921.13223220378859, 5241430.049242107197642 ], [ -344991.668491711025126, 5241470.784217664971948 ], [ -345018.853713238204364, 5241534.698328893631697 ], [ -345081.328883139183745, 5241636.667453560046852 ], [ -345391.299452406412456, 5241251.270644606091082 ], [ -345920.398988396045752, 5240518.698340001516044 ], [ -346156.448851677472703, 5240678.928659999743104 ], [ -346342.274700297683012, 5240778.001005819067359 ], [ -347027.154509064333979, 5241046.458398140966892 ], [ -347166.828187357576098, 5241087.080382001586258 ], [ -347473.19701450021239, 5241102.976908044889569 ], [ -347909.778031135618221, 5241174.453823445364833 ], [ -348216.693325658561662, 5241553.585501558147371 ], [ -348355.181896652793512, 5241698.957114045508206 ], [ -348486.735152051085606, 5241738.213609116151929 ], [ -348543.755778222694062, 5241793.910172969102859 ], [ -348594.034450753824785, 5241872.74712245631963 ], [ -348640.278459660708904, 5241971.999855177477002 ], [ -348711.137545691337436, 5242208.63922075740993 ], [ -348760.123131017491687, 5242325.579148356802762 ], [ -348826.738495419966057, 5242445.214115644805133 ], [ -348905.495142724888865, 5242525.370981792919338 ], [ -348607.533720124396496, 5242719.054465816356242 ], [ -348105.968280946079176, 5242760.634931907057762 ], [ -348021.955795202869922, 5242790.695173051208258 ], [ -347904.134132952371147, 5242879.315966167487204 ], [ -347637.404284049931448, 5243128.721135639585555 ], [ -347493.827855728915893, 5243226.902336025610566 ], [ -347167.568350651825313, 5243583.893345105461776 ], [ -347070.080195270071272, 5243682.008716385811567 ], [ -346750.408466338762082, 5243919.23423015512526 ], [ -346651.477053758862894, 5243957.471347823739052 ], [ -346079.428899748425465, 5244077.974158707074821 ], [ -345977.798323475348298, 5244129.817364390939474 ], [ -345811.178537921223324, 5244260.674622753635049 ], [ -345695.993032532162033, 5244319.337259228341281 ], [ -345620.0551060535945, 5244316.708265610970557 ], [ -345595.609457194863353, 5244285.436490366235375 ], [ -345571.13085776695516, 5244226.94603497069329 ], [ -345534.463887291902211, 5244180.718952451832592 ], [ -345507.362823299830779, 5244195.722007680684328 ], [ -345508.901258662634064, 5244346.784195805899799 ], [ -345529.337847379909363, 5244427.055753437802196 ], [ -345582.31679679924855, 5244505.927407990209758 ], [ -345562.273722481913865, 5244752.290838616900146 ], [ -345441.899726946488954, 5245015.114084792323411 ], [ -345360.696277233946603, 5245151.316585727035999 ], [ -345123.658787430205848, 5245392.507660667411983 ], [ -344772.723313468042761, 5245662.412087068893015 ], [ -343786.091096841846593, 5246311.39858050365001 ], [ -343790.244315723888576, 5246394.429647822864354 ], [ -343718.540648716676515, 5246571.465767573565245 ], [ -343661.677205666084774, 5246672.257748777978122 ], [ -343333.901751763420179, 5247139.514472542330623 ], [ -343126.580332109937444, 5247356.171442098915577 ], [ -343151.094108497025445, 5247459.613322033546865 ], [ -343204.144525029463693, 5247616.123687542974949 ], [ -343418.963535026821773, 5248126.458600396290421 ], [ -343553.724572871811688, 5248594.688175740651786 ], [ -343260.79646104760468, 5248694.370754836127162 ], [ -343064.098816998070106, 5248705.452071201056242 ], [ -342874.242757533211261, 5248780.516899003647268 ], [ -342787.451514660730027, 5248815.998194303363562 ], [ -342673.56132286664797, 5248889.6281932676211 ], [ -342421.417555523337796, 5249107.711541138589382 ], [ -342327.859312125074212, 5249167.70522861648351 ], [ -342204.448298241826706, 5249222.277398214675486 ], [ -341539.97157102561323, 5249608.174160066060722 ], [ -341137.009485887887422, 5249596.225393306463957 ], [ -340922.645104690920562, 5249597.743161788210273 ], [ -340715.0794500746415, 5249621.038474074564874 ], [ -340618.769945461477619, 5249649.700646141543984 ], [ -341031.455565481155645, 5249970.777333397418261 ], [ -341189.089864377456252, 5250301.572715499438345 ], [ -341214.946042504045181, 5250403.688860645517707 ], [ -341151.63274815690238, 5251024.743440000340343 ], [ -340887.161571722535882, 5251212.880341152660549 ], [ -340744.74186423048377, 5251302.868662380613387 ], [ -340682.370221455930732, 5251375.09531375952065 ], [ -340743.480614399828482, 5251440.426797120831907 ], [ -340683.932033911754843, 5251672.004638370126486 ], [ -340765.438161319762003, 5251791.804242428392172 ], [ -341157.91506361978827, 5252179.702385460026562 ], [ -341223.121568546805065, 5252266.826434279792011 ], [ -341265.25488261715509, 5252349.882001922465861 ], [ -341288.40221225481946, 5252450.659870876930654 ], [ -341295.289660469745286, 5252585.504091679118574 ], [ -341291.351733482908458, 5252762.585151340812445 ], [ -341313.117254281183705, 5252829.314466793090105 ], [ -341382.42287681781454, 5252945.046537972055376 ], [ -341525.17342583660502, 5253256.881246442906559 ], [ -341650.381692898634356, 5253687.256359149701893 ], [ -341801.718759520212188, 5254523.617116491310298 ], [ -342662.654684436682146, 5254874.384008631110191 ], [ -342668.142067415814381, 5254938.414783169515431 ], [ -342627.51067591534229, 5255043.36220626719296 ], [ -342810.947274304518942, 5255231.219151314347982 ], [ -343041.807868203090038, 5255314.116735341027379 ], [ -343449.179429690761026, 5255419.999116435647011 ], [ -343576.848191457916982, 5255477.09846081584692 ], [ -342982.733286106900778, 5256021.34739969484508 ], [ -343391.983252682199236, 5256631.427594452165067 ], [ -343270.25872908445308, 5257123.497737935744226 ], [ -343326.234955793537665, 5257439.613434662111104 ], [ -342895.657844574539922, 5257294.203732419759035 ], [ -342609.106781099922955, 5257242.680136768147349 ], [ -342038.776064193283673, 5257195.480005658231676 ], [ -341678.915216098190285, 5257150.80494458694011 ], [ -341323.249554333218839, 5257262.833930755965412 ], [ -341191.55726089089876, 5257287.464739631861448 ], [ -340786.914808039553463, 5257280.947141110897064 ], [ -340469.184045749600045, 5257287.981819791719317 ], [ -340231.581275571603328, 5257319.484418383799493 ], [ -339611.069290688319597, 5257363.47870300989598 ], [ -339349.005509561975487, 5257367.717070257291198 ], [ -339107.291376630484592, 5257337.866796367801726 ], [ -338498.976223075471353, 5257343.622050497680902 ], [ -338088.831359113624785, 5257166.639758968725801 ], [ -337747.968183997902088, 5257038.675905711948872 ], [ -337598.623958900454454, 5257079.615947870537639 ], [ -337441.121239642321598, 5257090.575329666025937 ], [ -337301.264218147785868, 5257085.172660336829722 ], [ -337234.724662318476476, 5257064.753222193568945 ], [ -337145.095329028263222, 5257021.173592258244753 ], [ -337067.684868325537536, 5256970.775651824660599 ], [ -336953.613225761393551, 5256914.937428192235529 ], [ -336794.714560088643339, 5256781.434228850528598 ], [ -336437.530723108153325, 5256408.144654775038362 ], [ -336360.128054769826122, 5256353.65582774952054 ], [ -336282.388867610774469, 5256308.02424430847168 ], [ -336047.817883764568251, 5256169.764511073939502 ], [ -335963.637973507167771, 5256152.066658856347203 ], [ -335773.596678409609012, 5256356.502740144729614 ], [ -335795.333812737895641, 5256435.534975708462298 ], [ -335870.02863446273841, 5256545.900230014696717 ], [ -335730.261447797180153, 5257031.063364576548338 ], [ -335602.677400162676349, 5257362.246598752215505 ], [ -335572.80893362936331, 5257392.233598620630801 ], [ -335153.249223733728286, 5257585.815328062511981 ], [ -335043.256327312206849, 5257547.667089309543371 ], [ -334929.187245096371043, 5257464.544185301288962 ], [ -334487.895744208013639, 5257981.106922846287489 ], [ -334096.807663875166327, 5257808.026299467310309 ], [ -333861.889697176171467, 5257720.798768303357065 ], [ -333650.058836270240135, 5257659.461693366058171 ], [ -333415.14409783645533, 5257629.464762529358268 ], [ -333000.978819145180751, 5257681.215656930580735 ], [ -332900.490826125547756, 5257703.009773855097592 ], [ -332839.387001031718682, 5257688.010016463696957 ], [ -332772.85679603961762, 5257638.937347736209631 ], [ -332726.698837099131197, 5257569.424123847857118 ], [ -332440.317981125845108, 5256833.457072723656893 ], [ -332395.52101427980233, 5256780.301313787698746 ], [ -331795.42580324440496, 5256612.555275972932577 ], [ -331735.680855174723547, 5256627.530471658334136 ], [ -331499.376738176273648, 5256822.341375744901597 ], [ -331419.227706680598203, 5256959.959256020374596 ], [ -331336.344000573968515, 5257153.452804796397686 ], [ -331273.867272200121079, 5257207.94701674580574 ], [ -330818.915645277127624, 5257423.127904993481934 ], [ -330731.988815264950972, 5257487.151647898368537 ], [ -330662.731505387462676, 5257502.11809553951025 ], [ -330611.160190929076634, 5257427.141879647038877 ], [ -330229.596272270078771, 5257433.807124280370772 ], [ -330129.116739531804342, 5257426.950903696939349 ], [ -329237.092843060498126, 5257245.277631558477879 ], [ -329083.686347105074674, 5257190.684994146227837 ], [ -328685.883809046004899, 5257118.237596025690436 ], [ -328073.430576059676241, 5257236.435408120043576 ], [ -327997.394354470714461, 5257232.298336312174797 ], [ -327846.714629442314617, 5257172.235715683549643 ], [ -326596.661647096916568, 5256538.996235518716276 ], [ -326551.884940398274921, 5256503.529421104118228 ], [ -326447.49653506022878, 5256311.30146876629442 ], [ -326236.062862097402103, 5255872.34496636223048 ], [ -326050.317720108083449, 5255579.223364206962287 ], [ -325882.190557329042349, 5255333.812065310776234 ], [ -325703.208297044388019, 5255092.481867150403559 ], [ -325726.573367605975363, 5254770.949052296578884 ], [ -325520.418242257612292, 5254571.841350991278887 ], [ -325401.000258509127889, 5254530.857747825793922 ], [ -325107.93678218399873, 5254379.350111969746649 ], [ -324608.547861689759884, 5254237.166128659620881 ], [ -324476.855902205861639, 5254260.193354154005647 ], [ -324370.92872754659038, 5254307.769224420189857 ], [ -324286.756164375692606, 5254319.943472190760076 ], [ -324167.318031799339224, 5254306.193665268830955 ], [ -324046.5417276241933, 5254274.729282357729971 ], [ -323916.189052934059873, 5254312.736889253370464 ], [ -323795.296865168958902, 5254387.539304069243371 ], [ -323320.25741349341115, 5254333.875438271090388 ], [ -323410.720975047559477, 5254759.067412186414003 ], [ -323426.86820114555303, 5254884.436127156019211 ], [ -323396.894426374055911, 5254979.779137920588255 ], [ -323323.230200494988821, 5255291.720551045611501 ], [ -323006.874233916343655, 5255328.147151695564389 ], [ -322812.633633667603135, 5255417.849506518803537 ], [ -322532.95499027648475, 5255431.139786348678172 ], [ -322228.80620773875853, 5255470.280581095255911 ], [ -322019.730392910481896, 5255475.467936663888395 ], [ -321911.208026962354779, 5255409.92479102499783 ], [ -321878.807042013679165, 5255270.899988980963826 ], [ -321766.253018067451194, 5255176.737889830954373 ], [ -322158.074025927751791, 5254510.97030567843467 ], [ -321522.790612533106469, 5254507.426847761496902 ], [ -321214.701787938189227, 5254468.865676363930106 ], [ -321008.423320594069082, 5254430.435217352584004 ], [ -320838.758946966729127, 5254419.300420720130205 ], [ -320848.162883590441197, 5254488.798565128818154 ], [ -320992.725157321896404, 5254979.496833232231438 ], [ -320958.659500707872212, 5255070.739632020704448 ], [ -320789.962493455444928, 5255326.666132058016956 ], [ -320187.598925156227779, 5255974.412120998837054 ], [ -320087.070968439395074, 5256015.144484681077302 ], [ -319752.961992108030245, 5256095.043717087246478 ], [ -319289.722851734375581, 5256266.032173834741116 ], [ -318928.573814491915982, 5256265.461283665150404 ], [ -318828.021812765102368, 5256315.720480698160827 ], [ -318726.061953438271303, 5256395.956359044648707 ], [ -318328.920653154491447, 5256804.131901404820383 ], [ -318237.114801180257928, 5256946.391112842597067 ], [ -318209.92969097266905, 5256988.592770518735051 ], [ -318158.613075509318151, 5257091.188791518099606 ], [ -318077.653972079046071, 5257058.222764130681753 ], [ -317962.212988458632026, 5257020.92830013204366 ], [ -317886.861827016226016, 5256996.584487968124449 ], [ -317821.854138699709438, 5256966.656855211593211 ], [ -317759.980873285385314, 5256927.283314500004053 ], [ -317697.73068007529946, 5256890.046719150617719 ], [ -317617.277301091759, 5256823.553435341455042 ], [ -317520.08937437669374, 5256735.253561849705875 ], [ -317357.838544877769891, 5256601.361610036343336 ], [ -317181.307205821853131, 5256450.815086831338704 ], [ -317074.634969810722396, 5256368.642262667417526 ], [ -316928.531589048739988, 5256244.658087593503296 ], [ -316764.887707441987004, 5256102.780027006752789 ], [ -316667.825237793033011, 5256007.461203574202955 ], [ -316556.154645325790625, 5255897.794169981963933 ], [ -316500.488443398731761, 5255823.801935933530331 ], [ -316471.875549402204342, 5255779.61739550717175 ], [ -316451.74297421425581, 5255726.904692474752665 ], [ -316427.838783358805813, 5255628.316316608339548 ], [ -316380.566961593343876, 5255519.76770041976124 ], [ -316371.044135753531009, 5255466.934658084064722 ], [ -316376.108727306651417, 5255413.535007290542126 ], [ -316402.654418359161355, 5255347.128400512039661 ], [ -316444.08753283234546, 5255278.768457612022758 ], [ -316459.241455114039127, 5255243.187018861994147 ], [ -316460.611464087211061, 5255222.714385749772191 ], [ -316453.777671866992023, 5255153.041681921109557 ], [ -316456.054044134158175, 5255124.927532216534019 ], [ -316474.347732653724961, 5254960.780323533341289 ], [ -316469.922226297261659, 5254937.16151325777173 ], [ -316463.326546467782464, 5254874.771303350105882 ], [ -316464.720489131403156, 5254846.951328891329467 ], [ -316483.593150322616566, 5254802.559722142294049 ], [ -316511.387066825351212, 5254772.993673815391958 ], [ -316616.052323736948892, 5254679.632154167629778 ], [ -316637.184993230155669, 5254653.572333711199462 ], [ -316653.848407807061449, 5254618.505046728998423 ], [ -316666.054701291956007, 5254567.23133157286793 ], [ -316703.03236446576193, 5254464.692151333205402 ], [ -316737.402257248177193, 5254385.423665026202798 ], [ -316789.835518523701467, 5254285.670877946540713 ], [ -316886.002311549673323, 5254162.956849277950823 ], [ -317007.385084310662933, 5254007.089389123953879 ], [ -317040.756552580161951, 5253933.922521584667265 ], [ -317053.311943988257553, 5253877.316296060569584 ], [ -317047.756878758664243, 5253800.218027407303452 ], [ -317027.36303672590293, 5253743.649968737736344 ], [ -317009.848695961351041, 5253730.269190821796656 ], [ -316897.806741672859062, 5253645.696948366239667 ], [ -316802.892181598814204, 5253607.13128733355552 ], [ -316718.285249774693511, 5253552.951513017527759 ], [ -316675.548584064294118, 5253510.854493511840701 ], [ -316619.889506584673654, 5253428.901083942502737 ], [ -316562.528131451748777, 5253310.968107058666646 ], [ -316453.492360012140125, 5253133.433247977867723 ], [ -316420.648768767889123, 5253075.562625482678413 ], [ -316387.666362118790857, 5253017.407541213557124 ], [ -316373.312047739396803, 5252978.169696711935103 ], [ -316364.574692226597108, 5252921.672219006344676 ], [ -316347.754094528732821, 5252585.074238503351808 ], [ -316148.283704602450598, 5252568.347490002401173 ], [ -315829.287239702243824, 5252601.783320392481983 ], [ -315518.356317187834065, 5252673.365009897388518 ], [ -315309.070331161026843, 5252814.612876919098198 ], [ -314811.773883135116193, 5253090.133330337703228 ], [ -314620.216416572919115, 5253181.007360617630184 ], [ -314398.918389572412707, 5253213.238005508668721 ], [ -313909.742030482972041, 5253477.840036185458302 ], [ -313784.096945739001967, 5253207.835442248731852 ], [ -313780.17215445212787, 5253139.713827830739319 ], [ -313812.98045741772512, 5253030.805306249298155 ], [ -313858.558775769663043, 5252663.109094765037298 ], [ -314007.325809307279997, 5252271.136467585340142 ], [ -314030.576443432306405, 5252186.736431305296719 ], [ -314040.278938930423465, 5252091.411400331184268 ], [ -314075.797426218807232, 5251981.160031979903579 ], [ -314138.554234431532677, 5251824.658377968706191 ], [ -314326.497602405666839, 5251504.983816061168909 ], [ -314257.578703780076467, 5251498.93298982642591 ], [ -314195.414003938960377, 5251485.05270252097398 ], [ -314127.801884815795347, 5251465.410787218250334 ], [ -314090.079939526680391, 5251450.098381998948753 ], [ -313983.128959510591812, 5251405.616311873309314 ], [ -313912.443420566152781, 5251367.149045352824032 ], [ -313811.483655544463545, 5251292.997454456984997 ], [ -313761.279010474681854, 5251253.573973851278424 ], [ -313739.093258598586544, 5251225.662611655890942 ], [ -313701.962419805466197, 5251168.902675949968398 ], [ -313683.074173885688651, 5251113.622531997971237 ], [ -313671.56384985713521, 5251049.598088680766523 ], [ -313664.553950202418491, 5250966.424231318756938 ], [ -313665.042865405906923, 5250872.172372383996844 ], [ -313696.071169713744894, 5250710.245663049630821 ], [ -313759.887850798259024, 5250489.43281845189631 ], [ -313783.774341854732484, 5250385.555904661305249 ], [ -313811.126987895986531, 5250272.50361212529242 ], [ -313833.575342450931203, 5250185.712974634952843 ], [ -313863.456833364500199, 5250092.322505290620029 ], [ -313901.850257822195999, 5249992.123429981991649 ], [ -313960.017252110003028, 5249891.768315876834095 ], [ -314052.184892429271713, 5249763.252306893467903 ], [ -314132.75326444680104, 5249638.03442501835525 ], [ -314202.43870908592362, 5249579.985981363803148 ], [ -314418.477780702349264, 5249423.651660450734198 ], [ -314551.109833285911009, 5249329.978139559738338 ], [ -314631.799877506913617, 5249284.462511857971549 ], [ -314866.053600804356392, 5249170.930226904340088 ], [ -315002.420978901558556, 5249104.141538916155696 ], [ -315325.799090278916992, 5248955.210663441568613 ], [ -315686.184253175568301, 5248833.716137940064073 ], [ -315876.767785512842238, 5248762.527368921786547 ], [ -316008.798490207176656, 5248710.522917361930013 ], [ -316082.833409990533255, 5248665.149524392560124 ], [ -316174.558666653407272, 5248596.208655495196581 ], [ -316212.459502364334185, 5248549.923559537157416 ], [ -316229.389972399512772, 5248477.282994074746966 ], [ -316234.74711157445563, 5248416.318417039699852 ], [ -316228.526133150968235, 5248384.142121491953731 ], [ -316118.97383927408373, 5248177.159081223420799 ], [ -316065.004702984064352, 5248061.877249609678984 ], [ -316017.295172980928328, 5247949.916044411249459 ], [ -315971.519262532878201, 5247800.109061732888222 ], [ -315946.141312938707415, 5247689.697451665066183 ], [ -315935.498390382505022, 5247563.560185472480953 ], [ -315931.488105726602953, 5247417.297261487692595 ], [ -315927.883691934286617, 5247089.639172625727952 ], [ -315922.608706543513108, 5246973.885414635762572 ], [ -315910.453063426888548, 5246865.009576184675097 ], [ -315895.606939537217841, 5246826.605730184353888 ], [ -315855.318746026779991, 5246752.182398792356253 ], [ -315774.894755388784688, 5246677.307700041681528 ], [ -315676.685694984684233, 5246598.515980727039278 ], [ -315552.082894633000251, 5246473.940506444312632 ], [ -315440.679357624205295, 5246343.571732426062226 ], [ -315363.269342199433595, 5246247.625156752765179 ], [ -315282.309793491265737, 5246164.780839852057397 ], [ -315211.852125544450246, 5246093.143971073441207 ], [ -315158.042398765275721, 5246054.380670849233866 ], [ -315092.055098929791711, 5246030.692729188129306 ], [ -315062.60029562440468, 5246015.129634422250092 ], [ -314866.552646081603598, 5245889.874470002017915 ], [ -314835.905722349241842, 5245862.903523527085781 ], [ -314805.514610806829296, 5245818.921489913016558 ], [ -314739.431353570253123, 5245694.045571897178888 ], [ -314688.641724576242268, 5245572.140559171326458 ], [ -314646.721142052905634, 5245416.716927138157189 ], [ -314578.514242890465539, 5245052.79178202431649 ], [ -314563.770644251839258, 5244927.980263778939843 ], [ -314547.307048160932027, 5244781.928081730380654 ], [ -314540.503423522633966, 5244663.249248813837767 ], [ -314532.965201564598829, 5244569.065374691039324 ], [ -314519.135647264891304, 5244507.241553276777267 ], [ -314500.328107975888997, 5244466.134703900665045 ], [ -314484.157170826336369, 5244446.027753964066505 ], [ -314459.127873877354432, 5244426.545876634307206 ], [ -314421.099688668968156, 5244411.151055644266307 ], [ -314304.005833249248099, 5244376.657118537463248 ], [ -314229.308896454051137, 5244367.18546396959573 ], [ -314192.255647346086334, 5244369.403127186000347 ], [ -314153.758361803542357, 5244377.93059490993619 ], [ -314055.999366100761108, 5244424.928899397142231 ], [ -313823.823087140452117, 5244549.552414439618587 ], [ -313793.311527908954304, 5244576.508421848528087 ], [ -313761.007836195116397, 5244620.495088652707636 ], [ -313588.67502305394737, 5244891.550768254324794 ], [ -313565.925549276522361, 5244970.76438117865473 ], [ -313571.292150608147494, 5245050.68125996273011 ], [ -313603.720854110142682, 5245319.357462731190026 ], [ -313664.468456833448727, 5245611.659533630125225 ], [ -313668.305973639537115, 5245663.634349751286209 ], [ -313668.102926888386719, 5245758.323084468953311 ], [ -313664.420144174480811, 5245825.644274915568531 ], [ -313577.210228697222192, 5246139.248327036388218 ], [ -313484.031139484664891, 5246445.560666431672871 ], [ -313455.310154262522701, 5246500.97471993137151 ], [ -313414.196081449801568, 5246569.227482978254557 ], [ -313342.550634536368307, 5246643.501843012869358 ], [ -313260.887769285298418, 5246678.872159135527909 ], [ -313199.455217735085171, 5246682.459381684660912 ], [ -313139.298053590930067, 5246665.710456001572311 ], [ -313047.378544416627847, 5246624.467679732479155 ], [ -312990.552282076037955, 5246588.402863753959537 ], [ -312958.752533697057515, 5246552.922091532498598 ], [ -312881.019135151465889, 5246463.642361855134368 ], [ -312810.736906722246204, 5246392.794799606315792 ], [ -312769.432143621903379, 5246359.178296017460525 ], [ -312745.577823898231145, 5246350.877122149802744 ], [ -312716.68952548148809, 5246351.850378480739892 ], [ -312672.902449055865873, 5246371.59500359557569 ], [ -312605.620948820433114, 5246401.933235959149897 ], [ -312547.020810393965803, 5246412.368407296016812 ], [ -312504.744784736423753, 5246403.887921425513923 ], [ -312402.825779662583955, 5246348.133141409605742 ], [ -312299.664449071628042, 5246312.946503579616547 ], [ -312277.760224187746644, 5246297.794069213792682 ], [ -312269.471486222872045, 5246247.075127135030925 ], [ -312235.137660955369938, 5246145.938088102266192 ], [ -312198.068047882232349, 5246076.077174524776638 ], [ -312167.907701644173358, 5246024.461170335300267 ], [ -312120.410457909922116, 5245946.196201055310667 ], [ -312102.533772202965338, 5245918.070056429132819 ], [ -311737.815386807662435, 5246193.565515171736479 ], [ -311715.667260919406544, 5246383.456853126175702 ], [ -311697.804824107210152, 5246581.334601642563939 ], [ -311643.800844816665631, 5246843.772440427914262 ], [ -311617.656015250482596, 5247203.041788008995354 ], [ -311459.587013742595445, 5247335.832939993590117 ], [ -311295.223228988877963, 5247480.337872753851116 ], [ -311219.021697956195567, 5247553.093354821205139 ], [ -310909.252283008769155, 5247751.687722587026656 ], [ -310755.068777007632889, 5247838.590797694399953 ], [ -310548.499877111986279, 5248004.680717375129461 ], [ -310409.953865260526072, 5248027.190053669735789 ], [ -310083.729314503492787, 5248073.228884319774806 ], [ -309914.52012627403019, 5248107.65123394690454 ], [ -309712.074722956400365, 5248159.471549229696393 ], [ -309557.027043748123106, 5248205.007294320501387 ], [ -309468.319213202805258, 5248302.550162266939878 ], [ -309209.584330129029695, 5248600.517010370269418 ], [ -309193.035574627690949, 5248767.151028807274997 ], [ -309273.224458501150366, 5248930.097103494219482 ], [ -309339.704013124981429, 5249071.179862376302481 ], [ -309274.8362534083426, 5249286.716560970060527 ], [ -309111.266844540950842, 5249404.388259172439575 ], [ -309093.177315967564937, 5249499.277417254634202 ], [ -309072.010248751670588, 5249586.472700896672904 ], [ -308977.477180572634097, 5249788.520048272795975 ], [ -308865.011766940995585, 5249928.190072133205831 ], [ -308694.174642478232272, 5250104.096345740370452 ], [ -308655.22595640050713, 5250220.111739141866565 ], [ -308583.507261262042448, 5250451.919381778687239 ], [ -308507.183612747932784, 5250731.19874919578433 ], [ -308525.181636699882802, 5250845.178244560956955 ], [ -308582.99942174507305, 5251350.467105830088258 ], [ -308612.148096450779121, 5251638.272208266891539 ], [ -308771.968376187782269, 5251854.192639910615981 ], [ -308828.910299479321111, 5252008.644410295411944 ], [ -308756.122937229229137, 5252347.673652644269168 ], [ -308708.588067507254891, 5252398.044442143291235 ], [ -308571.504125847714022, 5252626.441873249597847 ], [ -308383.661724651872646, 5252987.049518867395818 ], [ -308202.638087544997688, 5253302.510907421819866 ], [ -308141.216890582814813, 5253414.75051904283464 ], [ -308082.15165932389209, 5253536.439053098671138 ], [ -307895.971035486494657, 5254333.451556443236768 ], [ -307679.424680950585753, 5254678.417042218148708 ], [ -307553.723825141671114, 5254654.689864616841078 ], [ -307516.553245290357154, 5254600.105283688753843 ], [ -307509.918492319702636, 5254545.608308631926775 ], [ -307476.081597259151749, 5254512.143793703988194 ], [ -307448.958158049383201, 5254504.576863513328135 ], [ -307421.890155946079176, 5254477.260839208960533 ], [ -307381.289265986008104, 5254436.286724364385009 ], [ -307374.617109666287433, 5254395.408698837272823 ], [ -307334.035811936540995, 5254347.625739433802664 ], [ -307313.815739628917072, 5254298.538251768797636 ], [ -307279.89201536559267, 5254296.399789779447019 ], [ -307266.344433335994836, 5254287.508597686886787 ], [ -307239.208303704392165, 5254284.706634951755404 ], [ -307171.436329792428296, 5254253.869972192682326 ], [ -307123.96257447078824, 5254243.860127731226385 ], [ -307090.073025291087106, 5254229.804399220272899 ], [ -307001.953629574098159, 5254195.502634106203914 ], [ -306947.740592279762495, 5254169.470475007779896 ], [ -306920.655558294383809, 5254148.964172032661736 ], [ -306866.36871617770521, 5254148.807602051645517 ], [ -306825.697360979916994, 5254133.708519679494202 ], [ -306769.97104652778944, 5254162.148130117915571 ], [ -306757.716774342290591, 5254175.731928522698581 ], [ -306748.157769667857792, 5254196.132547774352133 ], [ -306709.979859744373243, 5254257.308499702252448 ], [ -306675.97197794605745, 5254284.448555498383939 ], [ -306655.590269737644121, 5254292.560816044919193 ], [ -306635.158579078037292, 5254318.377895358018577 ], [ -306607.916250652167946, 5254352.348202659748495 ], [ -306587.502705069433432, 5254371.355017837136984 ], [ -306471.737002494395711, 5254509.937206701375544 ], [ -306437.711643535993062, 5254542.525339064188302 ], [ -306294.903097062546294, 5254644.254185546189547 ], [ -306252.769226394710131, 5254664.559300622902811 ], [ -306192.89503639616305, 5254717.500246535055339 ], [ -306152.192845699435566, 5254711.931315330788493 ], [ -306137.203453625086695, 5254732.317816196940839 ], [ -306124.687024038808886, 5254834.431467037647963 ], [ -306126.643018811475486, 5254861.677876271307468 ], [ -306110.954540335049387, 5254888.872018942609429 ], [ -306083.829097374517005, 5254881.980585623532534 ], [ -306002.392655967676546, 5254881.7383749531582 ], [ -305968.521585823560599, 5254861.207676934078336 ], [ -305914.271145180275198, 5254847.425309682264924 ], [ -305873.55247919895919, 5254847.303523994982243 ], [ -305093.893140900530852, 5254678.659852799028158 ], [ -304639.852997968089767, 5254217.931156804785132 ], [ -304170.304936773318332, 5254018.839985708706081 ], [ -304077.3055172188906, 5254002.931347262114286 ], [ -303919.424645650375169, 5253858.70710945315659 ], [ -303868.812348605424631, 5253764.69224366825074 ], [ -303875.000376459560357, 5253730.086912132799625 ], [ -303848.073638790054247, 5253676.774858818389475 ], [ -303835.473830905219074, 5253635.563408597372472 ], [ -303815.419179360789713, 5253580.303429935127497 ], [ -303806.550355529296212, 5253532.890062402933836 ], [ -303794.988490576506592, 5253501.522197929210961 ], [ -303746.399313957139384, 5253459.156914170831442 ], [ -303706.480144558590837, 5253404.973755528219044 ], [ -303692.490067553124391, 5253375.846520712599158 ], [ -303639.397126975178253, 5253314.513383860699832 ], [ -303618.593629216251429, 5253302.572924742475152 ], [ -303591.641288063896354, 5253267.405540292151272 ], [ -303578.306882859265897, 5253246.644057449884713 ], [ -303550.813974259537645, 5253225.84934304933995 ], [ -303510.311602048808709, 5253205.590589408762753 ], [ -303482.597278981935233, 5253184.228741159662604 ], [ -303445.740174816688523, 5253130.225195595063269 ], [ -303409.326344863919076, 5253103.129909860901535 ], [ -303388.930499080219306, 5253082.489039331674576 ], [ -303385.962164858239703, 5253053.82670911308378 ], [ -303363.744464288232848, 5253021.589046735316515 ], [ -303362.220055181300268, 5253000.54737280216068 ], [ -303348.430687217682134, 5252986.627512720413506 ], [ -303321.299121685151476, 5252945.39790569525212 ], [ -303308.332182119600475, 5252945.355554009787738 ], [ -303283.594987514487002, 5252917.358560461550951 ], [ -303280.438300714129582, 5252898.368140475824475 ], [ -303274.18214533146238, 5252891.92829857673496 ], [ -303201.862547581724357, 5252833.92771964892745 ], [ -303166.893533299793489, 5252786.351124575361609 ], [ -303158.508058697392698, 5252720.114288726821542 ], [ -303110.07929346425226, 5252668.127317924052477 ], [ -303091.607605078897905, 5252606.304047730751336 ], [ -303065.159763858828228, 5252573.108537607826293 ], [ -303010.383004663162865, 5252523.010119518265128 ], [ -302949.776555054122582, 5252462.319441013038158 ], [ -302916.1255635432899, 5252421.282851646654308 ], [ -302902.089288949093316, 5252393.853533544577658 ], [ -302848.410251252120361, 5252372.363302271813154 ], [ -302807.926803354872391, 5252332.231103057973087 ], [ -302760.958327201835345, 5252284.154755407012999 ], [ -302713.266163039254025, 5252235.428301181644201 ], [ -302691.928888321970589, 5252229.198234821669757 ], [ -302664.889829286257736, 5252214.715524380095303 ], [ -302645.599163407285232, 5252201.356579601764679 ], [ -302624.511800946784206, 5252181.287873575463891 ], [ -302600.240923688572366, 5252168.037115322425961 ], [ -302572.522815759060904, 5252161.821007920429111 ], [ -302557.191561528481543, 5252146.161123996600509 ], [ -302557.282286913541611, 5252118.871750170364976 ], [ -302543.817192626593169, 5252105.581907883286476 ], [ -302495.820347017724998, 5252085.256445338018239 ], [ -302449.514110515476204, 5252019.381618570536375 ], [ -302378.183475121972151, 5252003.97303129080683 ], [ -302274.042421692458447, 5251984.971748060546815 ], [ -302215.301798068627249, 5251918.641181504353881 ], [ -302173.605079041153658, 5251844.555273828096688 ], [ -302150.765547795628663, 5251764.296298697590828 ], [ -302131.506274013023358, 5251723.060546336695552 ], [ -302069.850304244726431, 5251684.337454030290246 ], [ -302023.049363925470971, 5251662.328288656659424 ], [ -301988.105396529019345, 5251642.528870535083115 ], [ -301946.860745953687001, 5251632.118759150616825 ], [ -301847.602388029394206, 5251568.202100928872824 ], [ -301797.614148049615324, 5251504.332607233896852 ], [ -301744.999547323677689, 5251449.271142911165953 ], [ -301715.581924728176091, 5251436.121983206830919 ], [ -301664.598265861801337, 5251422.733744729310274 ], [ -301631.773376292083412, 5251401.52913561463356 ], [ -301610.371202311711386, 5251401.455485999584198 ], [ -301494.536259013402741, 5251395.823485275730491 ], [ -301434.523476248781662, 5251334.10353531036526 ], [ -301352.643426671100315, 5251251.251098831184208 ], [ -301332.338862869946752, 5251237.565353892743587 ], [ -301305.747642145724967, 5251247.173970621079206 ], [ -301266.247479310608469, 5251258.625019170343876 ], [ -301181.194601606403012, 5251262.568314665928483 ], [ -301021.715404789196327, 5251233.903202724643052 ], [ -300847.642111409571953, 5251160.173374880105257 ], [ -300671.284876037272625, 5251081.805413250811398 ], [ -300586.760877233813517, 5251049.166037186048925 ], [ -300326.992058729636483, 5250997.186319045722485 ], [ -299296.555177198315505, 5250718.873078529722989 ], [ -298966.436670653405599, 5250518.233878256753087 ], [ -298752.056816047232132, 5250555.153595947660506 ], [ -298665.441791928780731, 5250573.007578729651868 ], [ -298533.135348855750635, 5250588.2016671160236 ], [ -298400.971394730906468, 5250408.793736733496189 ], [ -298747.70555979112396, 5249661.472421614453197 ], [ -298829.864019415166695, 5249421.989070908166468 ], [ -298904.299689365492668, 5249198.076652145013213 ], [ -298945.800040811125655, 5248919.469248442910612 ], [ -298998.803925796586554, 5248662.74579730629921 ], [ -299008.672843933280092, 5248502.230707452632487 ], [ -299019.835071914072614, 5248064.070384129881859 ], [ -299048.519544343114831, 5247592.54867625143379 ], [ -299117.648948125890456, 5247208.772866109386086 ], [ -299128.231980796088465, 5247005.926747733727098 ], [ -299121.083043097285554, 5246742.59997861366719 ], [ -299117.740007469255943, 5246487.158624031580985 ], [ -299163.009748192736879, 5246200.98959085624665 ], [ -299176.857002291537356, 5246002.098388727754354 ], [ -299157.553757310030051, 5245540.605117946863174 ], [ -299152.165893955563661, 5245169.365724359638989 ], [ -299239.577854308590759, 5244694.310099225491285 ], [ -299320.631467986560892, 5244355.369672480970621 ], [ -299366.055831482808571, 5244103.15171513799578 ], [ -299449.745268063619733, 5243674.219886012375355 ], [ -299548.35407675919123, 5243200.90317159332335 ], [ -299608.291162270121276, 5242632.798537858761847 ], [ -299616.956160113913938, 5242487.236516700126231 ], [ -299884.674414775159676, 5241934.43145548645407 ], [ -299911.57176409906242, 5241618.875403956510127 ], [ -299976.967734799429309, 5241527.95548749063164 ], [ -300012.530638564785477, 5241439.649229072034359 ], [ -300105.973554970580153, 5241087.616061666049063 ], [ -300335.516571376065258, 5240578.27472229488194 ], [ -300486.109578521223739, 5240287.848169677890837 ], [ -300591.679640254122205, 5240098.613619083538651 ], [ -300617.721276652242523, 5239997.899410143494606 ], [ -300766.556660357280634, 5239669.433043853379786 ], [ -300872.660053770407103, 5239432.197612569667399 ], [ -301060.261225629830733, 5238983.70372112095356 ], [ -301209.632056085509248, 5238745.387248387560248 ], [ -301199.914532456197776, 5238689.184006098657846 ], [ -301069.250719789299183, 5238697.952667311765254 ], [ -300980.414203912601806, 5238705.688457680866122 ], [ -300878.856541905959602, 5238711.216679885983467 ], [ -300820.475925515289418, 5238714.164291112683713 ], [ -300694.890285379427951, 5238717.542786023579538 ], [ -300624.173465658037458, 5238724.336328267119825 ], [ -300543.306534766277764, 5238735.373768202029169 ], [ -300471.40516434336314, 5238751.875582047738135 ], [ -300403.446618964837398, 5238768.345104590989649 ], [ -300349.329093793581706, 5238787.801557643339038 ], [ -300283.927668438118417, 5238820.153855790384114 ], [ -300172.777049312542658, 5238885.83534896466881 ], [ -300086.681887216109317, 5238932.120770212262869 ], [ -299997.273189156607259, 5238972.957784669473767 ], [ -299927.656539962743409, 5238996.436048057861626 ], [ -299801.157300765917171, 5239050.510040166787803 ], [ -299708.900382215040736, 5239077.788806369528174 ], [ -299621.307305050606374, 5239094.984767057932913 ], [ -299500.601020835223608, 5239118.679766289889812 ], [ -299324.177995643636677, 5239140.758300107903779 ], [ -299215.754815361928195, 5239154.325307008810341 ], [ -299103.559574134589639, 5239176.277658702805638 ], [ -299015.033416998165194, 5239209.393868496641517 ], [ -298910.205188351974357, 5239294.681923544034362 ], [ -298821.337948295869865, 5239382.496416592039168 ], [ -298744.907433070649859, 5239486.304309659637511 ], [ -298632.581614080583677, 5239648.712205687537789 ], [ -298464.706701267743483, 5239864.657941615208983 ], [ -298343.827092605119105, 5240031.240696423687041 ], [ -298284.7260164701147, 5240099.107401764020324 ], [ -298224.332187088555656, 5240138.162234524264932 ], [ -298172.309583414520603, 5240164.411257369443774 ], [ -298112.308043918514159, 5240175.786168784834445 ], [ -298042.481446165009402, 5240163.44286868814379 ], [ -297985.150795211608056, 5240139.38045849185437 ], [ -297935.480706336558796, 5240098.294450298883021 ], [ -297919.484763426473364, 5240054.763584619387984 ], [ -297918.420994372514542, 5240015.897152714431286 ], [ -297950.043633441557176, 5239924.507366362959146 ], [ -298030.617905392253306, 5239803.673035385087132 ], [ -298037.887624738388695, 5239779.431648029014468 ], [ -298036.831870687834453, 5239717.212206032127142 ], [ -298003.744601078273263, 5239575.247960951179266 ], [ -297995.770229355199262, 5239485.403505559079349 ], [ -297991.785882140800823, 5239351.870821673423052 ], [ -298025.031670705298893, 5239203.033751687966287 ], [ -298065.251291409309488, 5239059.898878322914243 ], [ -298076.78744155971799, 5238966.603415384888649 ], [ -298088.932175366324373, 5238828.001961412839592 ], [ -298103.135095238161739, 5238660.143877340480685 ], [ -298128.913015762635041, 5238402.251506531611085 ], [ -298161.430997496237978, 5238119.999482879415154 ], [ -298170.491513490909711, 5237947.588484026491642 ], [ -298151.300812514557038, 5237808.448378330096602 ], [ -298096.049275690747891, 5237618.875741180963814 ], [ -298040.143402899848297, 5237576.175386772491038 ], [ -297992.902416633442044, 5237557.43570563942194 ], [ -297836.047242853266653, 5237568.976757114753127 ], [ -297765.838262648903765, 5237570.190723245032132 ], [ -297576.300131649710238, 5237569.459534770809114 ], [ -297486.430570898519363, 5237583.941969848237932 ], [ -297349.089147256803699, 5237620.871947647072375 ], [ -297129.615646710444707, 5237654.822774266824126 ], [ -297039.283108196977992, 5237668.134701645001769 ], [ -296963.943857939913869, 5237680.354835553094745 ], [ -296903.836342288646847, 5237685.02788345515728 ], [ -296844.848700714705046, 5237681.249426933005452 ], [ -296798.180898506368976, 5237655.971061664633453 ], [ -296776.814792040968314, 5237626.974431502632797 ], [ -296752.037856377719436, 5237572.907084397040308 ], [ -296717.005946583522018, 5237516.595452710054815 ], [ -296666.607939558220096, 5237451.145619561895728 ], [ -296581.769797151733655, 5237322.277736280113459 ], [ -296484.018927771772724, 5237224.681786760687828 ], [ -296346.765446527977474, 5237111.9191087577492 ], [ -296231.26423906290438, 5237017.618660188280046 ], [ -296089.39589700876968, 5236917.279940312728286 ], [ -295954.799612010072451, 5236847.183068661950529 ], [ -295825.537979649321642, 5236793.773552572354674 ], [ -295741.855667515657842, 5236754.063792619854212 ], [ -295700.923824709607288, 5236729.738732910715044 ], [ -295666.08405235648388, 5236694.391353037208319 ], [ -295638.941020916216075, 5236642.578715928830206 ], [ -295608.520966306154151, 5236580.478547890670598 ], [ -295569.001656518725213, 5236484.671371482312679 ], [ -295550.729118702409323, 5236428.031634256243706 ], [ -295538.341263127920683, 5236332.528890485875309 ], [ -295509.317377571482211, 5236152.285623317584395 ], [ -295497.86282460775692, 5236018.435305062681437 ], [ -295493.515798492240719, 5235849.053337272256613 ], [ -295484.234201988962013, 5235741.333676832728088 ], [ -295466.904874218162149, 5235647.503477780148387 ], [ -295421.37776283203857, 5235540.914218018762767 ], [ -295328.559348769544158, 5235372.115576529875398 ], [ -295272.943351932859514, 5235280.617351735010743 ], [ -295213.487611900200136, 5235202.134522639214993 ], [ -295176.535552209243178, 5235142.633882818743587 ], [ -295147.820912198047154, 5235078.859059226699173 ], [ -295123.741838422662113, 5235006.340862989425659 ], [ -295110.923176418757066, 5234931.518555042333901 ], [ -295081.20599307352677, 5234704.527903641574085 ], [ -295061.79432290798286, 5234533.637400953099132 ], [ -295038.098633458779659, 5234329.758864625357091 ], [ -295011.441288956848439, 5234222.832147582434118 ], [ -294977.028092892549466, 5234108.726801577955484 ], [ -294926.634761285909917, 5233976.433688382618129 ], [ -294892.472813312255312, 5233881.545351340435445 ], [ -294839.159237503597979, 5233776.038553472608328 ], [ -294793.591828461794648, 5233707.090918377973139 ], [ -294749.307487870915793, 5233670.867584383115172 ], [ -294696.127495451073628, 5233645.730221275240183 ], [ -294624.324420138669666, 5233622.277638522908092 ], [ -294572.206415661145002, 5233609.855959475040436 ], [ -294518.669310314871836, 5233605.476405257359147 ], [ -294461.05334750644397, 5233608.451857325620949 ], [ -294397.796269502141513, 5233622.942255872301757 ], [ -294343.655478557455353, 5233640.669427638873458 ], [ -294267.055201108683832, 5233686.808382214978337 ], [ -294200.374269526044372, 5233718.689605765044689 ], [ -294035.362494016531855, 5233778.80514589138329 ], [ -293952.34932334208861, 5233801.265776391141117 ], [ -293871.05615012004273, 5233827.161321212537587 ], [ -293818.458803914953023, 5233847.202789654023945 ], [ -293779.732645499403588, 5233872.361671163700521 ], [ -293733.601848514808808, 5233918.390959547832608 ], [ -293689.292794996872544, 5233971.844895556569099 ], [ -293649.773596528801136, 5234015.496860685758293 ], [ -293539.956584902654868, 5234124.219550810754299 ], [ -293360.520920331880916, 5234252.93087416049093 ], [ -293223.448778538615443, 5234347.565257637761533 ], [ -293120.893693894555327, 5234442.688490889035165 ], [ -292987.181063013675157, 5234574.629149365238845 ], [ -292889.955398991296533, 5234692.894340447150171 ], [ -292842.39893328800099, 5234758.286105676554143 ], [ -292827.945210603473242, 5234805.054008228704333 ], [ -292821.371126755198929, 5234847.912422423250973 ], [ -292831.88413946563378, 5234916.479949140921235 ], [ -292857.864216185407713, 5235038.377209004946053 ], [ -292863.192078334221151, 5235087.819118676707149 ], [ -292854.824080891907215, 5235157.555846380069852 ], [ -292823.621672900451813, 5235247.422225009649992 ], [ -292728.061571099213324, 5235428.565846279263496 ], [ -292697.040057280508336, 5235487.777960588224232 ], [ -292660.565446885593701, 5235531.140264524146914 ], [ -292612.383143005077727, 5235545.963348101824522 ], [ -292537.120369238080457, 5235551.935858150012791 ], [ -292350.235426982573699, 5235527.857421402819455 ], [ -292303.530110105813947, 5235516.500339017249644 ], [ -292155.799906305444892, 5235475.467965220101178 ], [ -291915.938797617796808, 5235446.639273781329393 ], [ -291719.812445194984321, 5235437.779574475251138 ], [ -291430.436315682949498, 5235466.88875219412148 ], [ -291330.415864524664357, 5235477.467643882147968 ], [ -291265.542872791993432, 5235478.845452168956399 ], [ -291184.414118457818404, 5235474.720029644668102 ], [ -291085.372833540604915, 5235477.945936284959316 ], [ -290909.666817189368885, 5235491.624384502880275 ], [ -290797.048673216544557, 5235508.71930213086307 ], [ -290637.650628308183514, 5235551.232756782323122 ], [ -290547.749007543432526, 5235571.461020695976913 ], [ -290513.016769818495959, 5235592.818341189995408 ], [ -290502.133619801083114, 5235613.421573325991631 ], [ -290473.390148041769862, 5235720.036110426299274 ], [ -290405.595687592751347, 5235990.321225312538445 ], [ -290342.947081925114617, 5236186.92208724655211 ], [ -290271.129312439996284, 5236398.264041624031961 ], [ -290190.324275184888393, 5236578.970120223239064 ], [ -290143.46767512022052, 5236634.146718990989029 ], [ -290102.736652675375808, 5236675.903772542253137 ], [ -290059.219859973527491, 5236698.756032701581717 ], [ -290027.485456135647837, 5236701.834834799170494 ], [ -290004.236269163957331, 5236693.786313708871603 ], [ -289982.037938185327221, 5236681.891191024333239 ], [ -289941.925740789854899, 5236653.623838515020907 ], [ -289913.590032325300854, 5236614.922706135548651 ], [ -289907.320407284423709, 5236589.200405200943351 ], [ -289907.619856714562047, 5236524.800966418348253 ], [ -289896.943983588949777, 5236457.422445200383663 ], [ -289880.697015227284282, 5236395.665489315055311 ], [ -289855.495952303986996, 5236344.869899420998991 ], [ -289818.218505741620902, 5236293.432425822131336 ], [ -289768.24473729566671, 5236259.780017027631402 ], [ -289705.904931895434856, 5236226.932192849926651 ], [ -289667.898565307375975, 5236193.335131568834186 ], [ -289630.692363218986429, 5236147.541766345500946 ], [ -289573.562532626907341, 5236071.343088185414672 ], [ -289534.327310180000495, 5236009.070780479349196 ], [ -289490.412327659490984, 5235946.776537937112153 ], [ -289439.602104559773579, 5235879.643261059187353 ], [ -289384.640443689946551, 5235821.884152020327747 ], [ -289305.113688147685025, 5235749.1790721276775 ], [ -289227.244813781813718, 5235687.651708394289017 ], [ -289145.731227967888117, 5235625.584695499390364 ], [ -289021.128761574742384, 5235540.059687404893339 ], [ -288952.760894428647589, 5235495.266387913376093 ], [ -288910.28282389533706, 5235458.147247955203056 ], [ -288845.365527005400509, 5235391.555821343325078 ], [ -288791.280841083964333, 5235333.406260320916772 ], [ -288747.220030030468479, 5235277.822540251538157 ], [ -288687.627700982673559, 5235193.878033300861716 ], [ -288644.51967345084995, 5235122.249679310247302 ], [ -288600.354889993031975, 5235052.716719035059214 ], [ -288579.650355261343066, 5235003.778473297134042 ], [ -288567.731266062590294, 5234955.914767954498529 ], [ -288573.663036449055653, 5234902.605926105752587 ], [ -288599.927200509351678, 5234830.697928513400257 ], [ -288621.375460758979898, 5234762.765378379262984 ], [ -288649.665194273635279, 5234681.572531014680862 ], [ -288667.518836846167687, 5234651.637289647012949 ], [ -288710.560184002970345, 5234609.200800012797117 ], [ -288752.798694992088713, 5234596.842585421167314 ], [ -288847.098437518405262, 5234589.663587741553783 ], [ -288933.189035515766591, 5234581.92090408783406 ], [ -289037.178471798892133, 5234554.877190575003624 ], [ -289119.849223719502334, 5234510.836725568398833 ], [ -289181.919524632510729, 5234471.337795937433839 ], [ -289235.58954545063898, 5234418.534081930294633 ], [ -289274.654671715688892, 5234349.036344117484987 ], [ -289326.579202918335795, 5234252.140767588280141 ], [ -289399.269828530959785, 5234110.529950259253383 ], [ -289468.565877591259778, 5233969.755115449428558 ], [ -289531.930378904100507, 5233842.607568771578372 ], [ -289586.936344931367785, 5233738.141541727818549 ], [ -289624.985569523472805, 5233636.534241841174662 ], [ -289649.640721663890872, 5233540.091867664828897 ], [ -289674.350309035216924, 5233441.161418406292796 ], [ -289686.537678206863347, 5233362.730856670066714 ], [ -289700.644529358192813, 5233242.27768686786294 ], [ -289707.123435041867197, 5233180.762127060443163 ], [ -289705.178572218166664, 5233114.944468846544623 ], [ -289693.20092896715505, 5233053.704746320843697 ], [ -289679.471450889774133, 5232970.071012586355209 ], [ -289648.000095008581411, 5232854.779667277820408 ], [ -289619.035542740602978, 5232766.228492164053023 ], [ -289575.230543876998127, 5232648.463915027678013 ], [ -289520.055260904249735, 5232540.981795385479927 ], [ -289472.232518979057204, 5232469.712393744848669 ], [ -289405.211395032529254, 5232367.390066222287714 ], [ -289346.650329747411888, 5232290.955501613207161 ], [ -289277.54819924000185, 5232221.939622806385159 ], [ -289213.626989153621253, 5232165.428226468153298 ], [ -289102.189944977988489, 5232099.044440913014114 ], [ -289043.328205748286564, 5232074.527323397807777 ], [ -288953.257156718580518, 5232044.03725722245872 ], [ -288863.776657587557565, 5232015.425498574972153 ], [ -288788.750103780184872, 5232001.936056591570377 ], [ -288707.381344623747282, 5232001.545172298327088 ], [ -288622.052728541078977, 5232020.869967836886644 ], [ -288533.063593642378692, 5232047.040590624324977 ], [ -288426.413621529296506, 5232098.597711415961385 ], [ -288317.441858796868473, 5232139.126123779453337 ], [ -288203.961990645853803, 5232177.544800873845816 ], [ -288078.144472010666505, 5232212.326064690947533 ], [ -288041.588487068016548, 5232231.914503363892436 ], [ -288003.344119408458937, 5232264.735001535154879 ], [ -287953.507830533722881, 5232317.618739325553179 ], [ -287935.397373896150384, 5232341.755701490677893 ], [ -287926.888891256239731, 5232375.205190368928015 ], [ -287936.393460699706338, 5232421.590615534223616 ], [ -287974.5495520029217, 5232516.988310185261071 ], [ -288010.84460405918071, 5232573.829327428713441 ], [ -288044.301899656129535, 5232618.670502132736146 ], [ -288111.112073167576455, 5232670.351186384446919 ], [ -288186.26764626475051, 5232723.673238134011626 ], [ -288274.16707466787193, 5232781.130400383844972 ], [ -288431.898444160236977, 5232875.854785126633942 ], [ -288530.628368461737409, 5232942.452925472520292 ], [ -288597.23404806869803, 5233010.058886838145554 ], [ -288629.328125181200448, 5233063.374554940499365 ], [ -288664.280107580998447, 5233169.151270471513271 ], [ -288670.289912930631544, 5233259.316156501881778 ], [ -288664.652582597162109, 5233301.693298238329589 ], [ -288651.650132114125881, 5233339.777839846909046 ], [ -288622.111839190532919, 5233379.731204201467335 ], [ -288571.113597470917739, 5233437.536961882375181 ], [ -288504.378453296318185, 5233500.777678746730089 ], [ -288468.992658840841614, 5233533.064618345350027 ], [ -288413.525607482821215, 5233583.673458646982908 ], [ -288350.112459552299697, 5233626.375836176797748 ], [ -288267.311129868903663, 5233660.206186104565859 ], [ -288211.833948437240906, 5233677.911842344328761 ], [ -288162.160297338676173, 5233686.198403366841376 ], [ -288086.596404349198565, 5233685.830393380485475 ], [ -287979.244785485730972, 5233671.22789547406137 ], [ -287815.003229532798287, 5233656.008801581338048 ], [ -287554.791359455208294, 5233631.166729600168765 ], [ -287310.207076092716306, 5233601.828489023260772 ], [ -287138.03211398946587, 5233580.64065498393029 ], [ -287058.741467087180354, 5233574.97626428026706 ], [ -287005.484441579959821, 5233577.955329436808825 ], [ -286971.746732185711153, 5233583.944255519658327 ], [ -286936.162677717220504, 5233602.626239442266524 ], [ -286889.096129092853516, 5233647.245727757923305 ], [ -286851.524799074686598, 5233738.224110461771488 ], [ -286797.726426883600652, 5233874.706687023863196 ], [ -286756.892545229173265, 5233954.989150574430823 ], [ -286734.173350353259593, 5234019.078970333561301 ], [ -286724.75917233643122, 5234110.202228528447449 ], [ -286724.249996985483449, 5234212.383577782660723 ], [ -286749.112982615246437, 5234306.425801844336092 ], [ -286742.602684835146647, 5234377.896556043997407 ], [ -286709.292108327150345, 5234486.114531612023711 ], [ -286671.711427471658681, 5234563.042997160926461 ], [ -286641.780510704265907, 5234614.036575008183718 ], [ -286626.20157060661586, 5234664.127064839936793 ], [ -286584.16232150606811, 5234783.946505101397634 ], [ -286556.632900113414507, 5234834.044387805275619 ], [ -286518.607497892167885, 5234916.557697230949998 ], [ -286476.511475851293653, 5234978.567814449779689 ], [ -286438.410153737524524, 5235024.878466492518783 ], [ -286391.844765460758936, 5235066.561976483091712 ], [ -286284.440381158725359, 5235131.516250248998404 ], [ -286193.497700516076293, 5235175.711336435750127 ], [ -286085.696796187839936, 5235217.432349468581378 ], [ -285967.311300716421101, 5235261.9672243995592 ], [ -285913.215928123914637, 5235279.239874321967363 ], [ -285875.997369571996387, 5235282.910027764737606 ], [ -285835.230947529198602, 5235277.811972146853805 ], [ -285787.097958183090668, 5235255.678006306290627 ], [ -285743.651074121298734, 5235225.272780287079513 ], [ -285606.355625429423526, 5235086.125538465566933 ], [ -285481.035370959551074, 5234927.050071929581463 ], [ -285260.771056750614662, 5234645.867790207266808 ], [ -285127.88040898978943, 5234469.41214978415519 ], [ -285000.860083256673533, 5234303.131609826348722 ], [ -284904.101181859150529, 5234193.974221028387547 ], [ -284811.794280857022386, 5234093.67335391882807 ], [ -284740.818309360940475, 5234026.772434710524976 ], [ -284608.749644720403012, 5233924.48440888337791 ], [ -284497.93476517876843, 5233836.484435141086578 ], [ -284309.731132235203404, 5233738.208260886371136 ], [ -284244.674797301238868, 5233721.696037854067981 ], [ -284129.204981932707597, 5233713.674359305761755 ], [ -284014.210278150916565, 5233719.204942302778363 ], [ -283895.615168078395072, 5233731.619066825136542 ], [ -283730.825474952987861, 5233745.138603009283543 ], [ -283586.437416224507615, 5233744.366803679615259 ], [ -283378.40477634454146, 5233736.681871528737247 ], [ -283211.508584494702518, 5233722.954642886295915 ], [ -282943.919349123316351, 5233688.680131469853222 ], [ -282751.664688590390142, 5233674.362617663107812 ], [ -282629.291061041818466, 5233664.446894320659339 ], [ -282459.04148085124325, 5233633.530704847536981 ], [ -282165.591948532208335, 5233634.77616577129811 ], [ -281897.090783892082982, 5233643.981955036520958 ], [ -281706.028243786131497, 5233692.964174432680011 ], [ -281571.69634257798316, 5233765.278014075942338 ], [ -281544.157347709231544, 5233812.090208435431123 ], [ -281541.186453138885554, 5233873.165331504307687 ], [ -281564.992905481369235, 5233932.424299875274301 ], [ -281594.894767861755099, 5233982.886441489681602 ], [ -281704.610924029315356, 5234057.901246400550008 ], [ -281898.469030507549178, 5234147.628546547144651 ], [ -282132.928694863105193, 5234298.036045609973371 ], [ -282437.663685839273967, 5234519.462169739417732 ], [ -282497.44492406322388, 5234629.720517117530107 ], [ -282508.511751240293961, 5234686.872857729904354 ], [ -282516.202703539747745, 5234759.815981398336589 ], [ -282518.43276689882623, 5234840.355668023228645 ], [ -282515.441500861663371, 5234938.490534230135381 ], [ -282518.766502732236404, 5235050.159298744052649 ], [ -282521.492828381189611, 5235128.874114129692316 ], [ -282530.558019794581924, 5235266.450208427384496 ], [ -282490.321478527795989, 5235385.914651164785028 ], [ -282472.931370315083768, 5235432.760395376943052 ], [ -282422.12860562116839, 5235511.749554608017206 ], [ -282271.366838127898518, 5235687.099727381020784 ], [ -282144.82117870345246, 5235788.380328628234565 ], [ -281815.010804509161972, 5236032.19063279684633 ], [ -281550.00963597901864, 5236247.18817653041333 ], [ -281252.31961029721424, 5236501.520308609120548 ], [ -281040.346594401577022, 5236703.747044709511101 ], [ -280740.916422439506277, 5237017.5698869433254 ], [ -280549.483633706986438, 5237239.287365399301052 ], [ -280329.954696054221131, 5237553.568053673021495 ], [ -280155.899770390591584, 5237866.731129109859467 ], [ -280048.564292853232473, 5238079.251483904197812 ], [ -279940.104711097839754, 5238425.574759542942047 ], [ -279834.790238916117232, 5238895.049582719802856 ], [ -279782.763405101373792, 5238985.004863797686994 ], [ -279722.918046850943938, 5239048.339238926768303 ], [ -279647.996244684385601, 5239106.480274058878422 ], [ -279564.521877359598875, 5239154.97007524035871 ], [ -279477.315412786614615, 5239183.006132841110229 ], [ -279318.097037536383141, 5239152.190579234622419 ], [ -279231.931966799660586, 5239103.552325773052871 ], [ -279163.191735956817865, 5239046.018915300257504 ], [ -279146.583869805792347, 5238997.946070366539061 ], [ -279173.384816450881772, 5238728.207329547032714 ], [ -279157.103561685769819, 5238696.164349093101919 ], [ -278975.776801605534274, 5238398.97793435305357 ], [ -278933.525266235985328, 5238231.036415184848011 ], [ -278901.529595553234685, 5238092.394416713155806 ], [ -278888.704254379903432, 5238036.818914260715246 ], [ -278891.389169178321026, 5237980.099640523083508 ], [ -278930.739384659333155, 5237883.435445040464401 ], [ -278943.547359992167912, 5237867.79260902479291 ], [ -278972.601413130760193, 5237847.38560682721436 ], [ -279001.740069082239643, 5237840.889287132769823 ], [ -279030.087577412719838, 5237840.419784818775952 ], [ -279072.874782171973493, 5237835.214487184770405 ], [ -279100.967480188119225, 5237820.723058796487749 ], [ -279126.256151550624054, 5237782.640975870192051 ], [ -279157.517781511123758, 5237667.693144990131259 ], [ -279291.386259679042269, 5237335.322065342217684 ], [ -279377.136999270878732, 5236889.867290669120848 ], [ -279454.641190984926652, 5236771.985590029507875 ], [ -279531.11968491069274, 5236685.604923482052982 ], [ -279715.397636011475697, 5236543.679021355696023 ], [ -279797.930129124491941, 5236501.751478143967688 ], [ -279831.904837714566384, 5236494.310268036089838 ], [ -279916.570657549309544, 5236497.440642871893942 ], [ -279977.107755115663167, 5236474.436217040754855 ], [ -280108.180332952586468, 5236367.095352214761078 ], [ -280193.41822365054395, 5236256.80644715577364 ], [ -280253.903335014590994, 5236151.746449030004442 ], [ -280284.795606904721353, 5236068.50697454251349 ], [ -280370.224521848722361, 5235858.692641772329807 ], [ -280400.098331717483234, 5235748.428095263428986 ], [ -280421.983520968526136, 5235602.285872929729521 ], [ -280409.645202567451634, 5235508.231798599474132 ], [ -280357.446825417573564, 5235325.253073178231716 ], [ -280316.05233880749438, 5235162.42511585727334 ], [ -280254.471175737155136, 5235017.972245904617012 ], [ -280209.716398978081997, 5234926.754175963811576 ], [ -280161.232975874911062, 5234861.85580959264189 ], [ -280056.117654262110591, 5234766.289197188802063 ], [ -279927.557779971219134, 5234699.003838836215436 ], [ -279728.926850324962288, 5234653.32188511826098 ], [ -279455.844220721861348, 5234651.484213239513338 ], [ -279158.118906761403196, 5234605.895633088424802 ], [ -278880.266236977768131, 5234610.717366899363697 ], [ -278689.223734380095266, 5234595.687423868104815 ], [ -278384.302617215085775, 5234545.533742405474186 ], [ -278072.066918949305546, 5234482.342034910805523 ], [ -277911.472189514781348, 5234454.468025854788721 ], [ -277455.203207737649791, 5234417.98202414251864 ], [ -277115.747444944048766, 5234377.407148430123925 ], [ -276895.432257727778051, 5234343.990420319139957 ], [ -276737.058463454071898, 5234330.616153913550079 ], [ -276433.659751645289361, 5234326.671023684553802 ], [ -276222.692284710064996, 5234302.730818050913513 ], [ -276067.41562130919192, 5234254.474254099652171 ], [ -275786.459364122303668, 5234156.295322548598051 ], [ -275740.501780265301932, 5234239.580436865799129 ], [ -275697.627412344620097, 5234325.55786142591387 ], [ -275625.473012719245162, 5234386.145991655997932 ], [ -275532.746437236666679, 5234546.969987677410245 ], [ -275420.145436465449166, 5234679.89336518663913 ], [ -275432.157032160961535, 5234920.085498576983809 ], [ -275218.921096642327029, 5235055.192465584725142 ], [ -274588.531399382394738, 5235235.387916408479214 ], [ -273920.652637208055239, 5235372.703622022643685 ], [ -273752.263428347650915, 5235408.939825963228941 ], [ -273254.33646672591567, 5235537.765892092138529 ], [ -272874.675332123006228, 5235638.839107415638864 ], [ -272599.684129850240424, 5235701.972124229185283 ], [ -272400.205613601196092, 5235482.121937246061862 ], [ -272183.873215126455761, 5235219.651637759059668 ], [ -271798.247582206851803, 5234982.186823766678572 ], [ -271566.284702710341662, 5234820.104513913393021 ], [ -271453.491230539570097, 5234531.459939130581915 ], [ -271095.996144262899179, 5234604.157152583822608 ], [ -270902.301900074759033, 5234618.115577975288033 ], [ -270615.929504382947925, 5234607.688460314646363 ], [ -270311.889703626628034, 5234608.711984259076416 ], [ -270042.901961492316332, 5234542.882712576538324 ], [ -269835.918953090847936, 5234485.506312653422356 ], [ -269457.989393167197704, 5234548.43612349871546 ], [ -268910.705150439520366, 5234745.323989202268422 ], [ -268870.501448422553949, 5234709.710944321937859 ], [ -268801.098087373073213, 5234600.466430187225342 ], [ -268755.829571164096706, 5234507.704292028211057 ], [ -268715.281112684111577, 5234424.01646885741502 ], [ -268605.36257768253563, 5234122.98157306201756 ], [ -268595.175953719008248, 5234054.339198819361627 ], [ -268552.6883097095415, 5233971.456797814927995 ], [ -268530.180733185494319, 5233908.099564724601805 ], [ -268499.089644684863742, 5233859.908718357793987 ], [ -268427.018400719040073, 5233779.540418381802738 ], [ -268365.377459081995767, 5233699.217784771695733 ], [ -268326.560241323022638, 5233636.441409618593752 ], [ -268277.539701676636469, 5233582.185434510931373 ], [ -268228.423649907344952, 5233533.991722875274718 ], [ -268147.718577555206139, 5233470.814331045374274 ], [ -268104.392141182324849, 5233396.547432036139071 ], [ -268081.429935857944656, 5233342.70535958558321 ], [ -267999.33837924792897, 5233202.782855242490768 ], [ -267952.938857012486551, 5233138.378282884135842 ], [ -267922.890052904083859, 5233108.547703093849123 ], [ -267864.605171275674365, 5233010.430342039093375 ], [ -267762.702084888995159, 5232838.074736761860549 ], [ -267435.206488186086062, 5232312.058188200928271 ], [ -267400.804646709933877, 5232229.664223000407219 ], [ -267291.405528452247381, 5232029.917980912141502 ], [ -267167.748053216375411, 5231861.401820005849004 ], [ -267031.781759244564455, 5232025.288932309485972 ], [ -266860.807711808069143, 5232087.218944704160094 ], [ -266676.405750794627238, 5232088.838186366483569 ], [ -266491.755658636160661, 5232043.492431515827775 ], [ -266090.439209530653898, 5231736.427626665681601 ], [ -265944.602104990568478, 5231678.835109386593103 ], [ -265681.623388969455846, 5231678.942410248331726 ], [ -265511.601679776562378, 5231723.020681473426521 ], [ -265294.039868845662568, 5231751.268901905044913 ], [ -265030.455018196895253, 5231840.05127642955631 ], [ -265001.946207924222108, 5231847.942932520061731 ], [ -264994.621274110511877, 5231853.353046816773713 ], [ -264908.445182744355407, 5231990.349739860743284 ], [ -264895.696874658635352, 5232007.803095958195627 ], [ -264876.170211459102575, 5232028.115380339324474 ], [ -264849.002133133588359, 5232048.901601366698742 ], [ -264821.278904507402331, 5232065.95965104456991 ], [ -264786.877063031191938, 5232079.597691529430449 ], [ -264693.803504695883021, 5232096.025244157761335 ], [ -264649.259344413410872, 5232096.553471462801099 ], [ -264620.109556512790732, 5232090.10019594989717 ], [ -264565.833289747766685, 5232071.487005442380905 ], [ -264539.282144040043931, 5232057.862559602595866 ], [ -264412.985061038518324, 5231962.277229866012931 ], [ -264396.024200782179832, 5231952.06689734198153 ], [ -264369.062063514662441, 5231939.159340791404247 ], [ -264274.642095938208513, 5231901.192579138092697 ], [ -264171.727783297246788, 5231860.130936795845628 ], [ -264137.293547849229071, 5231843.212405250407755 ], [ -264112.429115066071972, 5231825.060000368393958 ], [ -264069.856200326525141, 5231789.813828373327851 ], [ -264045.35923318262212, 5231758.589264127425849 ], [ -264033.020469503535423, 5231733.190471773967147 ], [ -263989.170831524184905, 5231601.314855766482651 ], [ -263995.512368956231512, 5231446.614450113847852 ], [ -264059.496363235462923, 5231231.513085458427668 ], [ -264086.106174314743839, 5231097.150748708285391 ], [ -264076.13896106753964, 5230974.220099043101072 ], [ -264047.780320787976962, 5230912.405127799138427 ], [ -263967.909365380124655, 5230838.424834566190839 ], [ -263750.899699123518076, 5230635.134272136725485 ], [ -263648.287618900008965, 5230559.135782859288156 ], [ -263546.825691655452829, 5230507.157913086004555 ], [ -263367.854340680816676, 5230436.307047059759498 ], [ -263118.302313722088002, 5230381.88173710834235 ], [ -263055.271548242657445, 5230391.368189887143672 ], [ -262884.545409312122501, 5230505.60503526031971 ], [ -262839.176482922339346, 5230550.284741406328976 ], [ -262641.106826148752589, 5230997.621892675757408 ], [ -262552.279327150841709, 5231136.18194408621639 ], [ -262531.663736692222301, 5231176.579616173170507 ], [ -262489.665230525308289, 5231195.640899246558547 ], [ -262406.79922421782976, 5231218.387093118391931 ], [ -262166.833252569718752, 5231076.251480739563704 ], [ -261891.070606225868687, 5230987.899722089059651 ], [ -261772.623885034408886, 5230869.667936534620821 ], [ -261683.430256231280509, 5230701.283232177607715 ], [ -261682.409122542187106, 5230339.655911220237613 ], [ -261547.123324617539765, 5230014.841884193941951 ], [ -261513.354223126953002, 5229864.493971429765224 ], [ -261452.870336277235765, 5229705.816789114847779 ], [ -261415.356447116326308, 5229454.226359880529344 ], [ -261389.23421540678828, 5229124.261432018131018 ], [ -261239.246452333027264, 5228894.848498562350869 ], [ -260958.926608675013995, 5228859.20002237893641 ], [ -260573.194109044066863, 5228981.76067625079304 ], [ -260502.652728840301279, 5229000.230939012952149 ], [ -259935.351126597641269, 5229008.004051330499351 ], [ -259889.228789894201327, 5229019.868692697957158 ], [ -259730.19130881637102, 5229101.495234090834856 ], [ -259641.695541901048273, 5229164.655933979898691 ], [ -259578.887526722479379, 5229232.096058936789632 ], [ -259527.684568459313596, 5229544.208685539662838 ], [ -259520.21792493382236, 5229632.471653936430812 ], [ -259531.543569927103817, 5229741.266877833753824 ], [ -259553.796670095267473, 5229837.920342116616666 ], [ -259597.572169293736806, 5229952.410324695520103 ], [ -259672.208993563923286, 5230102.4764154991135 ], [ -259727.882987855293322, 5230253.75323816947639 ], [ -259966.601290650607552, 5230545.086931340396404 ], [ -260033.529796780756442, 5230643.458152391016483 ], [ -260070.853886209893972, 5230718.494577452540398 ], [ -260088.029036485881079, 5230772.988373923115432 ], [ -260093.018598702299641, 5230827.386662078090012 ], [ -260081.824533347069519, 5230873.504029546864331 ], [ -260040.853394760517403, 5230918.028234447352588 ], [ -259877.275191653345246, 5231056.716444438323379 ], [ -259666.92710636483389, 5231287.448760079219937 ], [ -259594.627212164865341, 5231354.829037141054869 ], [ -259373.036748861981323, 5231464.515010207891464 ], [ -259192.839992932684254, 5231476.672790070995688 ], [ -259094.220720205019461, 5231447.346673749387264 ], [ -258912.051716857415158, 5231367.067111101932824 ], [ -258649.751827090978622, 5231147.5204803571105 ], [ -258562.469665264186915, 5231055.765739963389933 ], [ -258484.732370536396047, 5230955.933701355010271 ], [ -258325.069830518041272, 5230772.544876052066684 ], [ -258118.003889095853083, 5230591.491890536621213 ], [ -257909.230084046081174, 5230455.268452463671565 ], [ -257621.474543680931674, 5230375.474901198409498 ], [ -257235.116539831360569, 5230433.478057346306741 ], [ -257124.107407778355991, 5230431.211455944925547 ], [ -257014.552108275151113, 5230416.725198394618928 ], [ -256906.517433016269933, 5230381.866345849819481 ], [ -256797.229745568824001, 5230334.765738894231617 ], [ -256543.880499459657585, 5230188.636643116362393 ], [ -256358.03016055142507, 5230067.520794974640012 ], [ -256281.755492613301612, 5229958.180428398773074 ], [ -256198.176039689249592, 5229914.005222271196544 ], [ -256136.336838039191207, 5229860.497594093903899 ], [ -256063.611814703937853, 5229813.693964042700827 ], [ -255965.153955237939954, 5229768.035027712583542 ], [ -255892.22811154127703, 5229745.687642939388752 ], [ -255748.623408069688594, 5229756.72228845115751 ], [ -255671.332393180520739, 5229771.025566842406988 ], [ -255623.757448441814631, 5229793.729100864380598 ], [ -255444.950182396540185, 5229967.527940502390265 ], [ -255365.89597809271072, 5230030.733660907484591 ], [ -255279.720332004362717, 5230136.004889417439699 ], [ -255357.497367790405406, 5230226.343325555324554 ], [ -255580.84022251717397, 5230722.863739284686744 ], [ -255654.382442234345945, 5230834.913798564113677 ], [ -255691.943753498228034, 5230877.355667090043426 ], [ -255687.897401327529224, 5231365.213780207559466 ], [ -255515.585404931131052, 5231405.907161028124392 ], [ -255423.533425562898628, 5231402.419607131741941 ], [ -255326.189985519042239, 5231383.937102098017931 ], [ -255080.335101488628425, 5231312.562794899567962 ], [ -254977.57719273227849, 5231294.03142015542835 ], [ -254831.661941909696907, 5231254.749516962096095 ], [ -254700.379638151905965, 5231246.847038282081485 ], [ -254571.835125950805377, 5230365.076609278097749 ], [ -254612.679360317677492, 5230208.736936396919191 ], [ -254538.604365517501719, 5230161.909249341115355 ], [ -254478.285008875333006, 5230089.378246583044529 ], [ -254377.431665287003852, 5230006.992650083266199 ], [ -254135.779537311871536, 5229763.068049096502364 ], [ -253971.259237354068318, 5229685.576187808066607 ], [ -253833.679256043629721, 5229624.61730569601059 ], [ -253671.495552197477082, 5229431.642232920974493 ], [ -253601.290134216862498, 5229248.965255699120462 ], [ -253588.512994383141631, 5229159.177353051491082 ], [ -253577.066679061856121, 5229072.11900644749403 ], [ -253587.279351786099141, 5228985.246431482024491 ], [ -253579.277595468447544, 5228811.260928252711892 ], [ -253566.478191736590816, 5228724.194320959039032 ], [ -253555.660052301624091, 5228403.453455399721861 ], [ -253453.289980651257792, 5228183.837337959557772 ], [ -253406.411561966349836, 5228125.015551424585283 ], [ -253180.229726265737554, 5227980.424058821052313 ], [ -252971.047267365269363, 5227906.621797033585608 ], [ -252807.155254613462603, 5227918.796421163715422 ], [ -252629.308230495982571, 5227979.757273751311004 ], [ -252547.68833456831635, 5228026.602810813114047 ], [ -252473.967224429332418, 5228099.330088446848094 ], [ -252372.332418015605072, 5228269.636713 ], [ -252168.295702577132033, 5228540.956675319932401 ], [ -252044.788842612120789, 5228577.925837843678892 ], [ -251870.431461891974322, 5228546.516365146264434 ], [ -251596.828970266913529, 5228408.260106139816344 ], [ -251475.537813446775544, 5228346.058815879747272 ], [ -251351.434614969708491, 5228296.059596750885248 ], [ -251068.170370780280791, 5228180.803400965407491 ], [ -250937.696135206089821, 5228085.909144251607358 ], [ -250620.796150275768014, 5227948.608054304495454 ], [ -250262.390581883839332, 5227760.662242368794978 ], [ -250013.281161220540525, 5227613.079376824200153 ], [ -249722.04176607154659, 5227485.493154142051935 ], [ -249600.557358615536941, 5227447.725452481769025 ], [ -249462.965911397506716, 5227394.86821076925844 ], [ -249228.669218776427442, 5227258.271045814268291 ], [ -249136.218715631141094, 5227152.835321650840342 ], [ -249065.473175481311046, 5227042.161598516628146 ], [ -248991.970919461280573, 5226786.111068931408226 ], [ -248918.182127071951982, 5226713.448649228550494 ], [ -248883.688447015767451, 5226484.926069729030132 ], [ -248852.743743645609356, 5226162.714904332533479 ], [ -248868.200009664229583, 5225797.468804561533034 ], [ -248871.928433369321283, 5225532.640332883223891 ], [ -248795.248785123694688, 5225029.408841762691736 ], [ -248655.916301069693873, 5225024.073513041250408 ], [ -248522.289942794246599, 5224986.191679886542261 ], [ -248395.344423758855555, 5224957.875903873704374 ], [ -248206.145594567497028, 5224930.350294100120664 ], [ -247953.587162121053552, 5224876.437604829668999 ], [ -247866.965792791510466, 5224878.36250335816294 ], [ -247473.869174886174733, 5224952.176564917899668 ], [ -247223.598580614256207, 5224944.4425288438797 ], [ -247048.33249889081344, 5224873.560965057462454 ], [ -246939.244407290359959, 5224816.869548532180488 ], [ -246725.168900172022404, 5224699.447695172391832 ], [ -246676.809041703556431, 5224660.972243314608932 ], [ -246656.838325055316091, 5224625.47605733666569 ], [ -246556.323949316400103, 5224519.969260349869728 ], [ -246444.136166494892677, 5224506.704801339656115 ], [ -246351.868783911835635, 5224387.693004889413714 ], [ -246283.430451528111007, 5224325.942662252113223 ], [ -246247.075509585847612, 5224306.591070427559316 ], [ -246245.976118294696789, 5224132.749116385355592 ], [ -246255.060345340811182, 5224028.26446586009115 ], [ -246319.954153818398481, 5224034.028993825428188 ], [ -246740.26181937273941, 5223499.076678002253175 ], [ -246320.195494474348379, 5223421.848908796906471 ], [ -246330.204675169603433, 5223363.550408176146448 ], [ -246284.170058225019602, 5223367.195882174186409 ], [ -246200.644706573337317, 5223328.396090539172292 ], [ -246112.443268391594756, 5223312.50095249991864 ], [ -245873.821702233835822, 5223297.216205241158605 ], [ -245743.832819639646914, 5223308.22070812061429 ], [ -245586.558416657004273, 5223343.40993226133287 ], [ -245458.792806932906387, 5223406.032624154351652 ], [ -245356.654168503766414, 5223477.042813741602004 ], [ -245221.459875200496754, 5223610.206978670321405 ], [ -245144.972030437464127, 5223686.889981834217906 ], [ -245014.852347441512393, 5223855.409576881676912 ], [ -244780.933027894323459, 5223982.207328546792269 ], [ -244382.573224464285886, 5224040.894619374535978 ], [ -244346.094383928750176, 5224035.115460264496505 ], [ -244296.291490901261568, 5224007.480949979275465 ], [ -244154.215092718601227, 5223864.894306710921228 ], [ -244030.298354388680309, 5223805.317996357567608 ], [ -243947.859703606343828, 5223795.024340162053704 ], [ -243857.071423097455408, 5223809.09392306022346 ], [ -243718.697622498177225, 5223847.150480939075351 ], [ -243513.704895272676367, 5223918.515327580273151 ], [ -243422.979732915206114, 5223925.791474950499833 ], [ -243356.763114928617142, 5223917.006507471203804 ], [ -243292.055432639783248, 5223891.939560914412141 ], [ -243188.424779075576225, 5223833.905512972734869 ], [ -243029.901148767239647, 5223715.587668236345053 ], [ -242976.332651324599283, 5223658.034809693694115 ], [ -242948.391125176975038, 5223608.877945393323898 ], [ -242910.979872586613055, 5223559.629508066922426 ], [ -242884.574444092460908, 5223491.476521003991365 ], [ -242872.297685369820101, 5223360.996300390921533 ], [ -242824.721293477690779, 5223102.533779952675104 ], [ -242604.706668886472471, 5222627.86711700540036 ], [ -242533.980053050006973, 5222526.701996729709208 ], [ -242400.083967648359248, 5222382.831282665021718 ], [ -242341.010944025067147, 5222336.09149818494916 ], [ -242281.794318258442217, 5222304.28573867958039 ], [ -242123.963540460943477, 5222257.939688444137573 ], [ -242042.789590413449332, 5222258.504605182446539 ], [ -241606.750922337028896, 5222303.112931515090168 ], [ -241290.302226622501621, 5222291.853899695910513 ], [ -241183.400449821376242, 5222294.873283084481955 ], [ -240993.772150034521474, 5222318.798617442138493 ], [ -240767.326821099180961, 5222372.226484232582152 ], [ -240525.691836325597251, 5222456.727634562179446 ], [ -240431.846722599642817, 5222507.391175833530724 ], [ -240272.399697115208255, 5222625.29134613275528 ], [ -240209.489935922145378, 5222693.913324238732457 ], [ -240177.652227596758166, 5222766.918775767087936 ], [ -240150.996775526407873, 5222863.059786136262119 ], [ -240143.185598176991334, 5222968.89473174046725 ], [ -240155.787075854139403, 5223062.713553885929286 ], [ -240186.965438835672103, 5223193.381601651199162 ], [ -240179.355749764421489, 5223278.853582532145083 ], [ -240126.35030630620895, 5223439.917328191921115 ], [ -240085.012592636659974, 5223515.549335099756718 ], [ -240038.41058024726226, 5223576.191536014899611 ], [ -240015.062318928830791, 5223611.265199310146272 ], [ -239920.772261198144406, 5223705.380058971233666 ], [ -239811.773670468275668, 5223781.694098428823054 ], [ -239700.256476259441115, 5223838.970255524851382 ], [ -239534.621756879147142, 5223895.702252586372197 ], [ -239448.035787147848168, 5223894.832489075139165 ], [ -239341.3323816791235, 5223876.105601380579174 ], [ -239299.798968344752211, 5223834.947925673797727 ], [ -239208.673501098412089, 5223611.322950595058501 ], [ -239188.773917604616145, 5223571.74183957464993 ], [ -239147.283250954496907, 5223526.511419827118516 ], [ -239113.624801037891302, 5223509.876649723388255 ], [ -238994.893881186435465, 5223611.882519864477217 ], [ -238907.235793439147528, 5223718.276073434390128 ], [ -238750.046549867023714, 5223876.927864039316773 ], [ -238477.840115975821391, 5224035.77050685044378 ], [ -238329.673428452108055, 5224103.524041838943958 ], [ -238188.104869786562631, 5224187.639246028847992 ], [ -237978.577431783953216, 5224167.848519098013639 ], [ -237923.703713311784668, 5224241.980492703616619 ], [ -237862.408307374222204, 5224282.095819323323667 ], [ -237765.990488896437455, 5224316.419318059459329 ], [ -237695.636570715083508, 5224315.699408940039575 ], [ -237441.598145638301503, 5224281.86027386970818 ], [ -237228.431005564867519, 5224088.186896622180939 ], [ -236868.478207570355153, 5223959.540971484966576 ], [ -236777.196670397854177, 5224152.794915467500687 ], [ -236655.265092547022505, 5224167.831026818603277 ], [ -236534.839444767858367, 5224167.942766298539937 ], [ -236364.550568797101732, 5224148.523338414728642 ], [ -236178.167343486449681, 5224115.353274471126497 ], [ -235966.388357463089051, 5224052.038868747651577 ], [ -235599.027581314760027, 5223987.094667591154575 ], [ -235360.830587694857968, 5223992.749393350444734 ], [ -235286.039029332547216, 5224028.631647546775639 ], [ -235227.185193786484888, 5224093.198997363448143 ], [ -235137.637457683042157, 5224116.703339403495193 ], [ -235095.909012600721326, 5224095.89444646704942 ], [ -235023.474199177959235, 5224035.380253490060568 ], [ -234592.60264790567453, 5223704.921210642904043 ], [ -234511.031509914959315, 5223613.075996342115104 ], [ -234336.42978291248437, 5223490.371570507064462 ], [ -234398.491512224660255, 5223249.318578250706196 ], [ -234465.732937443477567, 5223159.050719977356493 ], [ -234663.175642844929826, 5222779.576645473018289 ], [ -234937.401078340713866, 5222300.44648810941726 ], [ -235002.796381124004256, 5222256.328311500139534 ], [ -235067.305469441256719, 5222167.39454007986933 ], [ -235124.777496148191858, 5221844.859350040555 ], [ -235147.99796269115177, 5221823.379908334463835 ], [ -235164.568425493169343, 5221790.969224288128316 ], [ -235178.843480395094957, 5221719.161377619951963 ], [ -235277.641532225010451, 5221584.430364069528878 ], [ -235400.896587501687463, 5221308.761988810263574 ], [ -235462.944067918986548, 5221195.371577447280288 ], [ -235504.702457944367779, 5221081.769822308793664 ], [ -235509.450122907262994, 5221015.297559886239469 ], [ -235497.967962709837593, 5220948.655875876545906 ], [ -235453.998656277864939, 5220884.389921332709491 ], [ -235259.246654288377613, 5220752.023714833892882 ], [ -235229.619862369610928, 5220739.495029929094017 ], [ -235124.445207468030276, 5220578.201866075396538 ], [ -234992.898965197615325, 5220481.793156109750271 ], [ -234975.643330929800868, 5220450.389012571424246 ], [ -234959.98802566161612, 5220265.605192992836237 ], [ -234919.211807503510499, 5220155.220964402891695 ], [ -234875.12249866037746, 5220103.173349521122873 ], [ -234820.129890971962595, 5220059.155707657337189 ], [ -234782.349280311173061, 5220050.612936425954103 ], [ -234631.909782743721735, 5219951.290598230436444 ], [ -234463.366730347159319, 5219902.000157695263624 ], [ -234290.713428391842172, 5219729.138971218839288 ], [ -233824.073588893807027, 5219477.141363587230444 ], [ -233694.687056064314675, 5219435.043040110729635 ], [ -233593.09288126451429, 5219322.657166193239391 ], [ -233551.288516289554536, 5219311.352547261863947 ], [ -233323.00574783916818, 5219285.839622111059725 ], [ -233056.967415613442427, 5219122.825959181413054 ], [ -232986.080499709962169, 5219048.770721229724586 ], [ -232866.183396873268066, 5219005.407106784172356 ], [ -232660.67526040514349, 5218874.254640800878406 ], [ -232559.784736106812488, 5218824.306082756258547 ], [ -232384.830794235487701, 5218618.829965169541538 ], [ -232477.615255853132112, 5218414.88810417894274 ], [ -232819.966327283007558, 5217758.985507271252573 ], [ -232865.869141950563062, 5217638.694972652941942 ], [ -232970.714402478915872, 5217443.041145136579871 ], [ -232827.970087351539405, 5217388.582679979503155 ], [ -232632.849061249929946, 5217300.989200452342629 ], [ -231490.210481960471952, 5216435.067467663437128 ], [ -231429.979624313447857, 5216378.777364357374609 ], [ -231403.515307808527723, 5216325.568959075026214 ], [ -231393.155359397875145, 5216283.391540150158107 ], [ -231430.969477225531591, 5216036.847274520434439 ], [ -231720.019551949022571, 5215684.493287823162973 ], [ -231808.610719668125967, 5215617.613280480727553 ], [ -231954.671465065213852, 5215486.228739382699132 ], [ -232200.65035900863586, 5215239.241224426776171 ], [ -232366.348530498507898, 5215040.230340716429055 ], [ -232429.582231409731321, 5214941.870643416419625 ], [ -232541.149296750634676, 5214747.705947112292051 ], [ -232618.778166294301627, 5214566.745430033653975 ], [ -232661.33672081946861, 5214378.627265023998916 ], [ -232664.02864874585066, 5214126.322739314287901 ], [ -232620.973609291628236, 5213854.540766467340291 ], [ -232618.830263816053048, 5213675.451556239277124 ], [ -232594.480683677800698, 5213424.23113517370075 ], [ -232600.740512603515526, 5213344.264530173502862 ], [ -232653.389733691205038, 5213096.594253862276673 ], [ -232590.079222331230994, 5213076.92250541318208 ], [ -232369.620321652386338, 5212966.030614878982306 ], [ -232108.292696318414528, 5212885.890905958600342 ], [ -231990.018186379369581, 5212824.928139943629503 ], [ -231708.472269849648001, 5212740.490361409261823 ], [ -231561.459631486708531, 5212713.121364395134151 ], [ -231261.782441574527184, 5212681.37398723885417 ], [ -231171.584377005841816, 5212649.192652546800673 ], [ -231095.090520990255754, 5212599.527249339036644 ], [ -230826.674515760707436, 5212551.831037708558142 ], [ -230429.369019227859098, 5212426.756456420756876 ], [ -229884.397327601589495, 5212952.46604810655117 ], [ -229516.872132565214997, 5213191.206617610529065 ], [ -229428.571731356176315, 5213232.278407509438694 ], [ -229275.300599901354872, 5213282.123508282937109 ], [ -228796.047816818405408, 5213477.550061446614563 ], [ -228738.793531035567867, 5213521.676130263134837 ], [ -228661.32807850438985, 5213560.15014151763171 ], [ -228595.768579472147394, 5213621.818059555254877 ], [ -228399.914514523581602, 5213732.219499948434532 ], [ -227746.774230291019194, 5214485.937784956768155 ], [ -227714.961234892660286, 5214912.937580606900156 ], [ -227208.034315078984946, 5215034.740049798972905 ], [ -226895.773681247024797, 5215154.660786316730082 ], [ -226472.686256687855348, 5215391.348922597244382 ], [ -226283.883502244687406, 5215470.60077903419733 ], [ -226126.875152845022967, 5215487.800094164907932 ], [ -225947.196700464875903, 5215477.600906462408602 ], [ -225860.922202668647515, 5215456.259302204474807 ], [ -225811.92247976717772, 5215485.546563577838242 ], [ -225691.114004259172361, 5215528.933524580672383 ], [ -225519.346916770067764, 5215654.498966660350561 ], [ -225373.242200174106983, 5215781.715520914644003 ], [ -225318.941777079569874, 5215919.488854128867388 ], [ -225226.324628656439018, 5216097.528188437223434 ], [ -225059.932602780347224, 5216224.511585839092731 ], [ -224960.677361801790539, 5216273.569374813698232 ], [ -224811.21803235085099, 5216338.327901882119477 ], [ -224630.618633823294658, 5216406.793851065449417 ], [ -224421.801191532955272, 5216460.003165007568896 ], [ -224291.981959842582, 5216462.563847995363176 ], [ -224228.541649956459878, 5216453.683501799590886 ], [ -224147.826558850036236, 5216418.819733143784106 ], [ -224029.639434711076319, 5216350.951860697939992 ], [ -223907.823406491865171, 5216246.403961328789592 ], [ -223858.673958875180688, 5216171.199936140328646 ], [ -223810.060625926358625, 5216049.868288599886 ], [ -223647.338803661783459, 5215510.653769034892321 ], [ -223586.361660148279043, 5215406.822932382114232 ], [ -223373.742657247406896, 5215207.597460913471878 ], [ -223313.18897307687439, 5215183.821621114388108 ], [ -223244.336086909490405, 5215176.229195532388985 ], [ -223138.736525511514628, 5215189.912348653189838 ], [ -223004.181874002388213, 5215252.097079689614475 ], [ -222600.569683038076619, 5215548.543928531929851 ], [ -222531.268735919991741, 5215578.931434415280819 ], [ -222348.12435119386646, 5215633.75041151419282 ], [ -222264.145149978372501, 5215647.680404093116522 ], [ -222140.302995707170339, 5215602.793389038182795 ], [ -222084.060826734814327, 5215557.350958877243102 ], [ -222016.262470103509258, 5215460.212535586208105 ], [ -221962.013810572156217, 5215360.522105699405074 ], [ -221771.376956198655535, 5215134.387578016147017 ], [ -221660.462557032326004, 5215025.883640570566058 ], [ -221554.619539907987928, 5214945.931375734508038 ], [ -221420.250903268053662, 5214877.848393196240067 ], [ -221149.926102729688864, 5214762.009592942893505 ], [ -220962.74037520980346, 5214702.785990214906633 ], [ -220892.832402908446966, 5214670.743607547134161 ], [ -220739.826434480695752, 5214579.365971874445677 ], [ -220573.123604586318834, 5214390.142613361589611 ], [ -220490.823435250465991, 5214264.341472305357456 ], [ -220472.616464614286087, 5214204.43076498247683 ], [ -220483.552380070352228, 5214081.110787720419466 ], [ -220451.075141270324821, 5213858.239366656169295 ], [ -220401.555222388415132, 5213704.351615287363529 ], [ -220369.917221229610732, 5213637.499604219570756 ], [ -220261.657903238025028, 5213535.811030055396259 ], [ -220191.468403944541933, 5213528.18151640612632 ], [ -220110.158978076739004, 5213546.191136943176389 ], [ -220033.880302636884153, 5213595.46113910432905 ], [ -219965.481154713866999, 5213663.817628995515406 ], [ -219726.03192814195063, 5214019.052899591624737 ], [ -219665.736059912043856, 5214087.508402383886278 ], [ -219611.466027038462926, 5214104.486030550673604 ], [ -219535.752631972893141, 5214106.280397422611713 ], [ -219417.186019689863315, 5214074.995014993473887 ], [ -219254.04841912703705, 5213929.212431165389717 ], [ -219170.369223939167568, 5213807.458679348230362 ], [ -219101.573778628924629, 5213684.530686848796904 ], [ -219100.829607832973124, 5213634.329642971977592 ], [ -219134.312618232390378, 5213547.919423663057387 ], [ -219255.911239486100385, 5213439.521782886236906 ], [ -219293.233102525235154, 5213370.794119055382907 ], [ -219310.055258696025703, 5213320.808321692980826 ], [ -219309.637699286162388, 5213243.483286273665726 ], [ -219299.465992134384578, 5213190.456827859394252 ], [ -219286.690188134554774, 5213129.260146550834179 ], [ -219257.813800903124502, 5213058.372906137257814 ], [ -219125.053285627102014, 5212972.65656488481909 ], [ -218750.23299040045822, 5212565.227551432326436 ], [ -218710.404435067554004, 5212506.416352606378496 ], [ -218701.505777612532256, 5212460.190704886801541 ], [ -218711.60624029012979, 5212407.415780900046229 ], [ -218748.713924629118992, 5212356.327652642503381 ], [ -218997.635549311642535, 5212111.155973939225078 ], [ -219092.309102688304847, 5211992.954192948527634 ], [ -219144.685591023357119, 5211908.145223625004292 ], [ -219167.074167011771351, 5211844.672237763181329 ], [ -219165.51970164233353, 5211749.713850119151175 ], [ -218919.488821496634046, 5211311.361776686273515 ], [ -218826.198524112784071, 5211204.439456174150109 ], [ -218689.447650369838811, 5211115.972544125281274 ], [ -218631.535355076863198, 5211100.346374363638461 ], [ -218535.646749458275735, 5211096.46076759789139 ], [ -218462.543796451733215, 5211107.771241303533316 ], [ -218366.259004765423015, 5211136.427493500523269 ], [ -218158.413047671201639, 5211227.454617014154792 ], [ -218060.394343596388353, 5211287.279478850774467 ], [ -217848.422774853854207, 5211383.675298075191677 ], [ -217565.52232276002178, 5211423.586763844825327 ], [ -217464.176835702877725, 5211423.691425682976842 ], [ -217372.438665978988865, 5211411.707878469489515 ], [ -216944.476894876395818, 5211270.785777760669589 ], [ -216812.360696813033428, 5211246.089929841458797 ], [ -216586.220383282372495, 5211285.320147273130715 ], [ -216419.2886805148446, 5211344.270288485102355 ], [ -216363.829087562509812, 5211349.003675810061395 ], [ -216266.621791256184224, 5211342.366061527282 ], [ -216214.183743242610944, 5211321.368389339186251 ], [ -216105.810656731482595, 5211234.573736188001931 ], [ -216059.501637241919525, 5211155.335794409736991 ], [ -216048.521305309142917, 5211060.265957101248205 ], [ -215775.937609663407784, 5210597.120632447302341 ], [ -215579.163043845561333, 5210124.092123784124851 ], [ -215315.998758233006811, 5209667.87563328910619 ], [ -215146.115864445106126, 5209424.374902114272118 ], [ -215079.087059453711845, 5209382.851832473650575 ], [ -215015.822411723987898, 5209364.426903754472733 ], [ -214952.218350866867695, 5209373.116167700849473 ], [ -214868.182933308475185, 5209395.106531735509634 ], [ -214790.6968866714451, 5209433.450409843586385 ], [ -214710.321431331278291, 5209486.672645595856011 ], [ -214554.493736450996948, 5209631.145906991325319 ], [ -214374.810163374029798, 5209845.828473859466612 ], [ -214183.559270689438563, 5210012.90430202987045 ], [ -214001.348522532527568, 5210105.511266747489572 ], [ -213804.892330458387733, 5210149.116154854185879 ], [ -213729.22724805175676, 5210149.507793443277478 ], [ -213638.94335615565069, 5210130.727830336429179 ], [ -213567.932430339569692, 5210083.71605010330677 ], [ -213388.563000865717186, 5209845.475995369255543 ], [ -213343.651152305101277, 5209764.897438505664468 ], [ -213339.229208172328072, 5209687.549185232259333 ], [ -213348.779975204524817, 5209573.769121985882521 ], [ -213435.262751767906593, 5209359.277608114294708 ], [ -213601.371024262130959, 5209044.11370315682143 ], [ -213657.321758807607694, 5208892.968179843388498 ], [ -213680.288416911615059, 5208786.147677292115986 ], [ -213684.328423871629639, 5208680.442592037841678 ], [ -213663.936808228550944, 5208583.918010463006794 ], [ -213618.295928322710097, 5208454.532858459278941 ], [ -213556.208595527656144, 5208343.920287285000086 ], [ -213403.573209684895119, 5208130.468698217533529 ], [ -213316.90519748852239, 5208041.236246973276138 ], [ -213240.595241271803388, 5207987.385656367987394 ], [ -213156.010684665350709, 5207946.986172356642783 ], [ -212871.737885889015161, 5207889.111977680586278 ], [ -212734.796544497163268, 5207823.633990581147373 ], [ -212631.585342774225865, 5207761.299612973816693 ], [ -212545.932007736613741, 5207699.190692851319909 ], [ -212436.716343999723904, 5207578.482961635105312 ], [ -212314.710182090115268, 5207402.028165862895548 ], [ -212293.053977031580871, 5207300.074601941742003 ], [ -212283.482727213326143, 5207203.700458064675331 ], [ -212322.70292152906768, 5206988.662612659856677 ], [ -212357.729154029249912, 5206890.155297932215035 ], [ -212419.605981667351443, 5206804.195222406648099 ], [ -212524.797223173023667, 5206710.659767035394907 ], [ -213007.069658763415646, 5206383.391378719359636 ], [ -213087.755472843797179, 5206304.450021291151643 ], [ -213137.417658034944907, 5206222.400538565590978 ], [ -213134.090429774776567, 5206165.427136767655611 ], [ -213098.408302834868664, 5206103.973301633261144 ], [ -213045.190239149087574, 5206040.939540984109044 ], [ -212747.036011190299178, 5205805.331078628078103 ], [ -212531.570123631885508, 5205652.108073148876429 ], [ -212307.801917130476795, 5205515.040253925137222 ], [ -211780.711030032340204, 5205233.086214635521173 ], [ -211098.403258099686354, 5204739.018931539729238 ], [ -210984.50527394094388, 5204671.126047866418958 ], [ -210853.005451898090541, 5204607.06828984618187 ], [ -209766.11801130650565, 5204186.250931926071644 ], [ -209385.542498405789956, 5204068.751837377436459 ], [ -209328.878873841080349, 5204065.293003040365875 ], [ -209244.948987160023535, 5204081.801402003504336 ], [ -209026.052678173175082, 5204196.807693001814187 ], [ -208694.271503713505808, 5204475.650988029316068 ], [ -208589.800499313103501, 5204513.565501146949828 ], [ -208487.07220154121751, 5204521.686458562500775 ], [ -208390.209439058671705, 5204494.647877767682076 ], [ -208307.169885664858157, 5204443.398046277463436 ], [ -208240.707919520675205, 5204363.908844928257167 ], [ -208174.85665210269508, 5204238.350479004904628 ], [ -208114.043704838346457, 5204038.324942654930055 ], [ -208058.162322335469071, 5203771.966594092547894 ], [ -208047.681926235702122, 5203645.798844452947378 ], [ -208117.14595640762127, 5203396.029598193243146 ], [ -208143.183140026347246, 5203264.933470736257732 ], [ -208141.272340966796037, 5203205.284873143769801 ], [ -208073.699294984922744, 5203006.545589229092002 ], [ -208018.729619111603824, 5202875.729130130261183 ], [ -207790.139831505541224, 5202501.406652543693781 ], [ -207758.879092100978596, 5202415.625835008919239 ], [ -207745.255367539764848, 5202323.307019396685064 ], [ -207785.006110548594734, 5201972.914184806868434 ], [ -207877.656543499499094, 5201501.305495067499578 ], [ -207946.678635293210391, 5201284.102287284098566 ], [ -208037.645138306863373, 5200938.49424284696579 ], [ -208075.015202685579425, 5200868.546086155809462 ], [ -208144.647436608182034, 5200808.511531542986631 ], [ -208252.190191037516342, 5200739.498760563321412 ], [ -208305.519017616490601, 5200687.374813600443304 ], [ -208349.812486405600794, 5200603.972461390309036 ], [ -208542.635544258897426, 5200311.2160923499614 ], [ -208813.342949887213763, 5199944.993648635223508 ], [ -208857.717459265782963, 5199854.823557449504733 ], [ -208868.374853355780942, 5199762.852593041025102 ], [ -208853.697267175302841, 5199647.519241494126618 ], [ -208817.644557650404749, 5199515.64921154268086 ], [ -208761.549330405629007, 5199368.615152130834758 ], [ -208650.795342625584453, 5199170.741186365485191 ], [ -208538.035822899226332, 5199022.958840649574995 ], [ -208466.158942764333915, 5198947.507586793974042 ], [ -208420.856696749571711, 5198903.562422533519566 ], [ -208337.865678653790383, 5198852.343402402475476 ], [ -208225.103153301111888, 5198807.499784456565976 ], [ -207957.378776067576837, 5198745.689219482243061 ], [ -207129.020945408934494, 5198628.95126583520323 ], [ -206774.336787593842018, 5198511.763285310007632 ], [ -206582.202463430003263, 5198449.579282405786216 ], [ -206511.192650808952749, 5198512.277761194854975 ], [ -206407.438098651356995, 5198601.622237930074334 ], [ -206331.578652413882082, 5198723.849874576553702 ], [ -206287.058425821742276, 5198823.476719309575856 ], [ -206265.237801875453442, 5198941.019420903176069 ], [ -206262.033470332913566, 5199079.13269317895174 ], [ -206276.53316796728177, 5199205.296847878023982 ], [ -206309.046808240760583, 5199296.488898734562099 ], [ -206337.299027087225113, 5199504.114173669368029 ], [ -206327.912344984564697, 5199600.160554319620132 ], [ -206300.820186551631195, 5199708.159654766321182 ], [ -206255.181978313572472, 5199790.171731021255255 ], [ -206175.826988745568087, 5199870.373289750888944 ], [ -206102.432823951123282, 5199908.663014249876142 ], [ -206003.874442984728375, 5199911.392048553563654 ], [ -205917.73397385556018, 5199893.969650737009943 ], [ -205822.586422087042592, 5199843.913957617245615 ], [ -205754.627765389159322, 5199779.32612881064415 ], [ -205686.998948342283256, 5199690.360411369241774 ], [ -205598.824560796609148, 5199523.906366470269859 ], [ -205508.924275865778327, 5199285.64145462308079 ], [ -205447.791285065264674, 5199215.730002 ], [ -205193.016592876170762, 5198995.542651479132473 ], [ -204945.091611594747519, 5198768.674899685196579 ], [ -204833.990863600658486, 5198702.144126794300973 ], [ -204733.298710634786403, 5198664.197800317779183 ], [ -204208.263003975444008, 5198276.416277633048594 ], [ -204054.372936151834438, 5198083.337275900878012 ], [ -203944.934188155224547, 5197896.288893416523933 ], [ -203852.388952123234048, 5197756.875701442360878 ], [ -203764.538059017824708, 5197668.991043034009635 ], [ -203684.245091420481913, 5197620.484507450833917 ], [ -203598.204141915892251, 5197597.629576616920531 ], [ -203480.708868412330048, 5197605.487776154652238 ], [ -203391.208331772766542, 5197638.108591705560684 ], [ -203291.835982689808588, 5197701.740647324360907 ], [ -203156.474487511324696, 5197831.234772968105972 ], [ -203098.602935152070131, 5197918.463932166807353 ], [ -203066.432938146521337, 5198197.012289692647755 ], [ -203046.557399662939133, 5198268.518272176384926 ], [ -202972.977553957753116, 5198320.318985501304269 ], [ -202883.487258711451432, 5198351.583079157397151 ], [ -202667.196493726107292, 5198379.730837141163647 ], [ -202579.970548241981305, 5198344.658903806470335 ], [ -202514.499770843656734, 5198297.699524451978505 ], [ -202446.911919369507814, 5198208.725144811905921 ], [ -202407.431126125709852, 5198038.881965306587517 ], [ -202421.020452964352444, 5197970.93071754463017 ], [ -202514.930799912166549, 5197776.965903090313077 ], [ -202581.367273893061792, 5197527.095692709088326 ], [ -202647.085403199744178, 5197005.388658924028277 ], [ -202657.187201711349189, 5196587.425146603025496 ], [ -202678.183838786819251, 5196278.504138813354075 ], [ -202684.334685931127751, 5196197.714096065610647 ], [ -202666.913853538979311, 5196075.340084096416831 ], [ -202634.587675287912134, 5195935.153951349668205 ], [ -202596.485573937621666, 5195796.136112020350993 ], [ -202563.153624087368371, 5195664.329978285357356 ], [ -202519.459944714413723, 5195565.366830553859472 ], [ -202346.12414296111092, 5195404.538488131016493 ], [ -202267.35525051219156, 5195342.060942085459828 ], [ -202166.854901028855238, 5195277.150463573634624 ], [ -202064.666948065161705, 5195212.543354633264244 ], [ -201961.766439041122794, 5195167.812849945388734 ], [ -201844.966244437964633, 5195147.879107502289116 ], [ -201667.772665731026791, 5195142.114091062918305 ], [ -201512.808921418589307, 5195142.735271867364645 ], [ -201377.117697908397531, 5195136.902157206088305 ], [ -201263.621465792035451, 5195145.150992082431912 ], [ -201189.389955787773943, 5195158.669355131685734 ], [ -201145.537312181928428, 5195169.458262018859386 ], [ -201116.754878600972006, 5195111.823458135128021 ], [ -200894.219646779500181, 5194789.125805537216365 ], [ -200744.644545057875803, 5194581.170445591211319 ], [ -200461.965952709084377, 5194406.581110800616443 ], [ -200273.879873147583567, 5194416.467827949672937 ], [ -200227.875423784891609, 5194402.144944014027715 ], [ -199837.752928714529844, 5194399.958053299225867 ], [ -199810.865709464240354, 5194379.602616547606885 ], [ -199810.456944294041023, 5194378.300526686944067 ], [ -199780.769817211374175, 5194378.352538122795522 ], [ -199763.483570083364611, 5194378.633189435116947 ], [ -199750.136474456725409, 5194379.548500593751669 ], [ -199715.916195069963578, 5194391.360817751847208 ], [ -199704.565057913277997, 5194399.098660103045404 ], [ -199670.213755485689035, 5194406.066707161255181 ], [ -199648.351609369274229, 5194407.14857832621783 ], [ -199640.975691228901269, 5194407.575494308955967 ], [ -199613.749615448497934, 5194407.796318113803864 ], [ -199574.071564067067811, 5194411.587002287618816 ], [ -199533.2174222652975, 5194420.120368998497725 ], [ -199491.05282741796691, 5194428.635103340260684 ], [ -199439.691127560916357, 5194431.550164826214314 ], [ -199397.509946109435987, 5194432.324628509581089 ], [ -199386.134207345166942, 5194433.130058780312538 ], [ -199374.79498137414339, 5194437.469582352787256 ], [ -199367.002171740517952, 5194440.481454601511359 ], [ -199363.381060024548788, 5194441.831355728209019 ], [ -199339.989050146105001, 5194452.957374407909811 ], [ -199308.556099489127519, 5194485.881981864571571 ], [ -199286.262033748644171, 5194539.224823561497033 ], [ -199102.307020490290597, 5194726.759795036166906 ], [ -199038.115860638703452, 5194771.186361760832369 ], [ -198793.316285380569752, 5194766.387132223695517 ], [ -198412.735763102740748, 5194687.722055342979729 ], [ -198261.289158101892099, 5194655.871431526727974 ], [ -198181.201241006521741, 5194629.625368760898709 ], [ -197986.647276390780462, 5194226.796180322766304 ], [ -197866.068452992185485, 5194022.54220612347126 ], [ -197679.661961907724617, 5193676.718489127233624 ], [ -197531.521545783354668, 5193392.442936055362225 ], [ -197485.611495348915923, 5193272.781412734650075 ], [ -197335.517978758754907, 5193154.274519987404346 ], [ -197003.660773086652625, 5193098.161883346736431 ], [ -196984.402835137851071, 5193133.495947860181332 ], [ -196838.93876221132814, 5193253.87131392210722 ], [ -196745.058360206545331, 5193346.510145307518542 ], [ -196632.534392522677081, 5194174.625627293251455 ], [ -196632.48363083487493, 5194174.600674363784492 ], [ -193825.105147370835766, 5192783.711080952547491 ], [ -193807.668730249773944, 5192821.977179133333266 ], [ -193792.631470794527559, 5192866.576541799120605 ], [ -193775.361921590141719, 5192902.829872939735651 ], [ -193757.19591652660165, 5192939.652225320227444 ], [ -193743.625625320943072, 5192982.292980624362826 ], [ -193702.505095977685414, 5193044.46882214397192 ], [ -193676.925769424677128, 5193079.769620465114713 ], [ -193659.616479162243195, 5193086.427528640255332 ], [ -193646.487235779175535, 5193098.771507461555302 ], [ -193618.87065122515196, 5193124.692291967570782 ], [ -193559.847498733521206, 5193168.052326332777739 ], [ -193532.867995625420008, 5193182.05756129976362 ], [ -193437.861374332220294, 5193221.489367756992579 ], [ -193374.754577640385833, 5193237.598336196504533 ], [ -193325.506612274388317, 5193253.535684511996806 ], [ -193268.459603383438662, 5193255.313483440317214 ], [ -193221.182772241008934, 5193252.721035465598106 ], [ -193181.311024945403915, 5193244.608517607674003 ], [ -193133.594481814332539, 5193230.413356533274055 ], [ -193090.256579533946933, 5193215.713196378201246 ], [ -193057.76486920012394, 5193206.547984279692173 ], [ -193019.930491225240985, 5193202.545101936906576 ], [ -192988.179278144205455, 5193193.280702371150255 ], [ -192945.317934603925096, 5193178.059498983435333 ], [ -192913.815409265342169, 5193165.35934957396239 ], [ -192867.268833982292563, 5193146.006222510710359 ], [ -192826.506530760496389, 5193126.111896521411836 ], [ -192782.543235581106273, 5193101.004691977985203 ], [ -192744.41842505443492, 5193082.237872131168842 ], [ -192699.915564303111751, 5193061.973788461647928 ], [ -192649.435292174021015, 5193034.247311099432409 ], [ -192616.76346690414357, 5193016.244450340047479 ], [ -192583.55485904958914, 5192992.342642687261105 ], [ -192500.164315301226452, 5192931.210218656808138 ], [ -192454.749636600754457, 5192898.838841961696744 ], [ -192433.667060878302436, 5192888.885620212182403 ], [ -192408.682737003575312, 5192878.873792556114495 ], [ -192389.760761278012069, 5192870.594161994755268 ], [ -192369.219977517408552, 5192855.704883005470037 ], [ -192335.621306167187868, 5192821.374035584740341 ], [ -192309.834814041707432, 5192806.402771539986134 ], [ -192306.443911032634787, 5192811.364383288659155 ], [ -192153.08249947076547, 5192917.918371935375035 ], [ -192121.499824098718818, 5193128.511321789585054 ], [ -192119.398112112423405, 5193129.954674679785967 ], [ -192115.914257328608073, 5193124.667642403393984 ], [ -192110.470400270365644, 5193115.769604993052781 ], [ -192103.125540267821634, 5193106.864511734806001 ], [ -192091.023330506723141, 5193095.877897504717112 ], [ -192074.471012781694299, 5193082.594086798839271 ], [ -192062.306018827628577, 5193073.847893254831433 ], [ -192052.036573163146386, 5193067.927372143603861 ], [ -192042.96069507865468, 5193063.686170471832156 ], [ -192035.298908485769061, 5193061.066870914772153 ], [ -192014.967739326326409, 5193056.783738284371793 ], [ -192002.447413557732943, 5193051.68221826851368 ], [ -191958.889543963683536, 5193022.507323976606131 ], [ -191918.802393453486729, 5193001.181195799261332 ], [ -191883.328211322281277, 5192984.337210644967854 ], [ -191875.488981461094227, 5192980.063882132060826 ], [ -191870.802430898882449, 5192975.357842253521085 ], [ -191858.904047125310171, 5192963.917024300433695 ], [ -191851.85930446992279, 5192954.840732030570507 ], [ -191845.197612182470039, 5192944.476683392189443 ], [ -191839.036634964373661, 5192937.499789455905557 ], [ -191828.856912809394998, 5192925.161431111395359 ], [ -191806.089627913286677, 5192900.021091152913868 ], [ -191792.911292634671554, 5192881.644241999834776 ], [ -191770.629583357367665, 5192851.096899 ], [ -191765.657943579019047, 5192845.991882374510169 ], [ -191759.48160427151015, 5192843.504454021342099 ], [ -191748.814636705094017, 5192840.872890804894269 ], [ -191737.612890305084875, 5192838.713112752884626 ], [ -191733.634888301399769, 5192837.673653990030289 ], [ -191728.630965870863292, 5192835.076811139471829 ], [ -191718.332465819170466, 5192830.822487308643758 ], [ -191711.985028454189887, 5192826.35504353698343 ], [ -191702.854715138702886, 5192817.785384873859584 ], [ -191695.916950513928896, 5192811.556463184766471 ], [ -191684.580952807940776, 5192800.07421035412699 ], [ -191678.75604913267307, 5192795.48819671291858 ], [ -191675.271971709880745, 5192793.909777693450451 ], [ -191668.624305678211385, 5192792.94351845420897 ], [ -191659.791215403238311, 5192794.767522599548101 ], [ -191654.300492839276558, 5192799.618359327316284 ], [ -191649.342767997266492, 5192805.05911485850811 ], [ -191644.815181667770958, 5192810.72066015843302 ], [ -191641.206871693168068, 5192812.882085110060871 ], [ -191636.218311352335149, 5192813.13353246729821 ], [ -191632.014108143368503, 5192811.655358782969415 ], [ -191625.787229786918033, 5192807.752139702439308 ], [ -191620.65684841471375, 5192802.994783629663289 ], [ -191616.395760946266819, 5192799.213308729231358 ], [ -191609.676182523282478, 5192795.049780358560383 ], [ -191597.695644965657266, 5192794.921426721848547 ], [ -191587.487202382006217, 5192796.400349286384881 ], [ -191581.466710361448349, 5192800.445594441145658 ], [ -191575.264878890331602, 5192805.286965351551771 ], [ -191567.221043805096997, 5192815.105583346448839 ], [ -191561.062515615834855, 5192824.301228500902653 ], [ -191554.507356081099715, 5192824.637894821353257 ], [ -191545.094736537081189, 5192819.59827178530395 ], [ -191529.558209165348671, 5192815.446006774902344 ], [ -191511.575769942137413, 5192814.630944435484707 ], [ -191502.136990317783784, 5192815.359435516409576 ], [ -191488.013663881720277, 5192817.758932538330555 ], [ -191477.979547620692756, 5192822.070213238708675 ], [ -191461.591203505551675, 5192826.068125626072288 ], [ -191447.889555300644133, 5192828.473937847651541 ], [ -191434.542237035115249, 5192828.163874053396285 ], [ -191419.295251659088535, 5192824.342259705998003 ], [ -191400.645229449408362, 5192819.489757074974477 ], [ -191386.700125518225832, 5192817.211549576371908 ], [ -191368.41823686475982, 5192815.085593805648386 ], [ -191352.668755307415267, 5192814.412712744437158 ], [ -191339.106145146506606, 5192812.24903298728168 ], [ -191327.66116565890843, 5192806.634379493072629 ], [ -191314.705580681504216, 5192798.166940622963011 ], [ -191306.455581899354002, 5192794.8861069297418 ], [ -191295.680968385335291, 5192792.764364472590387 ], [ -191287.922556474484736, 5192792.056315508671105 ], [ -191278.448154613113729, 5192787.933069841004908 ], [ -191272.57248925010208, 5192782.2934814626351 ], [ -191265.750385576189728, 5192767.497073947452009 ], [ -191258.543227783753537, 5192760.142013922333717 ], [ -191245.387935639853822, 5192751.603526365943253 ], [ -191237.449742751341546, 5192745.949080242775381 ], [ -191227.651289852248738, 5192736.556172244250774 ], [ -191217.351899244415108, 5192728.51593694742769 ], [ -191205.652777359442553, 5192721.774414714425802 ], [ -191168.954748746502446, 5192704.377687341533601 ], [ -191163.401464628783287, 5192700.584979561157525 ], [ -191128.968676334188785, 5192668.752896259538829 ], [ -191120.00979503444978, 5192658.415311256423593 ], [ -191110.588492570241215, 5192650.218835647217929 ], [ -191103.810471414733911, 5192647.504213058389723 ], [ -191093.81876787962392, 5192648.985968257300556 ], [ -191083.629026970389532, 5192656.450807665474713 ], [ -191076.086463552230271, 5192660.820630108006299 ], [ -191070.340930673875846, 5192663.324543030001223 ], [ -191061.316370874730637, 5192662.970598517917097 ], [ -191048.551364865445066, 5192658.750619040802121 ], [ -191028.782915731804678, 5192649.295725609175861 ], [ -190996.88865710500977, 5192634.925910773687065 ], [ -190933.516920025198488, 5192610.428095109760761 ], [ -190922.602711869869381, 5192605.800541645847261 ], [ -190915.013060306926491, 5192602.060626423917711 ], [ -190905.170302250538953, 5192596.289340756833553 ], [ -190897.690077747276518, 5192588.325723765417933 ], [ -190893.50747051963117, 5192582.840906120836735 ], [ -190888.803665436105803, 5192574.983407630585134 ], [ -190880.979908984125359, 5192562.885989758186042 ], [ -190872.425006116653094, 5192553.213116412982345 ], [ -190863.640673778689234, 5192544.06928435806185 ], [ -190852.489355107856682, 5192535.086875661276281 ], [ -190845.747735426033614, 5192534.106064361520112 ], [ -190834.00352914724499, 5192542.080306671559811 ], [ -190825.416454946942395, 5192546.351634510792792 ], [ -190818.293343370052753, 5192547.182154007256031 ], [ -190809.568566959671443, 5192546.849254851229489 ], [ -190800.430795238353312, 5192544.362806640565395 ], [ -190791.17034943823819, 5192539.759632837958634 ], [ -190778.257845103624277, 5192533.604386783204973 ], [ -190756.728544264740776, 5192525.045663169585168 ], [ -190735.333606051164679, 5192521.175025142729282 ], [ -190717.737445461010793, 5192516.234906602650881 ], [ -190697.943726802972378, 5192506.996125343255699 ], [ -190630.551018395985011, 5192485.404086169786751 ], [ -190614.58613362381584, 5192479.87303804513067 ], [ -190600.563885285606375, 5192477.308004677295685 ], [ -190587.344361795316217, 5192477.896097166463733 ], [ -190576.404438837693306, 5192479.151486138813198 ], [ -190559.485323390370468, 5192483.211775610223413 ], [ -190540.127531858423026, 5192488.982090783305466 ], [ -190529.021854178863578, 5192491.425691212527454 ], [ -190522.274111924838508, 5192492.649821195751429 ], [ -190515.798768464825116, 5192492.261165545322001 ], [ -190510.359809464309365, 5192491.650828919373453 ], [ -190491.821774662384996, 5192488.560220715589821 ], [ -190478.346105023869313, 5192486.013069761916995 ], [ -190464.728503034653841, 5192482.80388296302408 ], [ -190458.48459279598319, 5192482.268692968413234 ], [ -190449.678219198773149, 5192484.581387267448008 ], [ -190434.823412388883298, 5192493.113622969016433 ], [ -190430.51479149775696, 5192494.734374392777681 ], [ -190418.069829024520004, 5192494.319567805156112 ], [ -190406.470560722722439, 5192489.284328307956457 ], [ -190397.264550153689925, 5192486.786623264662921 ], [ -190382.958659752912354, 5192486.062215279787779 ], [ -190370.055394935945515, 5192486.88145759049803 ], [ -190355.095168568135705, 5192490.504400124773383 ], [ -190348.380376883666031, 5192492.210817655548453 ], [ -190329.268156148231355, 5192492.754424572922289 ], [ -190324.33959701276035, 5192491.380152679979801 ], [ -190317.041045918391319, 5192488.208236516453326 ], [ -190313.997237081552157, 5192482.355261188931763 ], [ -190310.189665218465962, 5192467.344854742288589 ], [ -190307.679855979047716, 5192461.432376757264137 ], [ -190303.860929527872941, 5192456.346506416797638 ], [ -190300.400340517604491, 5192451.613974259234965 ], [ -190289.10953852487728, 5192442.435222159139812 ], [ -190274.284008741087746, 5192436.068128447979689 ], [ -190264.964674930233741, 5192429.530608770437539 ], [ -190251.133784796664258, 5192408.092343054711819 ], [ -190239.573812275164528, 5192387.664679348468781 ], [ -190234.78941188036697, 5192381.251182620413601 ], [ -190229.512311419384787, 5192377.670062512159348 ], [ -190221.677200379373971, 5192375.362353838980198 ], [ -190208.230139849940315, 5192374.981968959793448 ], [ -190194.951505710138008, 5192374.32910771202296 ], [ -190187.667648788396036, 5192371.251913536339998 ], [ -190180.070872778305784, 5192365.627301125787199 ], [ -190173.150140035606455, 5192360.569135493598878 ], [ -190167.526168041309575, 5192352.392304445616901 ], [ -190161.638146214740118, 5192345.141115742735565 ], [ -190156.018181722, 5192334.637963280081749 ], [ -190151.102869606140302, 5192322.876297888346016 ], [ -190145.514297209738288, 5192314.325579298660159 ], [ -190122.397246473643463, 5192287.417955674231052 ], [ -190113.388494042184902, 5192280.94516256917268 ], [ -190107.608674760704162, 5192279.768851733766496 ], [ -190100.716217168694129, 5192279.77275924757123 ], [ -190095.804578595911153, 5192282.125831922516227 ], [ -190091.648688046116149, 5192284.656847260892391 ], [ -190088.46617512384546, 5192286.287632456049323 ], [ -190087.191566954279551, 5192284.246257944963872 ], [ -189943.878075270244153, 5192116.133667767979205 ], [ -189865.220502312004101, 5191939.798285682685673 ], [ -189882.995108046074165, 5191917.474004603922367 ], [ -189916.859499020822113, 5191903.640755337662995 ], [ -189916.13937323493883, 5191876.173140955157578 ], [ -189912.6655372052046, 5191850.354199917986989 ], [ -189918.414854946284322, 5191824.675692138262093 ], [ -189907.759687245998066, 5191752.149900796823204 ], [ -189897.104630865098443, 5191679.624663462862372 ], [ -189895.561074805620592, 5191643.683323141187429 ], [ -189895.205297713284381, 5191634.293158696964383 ], [ -189896.372259935102193, 5191622.573537186719477 ], [ -189993.865869972069049, 5191362.789402689784765 ], [ -189883.924625794170424, 5191198.363213119097054 ], [ -189836.636774021986639, 5191101.302000458352268 ], [ -189788.693027810106287, 5190913.686114639043808 ], [ -189622.325158263294725, 5190275.8373196516186 ], [ -189705.597703351377277, 5189952.04624761454761 ], [ -189731.324750868690899, 5189853.386938178911805 ], [ -189740.325933574757073, 5189798.49460063315928 ], [ -189712.899816669436404, 5189762.586072388105094 ], [ -189667.636866434855619, 5189704.912716343067586 ], [ -189257.864032210636651, 5189587.446779898367822 ], [ -189247.901494381978409, 5189619.167719227261841 ], [ -189236.641416568745626, 5189655.824688032269478 ], [ -189219.963753096933942, 5189693.84109113831073 ], [ -189185.6019866373681, 5189777.225895934738219 ], [ -189137.458533259021351, 5189855.802064077928662 ], [ -189098.57007102566422, 5189912.734094634652138 ], [ -189112.088264709716896, 5189927.386620534583926 ], [ -189112.300773617665982, 5189930.687198269180954 ], [ -189093.391154355515027, 5189934.820622451603413 ], [ -189058.056232907401863, 5189944.305417872034013 ], [ -189028.906445006723516, 5189951.220612898468971 ], [ -188998.040333196870051, 5189957.240611000917852 ], [ -188964.496653674927074, 5189959.744412067346275 ], [ -188954.253145451715682, 5189956.752441992983222 ], [ -188952.175255836657016, 5189961.656971544958651 ], [ -188944.671208962099627, 5189955.188017501495779 ], [ -188929.384593847353244, 5189945.580154906027019 ], [ -188887.459001946815988, 5189927.151026009581983 ], [ -188825.388701033662073, 5189892.956526059657335 ], [ -188787.749800084566232, 5189877.381362949497998 ], [ -188765.148937827296322, 5189872.30423881765455 ], [ -188704.773476161644794, 5189873.45576056279242 ], [ -188692.080382543266751, 5189875.912811540998518 ], [ -188673.036623294872697, 5189882.844784867018461 ], [ -188596.554233186587226, 5189924.742342782206833 ], [ -188575.848139982030261, 5189933.203312968835235 ], [ -188565.307408718304941, 5189934.961708826012909 ], [ -188543.516618395660771, 5189933.803718798793852 ], [ -188522.921844681870425, 5189929.463398543186486 ], [ -188484.273609909578227, 5189913.962850503623486 ], [ -188450.822659523691982, 5189904.394996446557343 ], [ -188423.150192585191689, 5189898.025096913799644 ], [ -188395.976103007153142, 5189888.827928133308887 ], [ -188322.985360047197901, 5189857.069126455113292 ], [ -188268.406526906124782, 5189835.927251956425607 ], [ -188147.658163922809763, 5189787.136791476048529 ], [ -188128.936674600176048, 5189782.189831497147679 ], [ -188122.223775346879847, 5189781.98368944041431 ], [ -188117.114878636435606, 5189783.305282477289438 ], [ -188110.384724862000439, 5189786.806092566810548 ], [ -188098.845346446440089, 5189797.391167837195098 ], [ -188067.801457409892464, 5189830.785241953097284 ], [ -188041.523378413112368, 5189859.873402186669409 ], [ -188039.918262675404549, 5189858.212082071229815 ], [ -188003.562207538168877, 5189827.475834188982844 ], [ -187935.583513331774157, 5189903.601219135336578 ], [ -187861.418683702475391, 5189977.303492510691285 ], [ -187813.780509492644342, 5190005.492838207632303 ], [ -187762.461778958851937, 5190021.995423323474824 ], [ -187717.527109902701341, 5190028.755914110690355 ], [ -187671.482808162312722, 5190030.429584828205407 ], [ -187607.446827680745628, 5190024.369723245501518 ], [ -187545.932011026685359, 5190008.806064331904054 ], [ -187486.093999862467172, 5189980.743672127835453 ], [ -187450.3986259031808, 5189965.877405242063105 ], [ -187405.142911435454153, 5189942.094912473112345 ], [ -187341.26867817400489, 5189899.776123948395252 ], [ -187278.027184898266569, 5189855.782982266508043 ], [ -187099.889394270518096, 5189772.11772377230227 ], [ -187030.594124446302885, 5189719.620813972316682 ], [ -186964.183142628840869, 5189654.990214477293193 ], [ -186931.677739997627214, 5189577.355797463096678 ], [ -186873.658355354418745, 5189405.960078401491046 ], [ -186872.195617245510221, 5189326.104263983666897 ], [ -186906.025833136576694, 5189230.561286352574825 ], [ -187505.287261187128024, 5188921.896112916059792 ], [ -187615.722429945744807, 5188841.071600473485887 ], [ -188428.881921846739715, 5188381.431930371560156 ], [ -188903.228632332058623, 5188036.959494684822857 ], [ -189170.525542721297825, 5187301.041185451671481 ], [ -189343.019212526734918, 5186947.898614325560629 ], [ -189234.314059974683914, 5186207.655301058664918 ], [ -189182.11390171275707, 5186006.664786379784346 ], [ -189175.644346866291016, 5185988.981628625653684 ], [ -189008.718544031667989, 5185622.572691084817052 ], [ -188772.880076462810393, 5185180.726780280470848 ], [ -188553.167461649776669, 5184743.20091980881989 ], [ -188501.680416046001483, 5184673.43386350478977 ], [ -188315.604432529682526, 5184593.480566831305623 ], [ -187940.188021429290529, 5184471.382594292983413 ], [ -187773.726198232237948, 5184430.943153380416334 ], [ -187563.208462039299775, 5184276.217704923823476 ], [ -187017.080606180854375, 5183779.549789389595389 ], [ -186978.788482459756779, 5183728.919207874685526 ], [ -187516.376240942947334, 5183465.443962152116001 ], [ -188159.868019631452626, 5183234.681173392571509 ], [ -189705.428275086305803, 5181881.879816848784685 ], [ -189748.831076629867312, 5181862.260524750687182 ], [ -191457.829383953096112, 5180989.069861664436758 ], [ -191702.196928267425392, 5181402.392804929986596 ], [ -191829.742793316865573, 5181701.753516227006912 ], [ -191912.393396409868728, 5181850.368149178102612 ], [ -192084.436110958311474, 5182238.294673116877675 ], [ -192180.342193737073103, 5182311.394784675911069 ], [ -192386.372084658709355, 5182498.371096632443368 ], [ -192431.302634893741924, 5182557.18604087177664 ], [ -192658.447495509579312, 5182683.62886369228363 ], [ -192761.016940368077485, 5182762.234968687407672 ], [ -193266.317371102544712, 5183211.940717663615942 ], [ -193377.13881849416066, 5183279.849192568100989 ], [ -193667.204906210565241, 5183435.610814807936549 ], [ -194392.219955508597195, 5183515.296112593263388 ], [ -194625.348906671482837, 5183511.969084214419127 ], [ -194894.21586715860758, 5183552.435245744884014 ], [ -195083.170350067986874, 5183529.515500848181546 ], [ -195426.51806489934097, 5183544.012839305214584 ], [ -195795.812794561788905, 5183534.535182267427444 ], [ -196446.514068751654122, 5183537.24900353513658 ], [ -196527.134760930173798, 5183365.326938475482166 ], [ -196636.116542416828452, 5183188.409652360714972 ], [ -196748.570935418974841, 5183050.759297504089773 ], [ -196996.05676130935899, 5182797.422656616196036 ], [ -197064.100800056941807, 5182749.727852525189519 ], [ -197375.882537439785665, 5182614.957002851180732 ], [ -197572.282735810265876, 5182540.715333567000926 ], [ -197805.049675989081152, 5182372.343151174485683 ], [ -197906.834986354515422, 5182319.721366078592837 ], [ -198050.159276029007742, 5182282.568432976491749 ], [ -198137.050261165335542, 5182235.139239912852645 ], [ -198196.022651969047729, 5182161.619053695350885 ], [ -198211.992434798739851, 5182080.722013933584094 ], [ -198200.486897508410038, 5182037.290054839104414 ], [ -198129.837982676312095, 5181984.897415307350457 ], [ -198057.536418683856027, 5181859.468967008404434 ], [ -198040.588916766515467, 5181725.372325889766216 ], [ -198037.916581070574466, 5181629.339188927784562 ], [ -198150.119392023480032, 5181695.847284235991538 ], [ -198225.441721717914334, 5181703.687683026306331 ], [ -198369.216966649750248, 5181634.090051973238587 ], [ -198511.377411047898931, 5181678.038237300701439 ], [ -198637.742398939124541, 5181696.069764300249517 ], [ -198930.673293751111487, 5181842.217923985794187 ], [ -199075.437389719503699, 5181892.955854162573814 ], [ -199267.321801626298111, 5181945.714593301527202 ], [ -199445.931141617096728, 5181984.760350212454796 ], [ -199603.716835021099541, 5181972.128151239827275 ], [ -199822.542233492422383, 5182025.258292850106955 ], [ -200015.571677681640722, 5182092.892113796435297 ], [ -200289.794330190401524, 5182230.627233473584056 ], [ -200334.355299715971341, 5182319.144261178560555 ], [ -200364.485923650063341, 5182668.424641892313957 ], [ -200415.575781310675666, 5182771.91168999299407 ], [ -200528.455526086909231, 5182888.440594932064414 ], [ -200658.942897361208452, 5182998.456411862745881 ], [ -200880.687315520073753, 5183134.095728150568902 ], [ -201214.445635455835145, 5183256.428616848774254 ], [ -201292.288795019412646, 5183277.803896923549473 ], [ -201430.533910287485924, 5183412.263277933932841 ], [ -201555.819655715284171, 5183510.029294177889824 ], [ -201779.779443060426274, 5183584.831692596897483 ], [ -202781.690259799390333, 5184011.233813975006342 ], [ -203628.33487716934178, 5183482.000656095333397 ], [ -203983.691627347841859, 5183209.672470699064434 ], [ -204617.54157966026105, 5182269.123181532137096 ], [ -204582.19853188941488, 5181598.013606377877295 ], [ -204648.552406807983061, 5181274.44035458471626 ], [ -204539.270285335223889, 5181089.079750150442123 ], [ -204858.531801943288883, 5180191.730232117697597 ], [ -205791.445462454517838, 5179323.057710497640073 ], [ -206406.842205416993238, 5178723.123938174918294 ], [ -206524.76372125101625, 5178565.22293692547828 ], [ -206646.106864273402607, 5178453.322648360393941 ], [ -206824.281612971972208, 5178320.560719342902303 ], [ -206993.959678896877449, 5178218.768789803609252 ], [ -207053.308886177081149, 5178110.090118403546512 ], [ -207169.422016882890603, 5177681.86885959841311 ], [ -207319.017712710221531, 5177367.632791331037879 ], [ -207419.819849333056482, 5177178.432161089964211 ], [ -207523.814183673675871, 5177052.791456056758761 ], [ -208317.418514584656805, 5176498.497974401339889 ], [ -208385.216759896458825, 5176257.517822848632932 ], [ -208442.148441794968676, 5176125.849525805562735 ], [ -208591.140785982075613, 5175954.865571493282914 ], [ -209208.541168459400069, 5175377.958282350562513 ], [ -209475.837522250862094, 5175113.953572722151875 ], [ -209925.493903636175673, 5174592.937364058569074 ], [ -210233.196894876484293, 5174220.032034147530794 ], [ -210620.011865236156154, 5173868.425560615025461 ], [ -210704.022347228514263, 5173720.91806398704648 ], [ -210780.3402071291639, 5173543.5924212327227 ], [ -210801.293206964270212, 5173484.426111043430865 ], [ -210838.98709974178928, 5173379.548414734192193 ], [ -210943.244259400380543, 5173226.906009146012366 ], [ -211209.852992697124137, 5172903.467108075506985 ], [ -211369.545588978362503, 5172729.933493041433394 ], [ -211443.542994093411835, 5172626.882149253971875 ], [ -211523.996373076981399, 5172440.169071950018406 ], [ -211571.824903615954099, 5172278.700821796432137 ], [ -211625.547578553290805, 5172182.144224970601499 ], [ -211763.156502931436989, 5172050.202673121355474 ], [ -211788.54747690592194, 5171643.985005289316177 ], [ -212024.656339517678134, 5171385.010606082156301 ], [ -212129.770213977404637, 5171162.168780198320746 ], [ -212152.986450379888993, 5171030.114055038429797 ], [ -212155.867287481931271, 5170593.938589094206691 ], [ -212211.486846542509738, 5170136.854267765767872 ], [ -212208.76130012984504, 5170034.188742893747985 ], [ -212316.446320868300973, 5170030.170416149310768 ], [ -212535.48200185780297, 5169839.875948641449213 ], [ -212439.186634819692699, 5169656.343600906431675 ], [ -212297.741418149904348, 5169387.164475774392486 ], [ -212178.060609083535383, 5169277.603253954090178 ], [ -211924.114022586436477, 5169252.731365296058357 ], [ -211874.296658025123179, 5169150.818844701163471 ], [ -212041.863438487693202, 5168670.945605799555779 ], [ -212023.999554522044491, 5168489.791674210689962 ], [ -212073.522479030274553, 5168404.018428147770464 ], [ -211989.497859462513588, 5168136.960517393425107 ], [ -212016.742191639234079, 5167899.693423459306359 ], [ -211951.516094481688924, 5167740.895304436795413 ], [ -211973.638728206540691, 5167588.624338912777603 ], [ -211790.172518832521746, 5166789.770470682531595 ], [ -211787.79662694063154, 5166660.147540129721165 ], [ -211852.34723742789356, 5166450.395659988746047 ], [ -211867.019814231403871, 5166354.743618942797184 ], [ -211859.454096359200776, 5166210.211397026665509 ], [ -211682.554735066602007, 5165426.401617394760251 ], [ -211339.355297797155799, 5165343.684550206176937 ], [ -211252.636746552132536, 5165289.923472438007593 ], [ -211095.131132987124147, 5164989.600659106858075 ], [ -210885.721693644591141, 5164961.240786344744265 ], [ -210591.036181018920615, 5164976.306297929026186 ], [ -210177.195509962301003, 5165054.592583631165326 ], [ -210017.967449916264741, 5165097.051991857588291 ], [ -209862.321428444847697, 5165070.721645614132285 ], [ -209608.730841679382138, 5164924.333440743386745 ], [ -209643.712435063760495, 5164613.024486626498401 ], [ -209385.879907782218652, 5164277.639416521415114 ], [ -209316.811952358490089, 5164109.386095587164164 ], [ -208808.980005084304139, 5163461.682508459314704 ], [ -208688.970803520060144, 5163283.32038308866322 ], [ -208391.786613603995647, 5162878.616628882475197 ], [ -208165.964785136515275, 5162875.624174579046667 ], [ -207981.661787150078453, 5162986.526150811463594 ], [ -207844.552353327075252, 5163188.464415690861642 ], [ -207685.274310829670867, 5163236.273600296117365 ], [ -207592.46925510597066, 5163239.085771727375686 ], [ -207418.367797894898104, 5162782.018047459423542 ], [ -207331.976191994501278, 5162504.249506597407162 ], [ -207104.479227829258889, 5162425.647680532187223 ], [ -207147.899951810773928, 5161990.409856674261391 ], [ -206523.02580136054894, 5161369.494933969341218 ], [ -206407.463479495083448, 5161366.592684409581125 ], [ -206232.451651488197967, 5161487.012515719980001 ], [ -206128.478245211823378, 5161522.0399966891855 ], [ -205833.504860382905463, 5161766.314651610329747 ], [ -205733.856216323707486, 5161979.496727942489088 ], [ -205627.682135033712257, 5162177.752200541086495 ], [ -205610.514777122094529, 5161354.495942789129913 ], [ -205817.70495109615149, 5161040.248192379251122 ], [ -205856.153812660195399, 5160992.199265198782086 ], [ -206088.531579899019562, 5160690.438761203549802 ], [ -205650.403111021703808, 5159586.445694520138204 ], [ -205405.485759742383379, 5159410.472271822392941 ], [ -205347.217687356955139, 5159346.285345405340195 ], [ -205279.109862541226903, 5159214.521604652516544 ], [ -205254.543877312884433, 5159142.699111610651016 ], [ -205278.203610566590214, 5159082.321771000511944 ], [ -205324.668143384886207, 5159024.951333443634212 ], [ -206407.739440512727015, 5158226.251927042379975 ], [ -207313.342199791484745, 5157725.876277524977922 ], [ -207631.785406822804362, 5157624.925220205448568 ], [ -207316.082996974349953, 5157113.642266859300435 ], [ -207197.989603846595855, 5156900.342870478518307 ], [ -207090.826782839430962, 5156673.707662920467556 ], [ -206922.883074581128312, 5156370.749020175077021 ], [ -206772.803695566370152, 5156139.503068669699132 ], [ -206669.222245216922602, 5155947.987569497898221 ], [ -206730.652904335933272, 5155874.648957272060215 ], [ -207125.094818287878297, 5155509.124001855030656 ], [ -207393.261245219298871, 5155243.036757084541023 ], [ -207798.44871829811018, 5154873.605947786010802 ], [ -209012.622983484179713, 5153856.946721797809005 ], [ -210472.164553331123898, 5153162.906606699340045 ], [ -212249.16660174462595, 5152832.666550145484507 ], [ -212042.770135739992838, 5152588.734956683591008 ], [ -212023.21319363891962, 5152542.654000343754888 ], [ -212026.517156125773909, 5152494.170892826281488 ], [ -212075.489939710474573, 5152444.925807294435799 ], [ -212272.896466277627042, 5152339.622997218742967 ], [ -212321.850770826742519, 5152291.725189016200602 ], [ -212466.50454917983734, 5152110.262822456657887 ], [ -212494.940333866572473, 5152091.756090552546084 ], [ -212697.565740801015636, 5152103.780179360881448 ], [ -212754.12906650439254, 5152091.023376639932394 ], [ -212790.681711862358497, 5151855.613509739749134 ], [ -212856.526968027843395, 5151745.930355221964419 ], [ -212947.81874659343157, 5151429.010609026066959 ], [ -212986.501156449347036, 5151343.245121341198683 ], [ -213060.634148704120889, 5151214.80334426369518 ], [ -213176.571060656162445, 5151072.068958743475378 ], [ -213174.957039359112969, 5150987.141211344860494 ], [ -213195.656230755150318, 5150836.460219138301909 ], [ -213275.051629298279295, 5150929.113448791205883 ], [ -213410.376723003369989, 5151058.865664199925959 ], [ -213461.070951193803921, 5151085.115897913463414 ], [ -213585.707147392735351, 5151104.216544881463051 ], [ -213899.491299775865627, 5151137.837601200677454 ], [ -214414.42698903530254, 5150655.110362265259027 ], [ -214793.174301938794088, 5150430.765100282616913 ], [ -215140.641283207223751, 5150561.796774606220424 ], [ -215297.557682707411004, 5150251.103558948263526 ], [ -215428.324020625412231, 5150208.264165318571031 ], [ -215422.913002816960216, 5150103.082837291061878 ], [ -215439.755641773954267, 5150043.998421253636479 ], [ -215586.427531175519107, 5150017.527364108711481 ], [ -216022.528983444906771, 5149819.46538517717272 ], [ -216131.327644369419431, 5149815.42489792779088 ], [ -216332.435544005362317, 5149838.130049595609307 ], [ -216779.233574825542746, 5149861.168909320607781 ], [ -217016.095068514609011, 5149924.727974695153534 ], [ -217181.82897356103058, 5149986.060031198896468 ], [ -217613.903109292470617, 5150116.687300093472004 ], [ -217992.758068143448327, 5149653.708960464224219 ], [ -218335.699355513585033, 5149048.815841411240399 ], [ -218615.557779882568866, 5148996.970254398882389 ], [ -218956.235274087928701, 5149022.65723126847297 ], [ -219258.48561402989435, 5148894.258943375200033 ], [ -219332.551591951283626, 5148874.940703895874321 ], [ -220398.510968273505569, 5148870.217968189157546 ], [ -220573.163902241940377, 5148858.82838732842356 ], [ -220645.247391351760598, 5148893.373877276666462 ], [ -220870.674258265877143, 5149015.981746405363083 ], [ -221121.858006320835557, 5149231.867975853383541 ], [ -221358.778276700846618, 5149405.810656677000225 ], [ -221564.200585841375869, 5149633.279773373156786 ], [ -221698.832604396739043, 5149715.724228573031723 ], [ -221791.300473382783821, 5149844.834986130706966 ], [ -221880.928470838989597, 5149987.38912894949317 ], [ -221968.189259323757142, 5150102.964334727264941 ], [ -222039.767803223308874, 5150181.969510190188885 ], [ -222213.946738799771992, 5150328.21626871638 ], [ -222304.009550187271088, 5150434.391822791658342 ], [ -222374.730043451767415, 5150587.509360026568174 ], [ -222455.076555724313948, 5150605.972475248388946 ], [ -222455.070099193806527, 5150721.874041675589979 ], [ -222472.736168424278731, 5150819.116232078522444 ], [ -222518.768781618156936, 5150901.867211511358619 ], [ -222490.218003897374729, 5151162.994924099184573 ], [ -222544.71000783573254, 5151326.714723552577198 ], [ -222653.202540160302306, 5151581.373418423347175 ], [ -222787.947102720849216, 5151772.995979548431933 ], [ -222918.451283238042379, 5151867.524164020083845 ], [ -223157.233594740566332, 5152005.099291998893023 ], [ -223352.1910925101256, 5151984.457052379846573 ], [ -223556.313746595697012, 5151984.135595715604722 ], [ -224094.629757186921779, 5152117.077855980023742 ], [ -224208.66744730641949, 5152361.020889358595014 ], [ -224341.941590713104233, 5152567.447603922337294 ], [ -224430.166517307399772, 5152720.785551883280277 ], [ -224663.534805375209544, 5152630.463304626755416 ], [ -224816.227743394789286, 5152665.917143361642957 ], [ -224962.484856373630464, 5153148.833517577499151 ], [ -224971.501178530364996, 5153182.63794298004359 ], [ -225024.433373763778945, 5153251.995343177579343 ], [ -225237.103472310816869, 5153447.204335045069456 ], [ -225310.060262825893005, 5153527.575772653333843 ], [ -225391.534330220689299, 5153567.601589052937925 ], [ -225427.242839879909297, 5153616.541135598905385 ], [ -225551.15757445897907, 5153704.234591179527342 ], [ -225665.277529682323802, 5153826.867158956825733 ], [ -225773.906539702758892, 5153960.222480361349881 ], [ -225790.923393662902527, 5153999.512760790996253 ], [ -225933.537464985914994, 5153978.216422590427101 ], [ -225967.431244306149893, 5153950.290291434153914 ], [ -226012.169545780750923, 5153794.414327585138381 ], [ -226013.127227359917015, 5153709.493332306854427 ], [ -225960.550252621847903, 5153607.787730325944722 ], [ -225949.148353777331067, 5153546.99353832565248 ], [ -225973.777011878817575, 5153506.830703493207693 ], [ -226104.616152743808925, 5153457.08915135730058 ], [ -226129.228669519303367, 5153418.274231783114374 ], [ -226130.981506221258314, 5153381.896043142303824 ], [ -226104.594445443100994, 5153339.806385829113424 ], [ -226054.172616046707844, 5153285.311596995219588 ], [ -226038.574751635838766, 5153239.300616635009646 ], [ -226051.085949205968063, 5153201.697288118302822 ], [ -226103.655131579813315, 5153184.769432640634477 ], [ -226220.34768023531069, 5153198.225323378108442 ], [ -226262.112972069153329, 5153186.566254396922886 ], [ -226296.063635649246862, 5153153.249896350316703 ], [ -226335.73389466633671, 5153088.993560298345983 ], [ -226371.587119663570775, 5153005.821749778464437 ], [ -226462.102222142042592, 5152958.317370541393757 ], [ -226506.793992069375236, 5152925.122442413121462 ], [ -226519.363521052757278, 5152882.12841035798192 ], [ -226507.973978671769146, 5152819.991688529960811 ], [ -226450.252373666502535, 5152698.02026055753231 ], [ -226383.975865793996491, 5152620.435966589488089 ], [ -226368.422863137704553, 5152570.385341089218855 ], [ -226382.289820786303608, 5152531.451604388654232 ], [ -226434.794215216505108, 5152519.91412759758532 ], [ -226596.740585908351932, 5152568.923132399097085 ], [ -226638.517900247155922, 5152555.915471478365362 ], [ -226657.694352328631794, 5152522.433094779960811 ], [ -226623.252213196683442, 5152360.290698988363147 ], [ -226633.164991212863242, 5152314.57287119794637 ], [ -226683.42006401202525, 5152263.919080608524382 ], [ -226697.270101097994484, 5152226.333663458004594 ], [ -226684.672964880854124, 5152152.056423622183502 ], [ -226682.652404803462559, 5151972.763699068687856 ], [ -226690.105467351037078, 5151906.801787754520774 ], [ -226743.013394935202086, 5151978.836201597005129 ], [ -226771.723248208290897, 5152053.293774378485978 ], [ -226803.481585736764828, 5152215.400274159386754 ], [ -227158.458959090494318, 5152536.160736782476306 ], [ -227310.192768377368338, 5152537.864495919086039 ], [ -227346.19260114399367, 5152561.183607184328139 ], [ -227498.199143183330307, 5152779.911386553198099 ], [ -227548.791514039505273, 5152819.569627466611564 ], [ -227581.253613388777012, 5152919.685129907913506 ], [ -227521.149993919738336, 5153010.677343909628689 ], [ -227603.118431172915734, 5153127.525457908399403 ], [ -227689.25210981327109, 5153232.288559597916901 ], [ -227697.874138333747396, 5153302.483899813145399 ], [ -227680.872535143716959, 5153503.157161445356905 ], [ -227772.516639897861751, 5153595.852302067913115 ], [ -227831.216854546626564, 5153631.558645539917052 ], [ -227890.261046421917854, 5153636.262184025719762 ], [ -227942.784699123905739, 5153623.367273551411927 ], [ -228072.272755329060601, 5153573.582904422655702 ], [ -228344.380782790511148, 5153622.446444393135607 ], [ -228442.429765766806668, 5153622.187498628161848 ], [ -228502.638916113210144, 5153643.077409448102117 ], [ -228583.875316395104164, 5153705.991845316253603 ], [ -228649.836010872269981, 5153814.573266047984362 ], [ -228714.825776750891237, 5153889.440928922966123 ], [ -228748.548235374881187, 5153876.332826153375208 ], [ -228784.087650727451546, 5153820.104490569792688 ], [ -228976.705212800588924, 5153892.337610709480941 ], [ -228996.140148739737924, 5153957.263509050011635 ], [ -229056.160612549225334, 5153995.674674370326102 ], [ -229107.090726740600076, 5154005.673969711177051 ], [ -229260.486313386005349, 5153980.401976679451764 ], [ -229459.045664599660086, 5154124.145356406457722 ], [ -229513.770548912638333, 5154155.755218713544309 ], [ -229567.490886140818475, 5154156.345438521355391 ], [ -229621.622882845724234, 5154119.191000631079078 ], [ -229680.297494011494564, 5154034.900137027725577 ], [ -229801.284414663445204, 5154025.441776084713638 ], [ -229912.650214364810381, 5154036.098823433741927 ], [ -230059.109928816964384, 5154030.960549233481288 ], [ -230166.067031405022135, 5154076.618943308480084 ], [ -230383.442382189095952, 5153848.455939619801939 ], [ -230674.881707143504173, 5153850.279829343780875 ], [ -230721.958385841542622, 5153844.050764640793204 ], [ -230757.122765829757554, 5153821.514352359808981 ], [ -230863.181186168891145, 5153701.334074798040092 ], [ -230927.904007908276981, 5153677.770143558271229 ], [ -231060.841187216312392, 5153680.559290450066328 ], [ -231123.22518645436503, 5153624.614105108194053 ], [ -231362.91775743314065, 5153691.915410567075014 ], [ -231558.199306240247097, 5154144.305141278542578 ], [ -232098.989281194895739, 5154191.913771208375692 ], [ -232237.779194050643127, 5154150.259125938639045 ], [ -232782.722499206545763, 5154440.550771941430867 ], [ -232952.15621884909342, 5154295.398680499754846 ], [ -233318.518347845616518, 5154454.332518544048071 ], [ -233820.000631364586297, 5154281.668656841851771 ], [ -234045.194951862387825, 5154325.834637152962387 ], [ -234153.039493431191659, 5154417.298919195309281 ], [ -234879.780774072016357, 5154670.287769607268274 ], [ -235089.058633776032366, 5154826.171308546327055 ], [ -235248.021085517131723, 5155042.20384028647095 ], [ -235369.038841667905217, 5155160.764598578214645 ], [ -235433.840254968003137, 5155259.865417483262718 ], [ -235562.767483578587417, 5155524.132215179502964 ], [ -235443.796558905014535, 5155727.854253174737096 ], [ -235456.780975630681496, 5155901.93499987386167 ], [ -235453.67783350526588, 5155942.355699594132602 ], [ -235503.431411998491967, 5156068.277151735499501 ], [ -235641.465465511835646, 5156754.746230505406857 ], [ -235584.578756687697023, 5157191.097055864520371 ], [ -235775.834213471360272, 5157407.508392930030823 ], [ -235835.875827984156786, 5157448.588339055888355 ], [ -235920.19755927278311, 5157480.478453253395855 ], [ -235954.135866389377043, 5157708.753660912625492 ], [ -236013.838179094193038, 5157914.371894802898169 ], [ -236043.33116498508025, 5158052.24570307508111 ], [ -236034.68331034280709, 5158371.811133892275393 ], [ -236040.420605578809045, 5158467.63392642326653 ], [ -235982.99889528186759, 5158825.826160884462297 ], [ -235986.228273709770292, 5158904.092493959702551 ], [ -236039.83128019439755, 5159181.163965505547822 ], [ -236197.244275943172397, 5159557.785275797359645 ], [ -236275.038788889185525, 5159704.27319828607142 ], [ -236326.083228197472636, 5159838.346532471477985 ], [ -236450.631815957225626, 5160276.707055171020329 ], [ -236206.602460256195627, 5160351.092230221256614 ], [ -236107.227662144432543, 5160474.181771938689053 ], [ -235933.171511966298567, 5160539.839274551719427 ], [ -235434.466538423177553, 5160545.467269838787615 ], [ -235224.996318638935918, 5160525.752150143496692 ], [ -235118.74342314954265, 5160532.740512819960713 ], [ -234937.065561395371333, 5160684.642615361139178 ], [ -234911.111422116780886, 5160724.844827366992831 ], [ -234792.702994830266107, 5160996.130045804195106 ], [ -234788.572930402297061, 5161005.530761144123971 ], [ -234694.393412925943267, 5161143.508000892587006 ], [ -234620.536159049835987, 5161395.030244196765125 ], [ -234674.08406238668249, 5161545.352024108171463 ], [ -234712.472588786768029, 5161602.420644775032997 ], [ -234850.882679540052777, 5161736.091931800357997 ], [ -234945.696940752968658, 5161796.448481305502355 ], [ -234979.412274929462001, 5161915.53474307153374 ], [ -235083.037028560618637, 5162034.001972636207938 ], [ -235209.714378942793701, 5162263.352400443516672 ], [ -235318.979023255582433, 5162487.128343119286001 ], [ -235330.957000465103192, 5162628.935034983791411 ], [ -235467.398294704064028, 5162695.122321316041052 ], [ -235530.078737745992839, 5163004.784349498338997 ], [ -235508.489101743180072, 5163273.097993830218911 ], [ -235591.58086397810257, 5163429.148621159605682 ], [ -235553.714982587349368, 5163841.704302972182631 ], [ -235664.290302584733581, 5164201.833918197080493 ], [ -235884.250714583788067, 5164255.395704044029117 ], [ -235961.660284730634885, 5164311.529474033974111 ], [ -235996.047988631558837, 5164367.218524953350425 ], [ -236025.89029508450767, 5164472.796905276365578 ], [ -236074.66682240695809, 5164567.774601311422884 ], [ -236159.217426568589872, 5164583.492994446307421 ], [ -236407.830362303153379, 5164729.11695121973753 ], [ -236610.025630724994699, 5164812.174998448230326 ], [ -236988.304065933014499, 5164902.430791096761823 ], [ -237088.171786750055617, 5164999.280005130916834 ], [ -237294.203458783129463, 5165368.508317045867443 ], [ -237688.649714194994885, 5165858.445587327703834 ], [ -237757.919714494462823, 5165923.940568013116717 ], [ -237834.403663075238001, 5165940.914588083513081 ], [ -237932.525115040130913, 5166079.593087391927838 ], [ -237932.918852079077624, 5166174.086964897811413 ], [ -238044.994870131835341, 5166396.602256813086569 ], [ -238107.357496027630987, 5166480.927105111069977 ], [ -238260.638089639105601, 5166618.817883187904954 ], [ -238366.132342798693571, 5166694.128960856236517 ], [ -238446.536407247796888, 5166723.288386077620089 ], [ -238516.703531323611969, 5166834.691267419606447 ], [ -238547.872098189895041, 5166945.702143081463873 ], [ -238709.397458567371359, 5167067.475573224946856 ], [ -238737.235123630147427, 5167108.255126497708261 ], [ -238768.474489692453062, 5167212.519198851659894 ], [ -238849.086053672333946, 5167221.428853319957852 ], [ -238904.683014876267407, 5167311.087961635552347 ], [ -239399.788917962490814, 5167297.141766540706158 ], [ -239430.239696751988959, 5167346.04647378064692 ], [ -239441.822044491127599, 5167398.81335464399308 ], [ -239427.516933326696744, 5167485.073408487252891 ], [ -239387.430339414073387, 5167594.02790298871696 ], [ -239328.272601658187341, 5167727.094483788125217 ], [ -239434.523382077371934, 5167728.155035355128348 ], [ -239420.391484040592331, 5167796.868535667657852 ], [ -239530.38393518407247, 5167827.667676676996052 ], [ -239552.753920817514881, 5167877.844192422926426 ], [ -239649.52484472017386, 5167885.558536997064948 ], [ -239768.187303084589075, 5167992.047920827753842 ], [ -239867.369963755219942, 5168028.136675505898893 ], [ -239887.651595741306664, 5168153.900555118918419 ], [ -239958.751911108469358, 5168309.874052142724395 ], [ -240019.842823141341796, 5168662.879671601578593 ], [ -240091.964940114616184, 5168989.001887728460133 ], [ -240147.543867560918443, 5169082.720901248976588 ], [ -240322.993737763725221, 5169299.152696426957846 ], [ -240338.631899830506882, 5169350.618840671144426 ], [ -240271.426987404498504, 5169755.05566024966538 ], [ -240268.926974280242575, 5169872.513454652391374 ], [ -240288.203391264658421, 5169964.530539228580892 ], [ -240331.668643042328767, 5170059.488496884703636 ], [ -240459.186010302044451, 5170226.850158292800188 ], [ -240574.996908590313978, 5170353.583821827545762 ], [ -240663.035597676527686, 5170981.080957397818565 ], [ -240454.782433885207865, 5171087.070530948229134 ], [ -240357.978225454862695, 5171079.361239727586508 ], [ -240241.245156504766783, 5171045.793483101762831 ], [ -240130.495398865285097, 5171087.914323157630861 ], [ -239976.704294069175376, 5171128.256285329349339 ], [ -239838.923715036275098, 5171182.260870609432459 ], [ -239745.367586708365707, 5171254.261312671937048 ], [ -239677.934914604440564, 5171269.797001195140183 ], [ -239563.491576260508737, 5171276.760259743779898 ], [ -239516.119789592310553, 5171304.650084498338401 ], [ -239452.066554589895532, 5171386.396975965239108 ], [ -239327.559600319742458, 5171458.085845532827079 ], [ -239278.31742356729228, 5171538.63016532920301 ], [ -239249.22997458151076, 5171622.077692487277091 ], [ -239204.45259996590903, 5171659.44739801902324 ], [ -239046.315916207560804, 5171729.447326418943703 ], [ -238996.114722041820642, 5171770.813868626020849 ], [ -238928.783573313616216, 5171910.606674015522003 ], [ -238859.878144346439512, 5171938.27895337715745 ], [ -238717.426376840885496, 5171919.288276503793895 ], [ -238515.263836349331541, 5172084.736928560771048 ], [ -238459.906323370028986, 5172103.088462638668716 ], [ -238336.345139493671013, 5172078.879406116902828 ], [ -238254.306793600233505, 5172073.99849009513855 ], [ -238026.28206372942077, 5172133.822652406059206 ], [ -237712.410748185298871, 5172165.755360989831388 ], [ -237582.211583073018119, 5172265.734169078990817 ], [ -237376.395982171408832, 5172390.604998586699367 ], [ -237319.609794847434387, 5172549.413501111790538 ], [ -237221.60044160974212, 5172659.175111758522689 ], [ -236865.547165377734927, 5172998.632269337773323 ], [ -236803.218603246059502, 5173039.868291663005948 ], [ -236785.063284853647929, 5173104.521772841922939 ], [ -236785.692462615494151, 5173174.771859316155314 ], [ -236772.68533671379555, 5173262.443607527762651 ], [ -236804.25253867651918, 5173334.363193785771728 ], [ -236807.352897814562311, 5173426.25430924538523 ], [ -236780.309274679719238, 5173570.521882245317101 ], [ -236801.74985388451023, 5173843.627622446976602 ], [ -236764.654971286887303, 5173917.54853464756161 ], [ -236756.61113620174001, 5174178.202586361207068 ], [ -236934.574489187216386, 5174413.751589539460838 ], [ -236938.334193669288652, 5174573.211594765074551 ], [ -236963.438742594065843, 5174619.404314273037016 ], [ -236951.488038659852464, 5174735.472589693963528 ], [ -236932.149505399749614, 5174783.912832961417735 ], [ -236819.826024119072827, 5174974.614456415176392 ], [ -236813.877110531000653, 5175029.948414396494627 ], [ -236848.537658503977582, 5175195.140316740609705 ], [ -236818.673199472366832, 5175351.565882932394743 ], [ -236812.650481061893515, 5175546.071501900441945 ], [ -237097.283175751945237, 5175753.01913735549897 ], [ -237210.354390052409144, 5175886.595004498027265 ], [ -237455.566960620984901, 5175999.900003946386278 ], [ -237486.436412015405949, 5176142.096227994188666 ], [ -237722.590915618377039, 5176220.171916049905121 ], [ -237861.795159618923208, 5176433.738756321370602 ], [ -238071.635961988038616, 5176318.305120983161032 ], [ -238513.425394958729157, 5176432.22681893222034 ], [ -238605.23603367106989, 5176406.126469386741519 ], [ -238851.126762577652698, 5176454.545661858282983 ], [ -238971.339567490416812, 5176550.345156888477504 ], [ -239126.636824997025542, 5176638.387858366593719 ], [ -239254.161428023595363, 5176541.018356716260314 ], [ -239660.417790852719918, 5176574.805207157507539 ], [ -239855.242929747648304, 5176614.582124771550298 ], [ -240076.807455609086901, 5176673.53923855908215 ], [ -240134.441786133480491, 5176699.78646336030215 ], [ -240325.525142984319245, 5176709.787561516277492 ], [ -240458.118233746325132, 5176643.53203884139657 ], [ -240660.566420051327441, 5176592.82871082983911 ], [ -240927.009621265140595, 5176606.263088138774037 ], [ -241003.572050086921081, 5176624.582833264954388 ], [ -241117.062159631343093, 5176583.806001742370427 ], [ -241278.080793686734978, 5176639.438000161200762 ], [ -241711.913443414028734, 5176746.379922030493617 ], [ -241871.98419200538774, 5176761.452842379920185 ], [ -241959.672113376116613, 5176743.387007082812488 ], [ -242153.394632714713225, 5176619.594255950301886 ], [ -242187.758180286269635, 5176686.14309489633888 ], [ -242290.656462920567719, 5176626.330516404472291 ], [ -242812.469804279360687, 5176544.887292726896703 ], [ -242960.79779374532518, 5176520.640075856819749 ], [ -243362.232909428217681, 5176638.00405174959451 ], [ -243513.816771360841813, 5176536.753466504625976 ], [ -243652.182222998409998, 5176444.834556631743908 ], [ -243938.124814136506757, 5176389.453509113751352 ], [ -244129.334518609452061, 5176385.865806963294744 ], [ -244300.453058744984446, 5176371.273301525041461 ], [ -244555.25023747101659, 5176334.496938278898597 ], [ -244738.267717977461871, 5176342.981078051961958 ], [ -245148.123151263367618, 5176425.21267491672188 ], [ -245598.96630973968422, 5176588.889386136084795 ], [ -245749.142314072349109, 5176655.154881120659411 ], [ -245891.717868851788808, 5176669.996591963805258 ], [ -246242.980956075422, 5176392.185246936045587 ], [ -246429.873468056466663, 5176272.299799181520939 ], [ -246619.119051433866844, 5176188.918308574706316 ], [ -246752.899030606553424, 5175987.463591649197042 ], [ -246805.930077547614928, 5175929.848851606249809 ], [ -247583.507852687966079, 5175693.760023109614849 ], [ -247770.825048526312457, 5175821.130915522575378 ], [ -248196.628334702138091, 5176076.330915345810354 ], [ -248324.838999750500079, 5176190.998538438230753 ], [ -248389.091051363473525, 5176232.118167234584689 ], [ -248525.965044463257072, 5176282.001426046714187 ], [ -248799.970957923127571, 5176353.387651674449444 ], [ -248964.279416889941785, 5176346.757510674186051 ], [ -249115.45061747028376, 5176303.521872874349356 ], [ -249600.594094047351973, 5175945.721192391589284 ], [ -249821.793380659510149, 5175746.358058977872133 ], [ -250173.609837071999209, 5175388.713051587343216 ], [ -250497.642507055279566, 5174972.725612129084766 ], [ -250777.255360627284972, 5174707.672916725277901 ], [ -250920.897356128436513, 5174752.168603747151792 ], [ -251210.500354762742063, 5174419.645200790837407 ], [ -251458.571164576977026, 5174062.444860346615314 ], [ -251711.631647927017184, 5174060.594597388058901 ], [ -251887.430170775100123, 5174121.563913766294718 ], [ -252649.478431671712315, 5174253.78454262111336 ], [ -252695.534644597675651, 5174535.192910102196038 ], [ -252812.298215088259894, 5174891.525614468380809 ], [ -252875.538038571452489, 5175052.84918294288218 ], [ -253011.768048416968668, 5175337.754023771733046 ], [ -253180.0377001442248, 5175655.367646243423223 ], [ -253455.268684600130655, 5176061.730932977981865 ], [ -253542.747102689172607, 5176224.627208982594311 ], [ -253729.305433558824006, 5176612.685002672486007 ], [ -253848.495546309684869, 5177008.292960193939507 ], [ -254002.817756396456389, 5177229.877911922521889 ], [ -254037.184532233222853, 5177466.670060031116009 ], [ -253876.818898310797522, 5178123.492874191142619 ], [ -253997.406738588004373, 5178355.629926227964461 ], [ -254094.710548892937368, 5178795.724440539255738 ], [ -254025.885381278669229, 5178973.561026871204376 ], [ -253938.579731039237231, 5179106.638236594386399 ], [ -253687.4990648329549, 5179337.002479162067175 ], [ -254048.867512791912304, 5180728.374257345683873 ], [ -254742.466531994607067, 5181222.262979379855096 ], [ -256906.093305756367045, 5182010.803654627874494 ], [ -257097.221190403448418, 5182197.597802177071571 ], [ -257614.230761776154395, 5182569.570243153721094 ], [ -257787.38956553893513, 5182648.041032725945115 ], [ -258061.391248858068138, 5182751.659079665318131 ], [ -258165.076671611750498, 5182757.899725070223212 ], [ -258514.410814698960166, 5182706.606323628686368 ], [ -258799.613687820528867, 5182587.181880631484091 ], [ -259027.774227470072219, 5182525.441077369265258 ], [ -259613.730304701835848, 5182878.932662700302899 ], [ -260576.354358068289002, 5182787.743507121689618 ], [ -260933.272698063257849, 5182799.972916265018284 ], [ -261399.379428519750945, 5182980.703029201366007 ], [ -261718.056629120430443, 5182707.292752132751048 ], [ -262068.655361623037606, 5182663.990651049651206 ], [ -262252.036300266976468, 5182642.396050717681646 ], [ -262737.573847841529641, 5182568.991621732711792 ], [ -262935.628365164273418, 5182566.424909175373614 ], [ -263902.119768960343208, 5182489.801141591742635 ], [ -264514.642910586961079, 5182180.622833560220897 ], [ -265185.797026138869114, 5182327.502076718024909 ], [ -265816.12215809407644, 5182346.939468528144062 ], [ -266237.960021368868183, 5182132.277465142309666 ], [ -266381.42902638122905, 5182037.304316895082593 ], [ -266546.773090570932254, 5181896.515009136870503 ], [ -266701.823441446817014, 5181686.696632632985711 ], [ -266856.59070685779443, 5181516.087195096537471 ], [ -267322.598919564858079, 5181910.126972695812583 ], [ -267509.948175416735467, 5181895.220484206452966 ], [ -267784.088896779750939, 5181797.08946240041405 ], [ -268181.819522447884083, 5181747.133130229078233 ], [ -268584.701568871736526, 5181730.99664700217545 ], [ -268797.471187043644022, 5181740.576840867288411 ], [ -268945.446850321255624, 5181769.988228457979858 ], [ -269129.608361234539188, 5181826.686727681197226 ], [ -269808.849837792629842, 5181579.834247370250523 ], [ -270168.740742150344886, 5181344.311716198921204 ], [ -270301.428009201365057, 5181443.902310545556247 ], [ -270573.558523199695628, 5181438.969299963675439 ], [ -270935.684388973983005, 5181472.485029771924019 ], [ -271371.504870848264545, 5181565.964100920595229 ], [ -271448.300291364255827, 5181563.767703522928059 ], [ -271675.079244813474361, 5181490.9016705872491 ], [ -271760.229861030646134, 5181446.845064768567681 ], [ -271967.521781018935144, 5181262.980594199150801 ], [ -272097.706697236397304, 5181128.634172858670354 ], [ -272342.244226412905846, 5180807.112953059375286 ], [ -272517.376279469579458, 5180385.10673431865871 ], [ -272591.760742453974672, 5180128.737266265787184 ], [ -272638.181749351322651, 5179822.17648587282747 ], [ -272569.668944228207693, 5179586.523237086832523 ], [ -273127.249237978714518, 5179161.625685268081725 ], [ -273192.164085839991458, 5178907.926511737518013 ], [ -273577.344886074482929, 5178477.86893111653626 ], [ -273691.781545248930342, 5178269.102015660144389 ], [ -274721.540602400782518, 5178112.062871773727238 ], [ -274905.784489737357944, 5178149.705983724445105 ], [ -275156.443032434617635, 5178117.477366068400443 ], [ -275230.959297696128488, 5178043.604697437025607 ], [ -275279.949558440945111, 5177960.113139166496694 ], [ -275389.131826330383774, 5177722.922755315899849 ], [ -275450.286747070553247, 5177631.399488079361618 ], [ -275872.437863392406143, 5177516.420391680672765 ], [ -276309.213911775674205, 5177208.256485894322395 ], [ -276490.85236643027747, 5177006.648439547047019 ], [ -276558.675102029985283, 5176923.27341597341001 ], [ -276636.428649403329473, 5176979.151526289992034 ], [ -276786.78053853136953, 5177053.036334752105176 ], [ -277085.522867359803058, 5177304.84924512822181 ], [ -277133.573146324255504, 5177375.413052188232541 ], [ -277182.309375991113484, 5177556.8016217360273 ], [ -277223.710207811847795, 5177613.812033006921411 ], [ -277348.446034955093637, 5177695.647958563640714 ], [ -277422.372084276459645, 5177717.713765937834978 ], [ -277579.730310835700948, 5177748.385065128095448 ], [ -277842.670732952072285, 5177913.48057106975466 ], [ -278231.921262450458016, 5177895.507086361758411 ], [ -278422.136995190172456, 5177834.45505562145263 ], [ -278628.848495353420731, 5177946.490322123281658 ], [ -279039.429063802177552, 5178198.91754861921072 ], [ -279246.287839651864488, 5178287.967608525417745 ], [ -279932.463518610864412, 5178152.697090223431587 ], [ -279914.356958155345637, 5178021.493415067903697 ], [ -279914.940383606648538, 5177918.780154976993799 ], [ -280133.543588374101091, 5177598.367571740411222 ], [ -280075.165198373200838, 5177445.319244061596692 ], [ -280043.487122197693679, 5177332.968167760409415 ], [ -280037.191782354260795, 5177255.900094212964177 ], [ -280063.385703816020396, 5177147.934956777840853 ], [ -280122.365441706089769, 5176718.528309349901974 ], [ -280106.836929337761831, 5176369.795132489874959 ], [ -280273.784662111836951, 5176130.212653893046081 ], [ -280252.073465224937536, 5175921.995057825930417 ], [ -280456.763180796464439, 5175671.824782221578062 ], [ -280322.773253064078745, 5175321.108739336952567 ], [ -280314.75435354502406, 5174833.305306666530669 ], [ -280330.954345081700012, 5174586.149589874781668 ], [ -280622.225021007412579, 5174252.737364187836647 ], [ -280698.446032951003872, 5174101.853971774689853 ], [ -280745.386679231189191, 5173891.365233436226845 ], [ -280808.05565636564279, 5173485.085625690408051 ], [ -280820.796728684566915, 5173402.752092622220516 ], [ -280621.439216721861158, 5173192.244919508695602 ], [ -280459.020851389388554, 5173115.680735315196216 ], [ -280213.978710961062461, 5172656.364506676793098 ], [ -279939.884075867244974, 5172103.698691345751286 ], [ -279968.028314807568677, 5171412.319055835716426 ], [ -279955.208650928223506, 5171300.145508996210992 ], [ -280221.341493401560001, 5171113.927212501876056 ], [ -280621.628014578309376, 5170742.087696973234415 ], [ -280864.155559029022697, 5170455.793211894109845 ], [ -281168.137807608465664, 5169987.535773981362581 ], [ -281369.865200210653711, 5169759.089763808064163 ], [ -281863.187542415049393, 5169345.906041785143316 ], [ -281917.493086206435692, 5169255.73302002158016 ], [ -282238.553191826853435, 5169094.104532157070935 ], [ -282699.309239638911095, 5169219.485939797945321 ], [ -283244.887511170061771, 5169081.990928067825735 ], [ -283340.636522147106007, 5169037.943619319237769 ], [ -283422.975541985360906, 5168985.722213461063802 ], [ -283725.5750911696814, 5168746.985170166939497 ], [ -283760.806485491222702, 5168698.563195548951626 ], [ -284090.990002618811559, 5167813.242385812103748 ], [ -284007.522425782983191, 5166801.62170556280762 ], [ -284166.611447785049677, 5166728.21092613786459 ], [ -284370.987019753549248, 5166480.893081972375512 ], [ -284449.600621512858197, 5166363.861403536982834 ], [ -284535.174919711833354, 5166200.97041051927954 ], [ -284831.846594692091458, 5165524.893900582566857 ], [ -284956.385831614490598, 5165104.412962625734508 ], [ -285024.238623476703651, 5164722.796856550499797 ], [ -285159.808508741785772, 5164507.54959768243134 ], [ -285290.24934846861288, 5164242.343170548789203 ], [ -285452.933878703741357, 5163716.842878052964807 ], [ -285479.612930506118573, 5163494.308205660432577 ], [ -285567.81859882856952, 5163069.67358929477632 ], [ -285732.320531070465222, 5162974.701685236766934 ], [ -286084.386009183770511, 5162741.687748515047133 ], [ -286248.41182796342764, 5162471.288908427581191 ], [ -286386.536606861802284, 5162270.929913027212024 ], [ -286675.681303152407054, 5161976.877285276539624 ], [ -286811.622104960842989, 5161671.269896108657122 ], [ -286910.16445592045784, 5161315.563929254189134 ], [ -286997.72714286390692, 5161004.337939172051847 ], [ -286999.601874408486765, 5160998.950544043444097 ], [ -287194.153946592472494, 5160419.79269308783114 ], [ -287821.890566428250168, 5160684.594981978647411 ], [ -287969.398910483520012, 5160755.466381630860269 ], [ -288664.316397735034116, 5160999.636157876811922 ], [ -288685.954902994388249, 5161007.15993779618293 ], [ -289053.00699019478634, 5161270.647274174727499 ], [ -289632.379298782616388, 5161263.931904595345259 ], [ -290246.320984680205584, 5161339.64183259755373 ], [ -290509.437736870022491, 5161415.059049664065242 ], [ -290647.50073345087003, 5161500.692247504368424 ], [ -291112.3898513171589, 5161845.516267469152808 ], [ -291767.65344351681415, 5161708.134533197619021 ], [ -292154.757621913100593, 5161716.597411550581455 ], [ -292395.685282642079983, 5161953.780678476206958 ], [ -292920.66276920720702, 5161788.760637938976288 ], [ -294162.347865429648664, 5161561.994219309650362 ], [ -294492.82804900011979, 5161609.252651366405189 ], [ -294998.505184890353121, 5161547.934795984998345 ], [ -295160.739316465624142, 5161649.794328041374683 ], [ -295251.97499000816606, 5161691.99483291618526 ], [ -295387.592408695840277, 5161728.978496870957315 ], [ -295693.82909960282268, 5161790.93899442255497 ], [ -295875.250592569820583, 5161803.814543056301773 ], [ -296086.379695405717939, 5161783.074082701466978 ], [ -296116.022294692171272, 5161765.652202795259655 ], [ -296141.733980119694024, 5161722.57889676745981 ], [ -296197.397955656982958, 5161583.829120698384941 ], [ -296269.13167892670026, 5161459.986272254958749 ], [ -296317.71406505710911, 5161411.608061698265374 ], [ -296390.453671245661099, 5161372.77018972299993 ], [ -296502.114801556279417, 5161348.927390191704035 ], [ -296631.175390916585457, 5161344.04088422935456 ], [ -296767.051627420529258, 5161314.893722143024206 ], [ -296833.06252698804019, 5161277.375681074336171 ], [ -296965.203437978285365, 5161171.307953294366598 ], [ -296958.718743681092747, 5161110.569784255698323 ], [ -297058.565870392194483, 5161012.471091564744711 ], [ -297072.069703861896414, 5160996.333917364478111 ], [ -297104.495513057045173, 5160953.287605552002788 ], [ -297201.521135954419151, 5160888.906343650072813 ], [ -297407.561824866221286, 5160787.171031293459237 ], [ -297516.707023365364876, 5160716.088639962486923 ], [ -297621.648018655600026, 5160689.510209267027676 ], [ -297971.627703470003325, 5160908.057940330356359 ], [ -298156.936027777555864, 5160955.98121493216604 ], [ -298218.678826748568099, 5160979.150301539339125 ], [ -298340.93734994350234, 5160994.45218754094094 ], [ -298475.27837934991112, 5161013.845466930419207 ], [ -298854.085470819438342, 5161078.669772581197321 ], [ -299134.607915950822644, 5161191.688165292143822 ], [ -299147.517080700607039, 5161337.448149775154889 ], [ -299176.931920308794361, 5161380.730785612016916 ], [ -299211.679631442937534, 5161436.176061265170574 ], [ -299862.830859013774898, 5162036.266377122141421 ], [ -299933.809056899452116, 5162112.082815082743764 ], [ -300147.231452565349173, 5162582.418700510635972 ], [ -300258.915626010391861, 5162554.480692846700549 ], [ -300431.960215975646861, 5162663.046059211716056 ], [ -300519.070723147538956, 5162741.619129651226103 ], [ -300884.7658257552539, 5163124.791726510971785 ], [ -300974.601211422821507, 5163195.277182497084141 ], [ -301043.075722641078755, 5163222.505074721761048 ], [ -301134.416036504728254, 5163247.112953250296414 ], [ -301209.702076045214199, 5163248.723484613932669 ], [ -301361.766726858681068, 5163208.765336438082159 ], [ -301702.503999630338512, 5163037.205016680061817 ], [ -301851.546437588112894, 5163094.388799780979753 ], [ -302630.726322839793283, 5163280.529624484479427 ], [ -302822.775153634313028, 5163345.939012078568339 ], [ -303220.867122369527351, 5163309.456852493807673 ], [ -303586.852434889471624, 5163221.575526908040047 ], [ -303635.331182574038394, 5163197.44087750185281 ], [ -303783.67319829587359, 5163056.223988145589828 ], [ -304020.611725072260015, 5162957.119859796948731 ], [ -304417.90553305845242, 5162738.416966445744038 ], [ -304749.149257016251795, 5162570.774370714090765 ], [ -304926.74024630500935, 5162528.142090032808483 ], [ -305031.593633156095166, 5162531.162451478652656 ], [ -305101.547580407001078, 5162516.533933007158339 ], [ -305701.860421046847478, 5162279.519735486246645 ], [ -305790.32423926849151, 5162368.840654726140201 ], [ -305858.55585135781439, 5162481.040306370705366 ], [ -305945.288206219556741, 5162702.595451469533145 ], [ -305993.425091747893021, 5163247.90585785638541 ], [ -306093.86633058130974, 5163383.150847872719169 ], [ -306304.864633015647996, 5163876.346059092320502 ], [ -306406.747570574400015, 5163981.910309408791363 ], [ -306610.356930487789214, 5164249.721462574787438 ], [ -306683.935774317360483, 5164380.847397463396192 ], [ -306768.123031661147252, 5164564.641055758111179 ], [ -306769.27808269765228, 5164630.777352496050298 ], [ -306747.371742743358482, 5164767.030414249747992 ], [ -306755.161324111686554, 5164864.229964421130717 ], [ -306801.534797586326022, 5165105.961316326633096 ], [ -306791.951302623900119, 5165165.321658535860479 ], [ -306678.446944184834138, 5165353.957567274570465 ], [ -306674.23784291849006, 5165414.684723782353103 ], [ -306695.560646101948805, 5165482.235062146559358 ], [ -306972.846143079921603, 5165866.378008843399584 ], [ -306949.775623891036958, 5165939.202886818908155 ], [ -306653.004317966639064, 5166250.16474955715239 ], [ -306446.933684111747425, 5166352.15639632102102 ], [ -306388.975747827673331, 5166395.183639546856284 ], [ -306353.901202668552287, 5166431.528335792012513 ], [ -306280.848566071887035, 5166577.1050044009462 ], [ -306017.374700955639128, 5166985.363897835835814 ], [ -305793.218657348537818, 5167281.697398589923978 ], [ -305694.332885759940837, 5167514.95866271853447 ], [ -305258.575410717399791, 5167940.26877246517688 ], [ -305056.032602845341899, 5168192.124771195463836 ], [ -304846.801831285876688, 5168429.112518843263388 ], [ -304841.680355472897645, 5168782.852658701129258 ], [ -304570.368930287891999, 5169077.719634072855115 ], [ -304553.720209883817006, 5169241.053691527806222 ], [ -304493.970809034304693, 5169420.460712593980134 ], [ -304461.235086376778781, 5169564.845704420469701 ], [ -304414.227759721514303, 5169972.515410869382322 ], [ -304161.405054803937674, 5170364.699974902905524 ], [ -304052.086643177084625, 5170471.042253081686795 ], [ -303796.041906917816959, 5170597.174733117222786 ], [ -303744.784179465146735, 5170637.526161668822169 ], [ -303607.008275850967038, 5170804.548902031034231 ], [ -303549.564301655918825, 5171096.083381244912744 ], [ -303534.960854256234597, 5171455.295089883729815 ], [ -303406.42869851848809, 5171672.33284446131438 ], [ -303196.187702580005862, 5171770.248800705187023 ], [ -303074.805820375098847, 5171853.594581760466099 ], [ -303004.580142247083131, 5171930.353619464673102 ], [ -302828.818800108972937, 5172181.007591554895043 ], [ -302140.93269717390649, 5173049.972033041529357 ], [ -301832.556779612263199, 5173500.121432072483003 ], [ -301500.048577558482066, 5173913.722666504792869 ], [ -301502.560947146208491, 5173966.419163010083139 ], [ -301582.699403290287592, 5174149.077319830656052 ], [ -301569.092376652639359, 5174192.262817623093724 ], [ -301576.745702964253724, 5174316.582308421842754 ], [ -301553.647131263627671, 5174380.00151376798749 ], [ -301509.108202997129411, 5174414.975493496283889 ], [ -301476.669480741082225, 5174454.044198459014297 ], [ -301459.037141316337511, 5174493.163766490295529 ], [ -301409.06693509418983, 5174541.629627758637071 ], [ -301425.048851748404559, 5174591.673834729008377 ], [ -301496.150725588377099, 5174662.173867352306843 ], [ -301513.479385442158673, 5174712.223208657465875 ], [ -301487.562872151611373, 5174812.114463170059025 ], [ -301539.812122308823746, 5174885.253225512802601 ], [ -301547.401217274193186, 5175028.497306665405631 ], [ -301591.607522902020719, 5175092.15183378290385 ], [ -301618.172249587485567, 5175197.631831326521933 ], [ -301694.444913774786983, 5175333.00825522840023 ], [ -301723.754111186368391, 5175423.636881172657013 ], [ -301682.837185191863682, 5175580.235132333822548 ], [ -301695.987801917246543, 5175672.162191686220467 ], [ -301580.396425664774142, 5176013.629706784151495 ], [ -301535.647437519277446, 5176108.065009721554816 ], [ -301544.836750164744444, 5176177.011720718815923 ], [ -301458.517279294319451, 5176222.658897967077792 ], [ -301260.39374388725264, 5176285.485864179208875 ], [ -301238.639132398995571, 5176347.570411625318229 ], [ -301224.636921569006518, 5176504.274946104735136 ], [ -301266.080945352383424, 5176589.552716986276209 ], [ -301292.72036741609918, 5176673.428507391363382 ], [ -301311.059474287903868, 5176822.142080669291317 ], [ -301358.067023582174443, 5176856.088977437466383 ], [ -301392.823417636624072, 5176929.183586639352143 ], [ -301500.281569252721965, 5177003.880363833159208 ], [ -301545.815471127745695, 5177075.661232908256352 ], [ -301596.795456450956408, 5177129.892695466056466 ], [ -301704.275760645745322, 5177199.183076171204448 ], [ -301884.420085094869137, 5177282.234155409969389 ], [ -302067.206132379942574, 5177381.50896979495883 ], [ -302212.308194322278723, 5177476.600238273851573 ], [ -302410.999125173897482, 5177654.310121322982013 ], [ -302515.632878669654019, 5177773.591141317971051 ], [ -302779.629388795176055, 5178161.006074480712414 ], [ -302900.472150706336834, 5178268.178500873036683 ], [ -303038.999015605426393, 5178321.344975894317031 ], [ -303087.366666438174434, 5178355.293021838180721 ], [ -303131.607258469215594, 5178416.259254596196115 ], [ -303281.350341302226298, 5178750.597979766316712 ], [ -303392.748868933937047, 5178867.201571579091251 ], [ -303426.255145106755663, 5178917.321667331270874 ], [ -303500.829073864617385, 5179179.790065662004054 ], [ -303581.333993772394024, 5179273.31773835606873 ], [ -303735.799472043756396, 5179402.227821587584913 ], [ -303797.616855073545594, 5179444.329540126956999 ], [ -303876.981084159226157, 5179474.321263681165874 ], [ -304004.850554968230426, 5179497.707759603857994 ], [ -304421.674143099749926, 5179715.304286194965243 ], [ -304840.592318769835401, 5179694.977737988345325 ], [ -305042.676490339974407, 5179673.970877142623067 ], [ -305134.139700921426993, 5179713.452773282304406 ], [ -305274.20700493408367, 5179713.880530368536711 ], [ -305347.048245817713905, 5179676.252389104105532 ], [ -305465.614969420188572, 5179660.390631654299796 ], [ -305626.016448218608275, 5179616.266111833974719 ], [ -305727.182265617593657, 5179563.85124100279063 ], [ -305778.496209413162433, 5179518.045292757451534 ], [ -305821.821198632416781, 5179441.125205541029572 ], [ -305965.542119652440306, 5179114.437479618936777 ], [ -306022.708463037444744, 5178909.151444280520082 ], [ -306075.526889751083218, 5178807.933558274060488 ], [ -306163.365315073402599, 5178704.116562341339886 ], [ -306259.175329131423496, 5178636.817193548195064 ], [ -307845.313654047669843, 5179699.735289158299565 ], [ -307946.223770576354582, 5179736.512960072606802 ], [ -308103.744968870014418, 5179757.223829746246338 ], [ -308212.825602064374834, 5179761.578267729841173 ], [ -308289.626699874585029, 5179749.622029239311814 ], [ -308429.793078234069981, 5179713.505154765211046 ], [ -308895.001571719243657, 5179502.528848914429545 ], [ -308988.188898574153427, 5179404.099385336972773 ], [ -309411.289904111006763, 5178801.006056756712496 ], [ -309462.795428750105202, 5178672.734282843768597 ], [ -309533.048046194890048, 5178585.061286117881536 ], [ -309596.917158759606536, 5178360.860424698330462 ], [ -309706.681182307889685, 5178092.181690319441259 ], [ -309895.421931794553529, 5178006.1675920849666 ], [ -310282.420245355169754, 5177793.609111699275672 ], [ -310760.34543219069019, 5177283.943546107970178 ], [ -310842.315984514309093, 5176798.991730461828411 ], [ -310953.622228288149927, 5176427.645546590909362 ], [ -310952.826627887436189, 5176200.625065005384386 ], [ -310944.93240619788412, 5176124.934020830318332 ], [ -310837.731959202908911, 5175917.928185076452792 ], [ -310659.112043860775884, 5175740.475778100080788 ], [ -310604.228417953941971, 5175613.325752864591777 ], [ -310600.555653994146269, 5175464.685382978990674 ], [ -310583.431042766955215, 5175311.960618750192225 ], [ -310597.405312404735014, 5175103.918897921219468 ], [ -310653.012960279767867, 5174935.167076735757291 ], [ -310790.978997584141325, 5174665.290336403995752 ], [ -310843.625101726036519, 5174604.622055596671999 ], [ -311237.324848632444628, 5174338.075809328816831 ], [ -311304.836334935796913, 5174250.422501740977168 ], [ -311464.311190292995889, 5173979.255683279596269 ], [ -311869.271348971000407, 5173480.368079584091902 ], [ -312066.785855444031768, 5173043.147263157181442 ], [ -312066.169924701447599, 5172727.054026232101023 ], [ -312052.796112397045363, 5172690.551509433425963 ], [ -312012.531407299102284, 5172643.180020302534103 ], [ -311734.365818426944315, 5172465.57600498944521 ], [ -311645.643293708795682, 5172423.492561099119484 ], [ -311585.2015969461645, 5172373.371269525960088 ], [ -311523.52347459923476, 5172277.321970561519265 ], [ -311341.512990206538234, 5171852.765268403105438 ], [ -311246.188440447847825, 5171198.831587427295744 ], [ -311228.171937460370827, 5170855.746375917457044 ], [ -311132.138950462336652, 5170503.030561834573746 ], [ -311514.421547754027415, 5169867.892607448622584 ], [ -311508.147135975013953, 5168541.882333774119616 ], [ -311477.582699985301588, 5168383.83670599386096 ], [ -311487.365122877759859, 5168229.940338334999979 ], [ -311509.263225189701188, 5168072.025059603154659 ], [ -311470.42708311707247, 5167999.025122368708253 ], [ -311582.036227225384209, 5168015.492561503313482 ], [ -311639.877834641607478, 5168015.629725323989987 ], [ -312085.274019113974646, 5167951.868999334983528 ], [ -312163.379781356197782, 5167914.246713570319116 ], [ -312245.572972661349922, 5167853.681554126553237 ], [ -312404.727005245978944, 5167666.38391200825572 ], [ -312440.124376928375568, 5167480.155423848889768 ], [ -312448.394747177371755, 5167392.421037322841585 ], [ -312467.397763492248487, 5167316.862208017148077 ], [ -312549.881053390388843, 5167125.347273430787027 ], [ -312618.706443643663079, 5167024.253583347424865 ], [ -313101.452209708455484, 5166469.154807133600116 ], [ -313381.21445403713733, 5166463.02105955965817 ], [ -313621.437573708884884, 5166705.180888864211738 ], [ -313752.999066749529447, 5166820.210523375310004 ], [ -314013.575619478942826, 5166986.813480268232524 ], [ -314240.625635888194665, 5167110.141661528497934 ], [ -314333.396182569558732, 5167127.885691449977458 ], [ -314505.618900734232739, 5167099.893281064927578 ], [ -314591.886830680479761, 5167009.621611889451742 ], [ -314649.811037158768158, 5166966.541080270893872 ], [ -314959.43874239444267, 5166830.824177705682814 ], [ -315446.588864112505689, 5166698.150226821191609 ], [ -315981.357011212327052, 5166273.964211566373706 ], [ -316110.635564135678578, 5166186.468298186548054 ], [ -316180.629252444894519, 5166155.553813162259758 ], [ -316663.470307993819006, 5166144.305885060690343 ], [ -316959.682901393913198, 5165959.916276281699538 ], [ -317729.41087132121902, 5165543.503006844781339 ], [ -318015.166779673134442, 5165301.702405795454979 ], [ -318051.593745325924829, 5165231.576469981111586 ], [ -318069.608467201469466, 5164917.121716882102191 ], [ -318137.182181100361049, 5164716.131202977150679 ], [ -318144.244846193643752, 5164515.044079558923841 ], [ -318184.813119542901404, 5164378.798367590643466 ], [ -318333.066413630614989, 5164171.202786793932319 ], [ -318634.757261811639182, 5163862.640140984207392 ], [ -318747.774708797922358, 5163815.586751835420728 ], [ -319016.809316437924281, 5163735.039543962106109 ], [ -319253.579750783159398, 5163649.037446009926498 ], [ -319339.786009731411468, 5163547.956215436570346 ], [ -319370.805965077423025, 5163485.926457178778946 ], [ -319384.460859096085187, 5163350.998102723620832 ], [ -319434.404905237897765, 5163222.874256857670844 ], [ -319535.362889147712849, 5163142.059669586829841 ], [ -319805.865132954146247, 5162962.988705118186772 ], [ -320112.619459493434988, 5162808.255022224970162 ], [ -320428.72562513477169, 5162687.261757335625589 ], [ -320518.837083139515016, 5162660.400958996266127 ], [ -320786.534743694937788, 5162540.67869376949966 ], [ -321026.022820768936072, 5162400.671724098734558 ], [ -321095.920440357585903, 5162406.163435542024672 ], [ -321215.521433348942082, 5162438.708063275553286 ], [ -321348.519393098773435, 5162506.352517773397267 ], [ -321453.349180217832327, 5162528.080064762383699 ], [ -321659.021624254062772, 5162537.792268068529665 ], [ -321834.761370410851669, 5162822.738808925263584 ], [ -321852.17196140991291, 5162874.03872702922672 ], [ -321816.784163203730714, 5163207.306739619001746 ], [ -321813.910895826935302, 5163348.998289492912591 ], [ -321836.63710383081343, 5163448.889825444668531 ], [ -321844.602347355568781, 5163527.171353523619473 ], [ -321906.396575931285042, 5163567.734974982216954 ], [ -322031.358492960280273, 5163627.270782858133316 ], [ -322138.869076056580525, 5163666.540834640152752 ] ], [ [ -333320.60769007273484, 5251825.393546050414443 ], [ -333061.390793603786733, 5251973.827288529835641 ], [ -332952.818890482303686, 5252011.950841185636818 ], [ -332730.238351628358942, 5252126.331499271094799 ], [ -332427.561769356310833, 5252351.022854026407003 ], [ -332412.624697442748584, 5252397.331462723203003 ], [ -332447.882140525267459, 5252553.981325512751937 ], [ -332374.553097632946447, 5252774.634433439932764 ], [ -332050.149845064850524, 5252917.596031707711518 ], [ -332238.733634069503751, 5253263.643524018116295 ], [ -332313.350086872815154, 5253435.304233266040683 ], [ -332450.422562624618877, 5253515.705263920128345 ], [ -333348.951190901454538, 5253627.535667005926371 ], [ -333385.625285823829472, 5253306.040903600864112 ], [ -333374.776978806999978, 5253187.524391418322921 ], [ -333300.156963779998478, 5252864.67215815000236 ], [ -333336.814472098310944, 5252718.9233273928985 ], [ -333544.490778288280126, 5252326.649062142707407 ], [ -333720.929054249892943, 5252106.002967113628983 ], [ -333741.28794196259696, 5252052.883710839785635 ], [ -333737.228565411292948, 5251788.648672522045672 ], [ -333844.444263176468667, 5251551.665443457663059 ], [ -333889.229652795533184, 5251427.727412695065141 ], [ -333765.738711517886259, 5251503.992938177660108 ], [ -333642.244541974971071, 5251602.049067133106291 ], [ -333370.814784171234351, 5251877.155058287084103 ], [ -333320.60769007273484, 5251825.393546050414443 ] ], [ [ -327590.317900953174103, 5250978.706824363209307 ], [ -327323.254427536739968, 5250628.513950332999229 ], [ -327235.190357606625184, 5250445.962834340520203 ], [ -327187.718383396859281, 5250421.414930585771799 ], [ -326863.451608524424955, 5250392.571070387028158 ], [ -326710.090753560187295, 5250438.753014152869582 ], [ -326207.897027175931726, 5250623.552613037638366 ], [ -325905.243710677430499, 5250700.918106874451041 ], [ -325345.54111083492171, 5251409.969354659318924 ], [ -326116.977055709459819, 5252229.237104666419327 ], [ -326116.405764082679525, 5252900.770981897599995 ], [ -326136.695633711060509, 5252981.159736561588943 ], [ -326407.930359766993206, 5253237.490057452581823 ], [ -326667.027810422237962, 5253413.433769892901182 ], [ -326743.097761816869024, 5253334.481040610000491 ], [ -327057.051119825802743, 5252772.116974234580994 ], [ -327308.412311148771551, 5252385.457202228717506 ], [ -327339.653013045026455, 5252348.703035853803158 ], [ -327539.200324739445932, 5252279.378426793031394 ], [ -327636.984589966596104, 5252175.928250271826982 ], [ -327698.087969782529399, 5252126.935714554972947 ], [ -327859.752924801432528, 5251872.341731246560812 ], [ -327832.643511847534683, 5251824.652630925178528 ], [ -327658.01395497226622, 5251198.022937564179301 ], [ -327626.898710142297205, 5251060.446867357939482 ], [ -327590.317900953174103, 5250978.706824363209307 ] ] ] } }
]
}
