{
"type": "FeatureCollection",
"name": "NAVARRA",
"crs": { "type": "name", "properties": { "name": "urn:ogc:def:crs:EPSG::3857" } },
"features": [
{ "type": "Feature", "properties": { "gid": 1, "nameunit": "Comunidad Foral de Navarra" }, "geometry": { "type": "MultiPolygon", "coordinates": [ [ [ [ -237862.4083073825459, 5224282.095819276757538 ], [ -237923.703713320137467, 5224241.980492658913136 ], [ -237978.577431792276911, 5224167.848519052378833 ], [ -238188.104869794711703, 5224187.639245984144509 ], [ -238329.673428460286232, 5224103.524041791446507 ], [ -238477.840115984028671, 5224035.770506802946329 ], [ -238750.046549875085475, 5223876.927863991819322 ], [ -238907.235793447209289, 5223718.276073388755322 ], [ -238994.893881194497226, 5223611.882519820705056 ], [ -239113.624801045749336, 5223509.876649677753448 ], [ -239147.283250962558668, 5223526.511419780552387 ], [ -239188.773917612445075, 5223571.741839527152479 ], [ -239208.6735011060955, 5223611.322950550355017 ], [ -239299.798968352639349, 5223834.94792562816292 ], [ -239341.332381687039742, 5223876.1056013321504 ], [ -239448.03578715553158, 5223894.832489028573036 ], [ -239534.621756887005176, 5223895.702252540737391 ], [ -239700.25647626715363, 5223838.970255481079221 ], [ -239811.773670475929976, 5223781.69409838411957 ], [ -239920.772261205711402, 5223705.380058926530182 ], [ -240015.062318936397787, 5223611.265199262648821 ], [ -240038.410580254829256, 5223576.191535968333483 ], [ -240085.012592644168762, 5223515.549335055053234 ], [ -240126.350306313892361, 5223439.917328145354986 ], [ -240179.355749771959381, 5223278.853582486510277 ], [ -240186.965438843209995, 5223193.381601606495678 ], [ -240155.787075861822814, 5223062.713553839363158 ], [ -240143.185598184529226, 5222968.894731697626412 ], [ -240150.996775533945765, 5222863.059786091558635 ], [ -240177.652227604296058, 5222766.918775724247098 ], [ -240209.489935929712374, 5222693.913324193097651 ], [ -240272.399697122717043, 5222625.291346086189151 ], [ -240431.846722607180709, 5222507.391175786964595 ], [ -240525.691836333106039, 5222456.727634517475963 ], [ -240767.326821106573334, 5222372.226484186947346 ], [ -240993.772150041913847, 5222318.798617396503687 ], [ -241183.400449828593992, 5222294.873283039778471 ], [ -241290.302226629719371, 5222291.853899650275707 ], [ -241606.750922344246646, 5222303.112931471318007 ], [ -242042.78959042034694, 5222258.504605137743056 ], [ -242123.963540467841085, 5222257.939688398502767 ], [ -242281.794318265456241, 5222304.285738635808229 ], [ -242341.010944031790132, 5222336.091498139314353 ], [ -242400.08396765528596, 5222382.831282618455589 ], [ -242533.980053056729957, 5222526.701996683143079 ], [ -242604.706668893370079, 5222627.867116960696876 ], [ -242824.721293484413764, 5223102.533779908902943 ], [ -242872.297685376543086, 5223360.996300347149372 ], [ -242884.574444099183893, 5223491.476520959287882 ], [ -242910.97987259333604, 5223559.629508020356297 ], [ -242948.391125183698023, 5223608.877945345826447 ], [ -242976.332651331322268, 5223658.034809648990631 ], [ -243029.901148773788009, 5223715.587668191641569 ], [ -243188.424779082124587, 5223833.90551292616874 ], [ -243292.05543264633161, 5223891.93956087063998 ], [ -243356.763114935194608, 5223917.006507424637675 ], [ -243422.979732921579853, 5223925.791474906727672 ], [ -243513.704895279224729, 5223918.515327534638345 ], [ -243718.697622504609171, 5223847.15048089530319 ], [ -243857.071423103858251, 5223809.093923016451299 ], [ -243947.859703612746671, 5223795.024340116418898 ], [ -244030.298354395083152, 5223805.317996309138834 ], [ -244154.215092724974966, 5223864.894306666217744 ], [ -244296.291490907547995, 5224007.480949935503304 ], [ -244346.094383935036603, 5224035.115460217930377 ], [ -244382.573224470717832, 5224040.894619327038527 ], [ -244780.933027900609886, 5223982.207328502088785 ], [ -245014.852347447595093, 5223855.409576835110784 ], [ -245144.972030443575932, 5223686.889981785789132 ], [ -245221.459875206433935, 5223610.206978622823954 ], [ -245356.654168509732699, 5223477.042813694104552 ], [ -245458.792806938843569, 5223406.032624110579491 ], [ -245586.55841666291235, 5223343.409932217560709 ], [ -245743.832819645409472, 5223308.220708072185516 ], [ -245873.821702239773003, 5223297.216205194592476 ], [ -246112.443268397357315, 5223312.500952454283834 ], [ -246200.644706579128979, 5223328.396090493537486 ], [ -246284.170058230636641, 5223367.19588213134557 ], [ -246330.204675175395096, 5223363.550408128648996 ], [ -246320.195494480110938, 5223421.848908751271665 ], [ -246740.261819378356449, 5223499.076677958481014 ], [ -246319.954153824190143, 5224034.028993776999414 ], [ -246255.060345346631948, 5224028.264465813525021 ], [ -246245.976118300517555, 5224132.749116340652108 ], [ -246247.075509591639275, 5224306.591070383787155 ], [ -246283.430451533931773, 5224325.942662206478417 ], [ -246351.868783917598194, 5224387.693004844710231 ], [ -246444.136166500480613, 5224506.704801295883954 ], [ -246556.323949322017143, 5224519.969260305166245 ], [ -246656.83832506093313, 5224625.476057291030884 ], [ -246676.80904170931899, 5224660.972243268042803 ], [ -246725.16890017761034, 5224699.447695127688348 ], [ -246939.244407295976998, 5224816.869548486545682 ], [ -247048.332498896255856, 5224873.56096501275897 ], [ -247223.598580619873246, 5224944.442528799176216 ], [ -247473.869174891617149, 5224952.176564874127507 ], [ -247866.965792796923779, 5224878.362503312528133 ], [ -247953.587162126321346, 5224876.437604785896838 ], [ -248206.145594572823029, 5224930.35029405541718 ], [ -248395.344423764152452, 5224957.8759038252756 ], [ -248522.289942799514392, 5224986.191679839976132 ], [ -248655.916301074816147, 5225024.073512997478247 ], [ -248795.248785128816962, 5225029.408841717988253 ], [ -248871.928433374414453, 5225532.640332838520408 ], [ -248868.200009669322753, 5225797.46880451310426 ], [ -248852.743743650731631, 5226162.714904286898673 ], [ -248883.688447020889726, 5226484.926069685257971 ], [ -248918.182127077074256, 5226713.44864918384701 ], [ -248991.970919466431951, 5226786.111068886704743 ], [ -249065.473175486258697, 5227042.161598469130695 ], [ -249136.218715636263369, 5227152.835321604274213 ], [ -249228.66921878157882, 5227258.271045767702162 ], [ -249462.965911402512575, 5227394.868210722692311 ], [ -249600.557358620368177, 5227447.725452435202897 ], [ -249722.041766076494241, 5227485.493154098279774 ], [ -250013.281161225371761, 5227613.079376777634025 ], [ -250262.390581888699671, 5227760.662242322228849 ], [ -250620.79615028059925, 5227948.60805425979197 ], [ -250937.696135210862849, 5228085.909144206903875 ], [ -251068.1703707849083, 5228180.803400919772685 ], [ -251351.434614974365104, 5228296.059596704319119 ], [ -251475.537813451286638, 5228346.058815833181143 ], [ -251596.828970271424623, 5228408.260106093250215 ], [ -251870.431461896456312, 5228546.516365100629628 ], [ -252044.788842616777401, 5228577.92583779618144 ], [ -252168.295702581468504, 5228540.956675273366272 ], [ -252372.332418020087061, 5228269.636712956242263 ], [ -252473.967224433843512, 5228099.330088400281966 ], [ -252547.68833457265282, 5228026.602810766547918 ], [ -252629.308230500289937, 5227979.757273707538843 ], [ -252807.155254617799073, 5227918.796421119011939 ], [ -252971.04726736957673, 5227906.621796988882124 ], [ -253180.229726270015817, 5227980.424058777280152 ], [ -253406.411561970569892, 5228125.015551379881799 ], [ -253453.289980655594263, 5228183.837337914854288 ], [ -253555.660052305960562, 5228403.453455353155732 ], [ -253566.478191740694456, 5228724.194320911541581 ], [ -253579.277595472667599, 5228811.260928203351796 ], [ -253587.279351790260989, 5228985.246431435458362 ], [ -253577.066679066017969, 5229072.119006403721869 ], [ -253588.512994387303479, 5229159.177353005856276 ], [ -253601.290134221198969, 5229248.965255654416978 ], [ -253671.495552201697137, 5229431.642232872545719 ], [ -253833.679256047791569, 5229624.617305652238429 ], [ -253971.259237358084647, 5229685.576187764294446 ], [ -254135.779537315858761, 5229763.068049049004912 ], [ -254377.431665290991077, 5230006.992650037631392 ], [ -254478.285008879291127, 5230089.378246538341045 ], [ -254538.604365521488944, 5230161.909249297343194 ], [ -254612.679360321752029, 5230208.73693634942174 ], [ -254571.835125954821706, 5230365.076609233394265 ], [ -254700.37963815589319, 5231246.847038236446679 ], [ -254831.661941913713235, 5231254.749516916461289 ], [ -254977.577192736120196, 5231294.031420106999576 ], [ -255080.335101492615649, 5231312.562794853001833 ], [ -255326.189985523058567, 5231383.937102051451802 ], [ -255423.53342556671123, 5231402.41960708796978 ], [ -255515.58540493491455, 5231405.907160983420908 ], [ -255687.897401331400033, 5231365.213780160062015 ], [ -255691.943753502127947, 5230877.355667040683329 ], [ -255654.382442238333169, 5230834.913798519410193 ], [ -255580.840222521015676, 5230722.863739238120615 ], [ -255357.497367794276215, 5230226.343325510621071 ], [ -255279.720332008349942, 5230136.004889372736216 ], [ -255365.895978096727049, 5230030.733660860918462 ], [ -255444.950182400352787, 5229967.527940458618104 ], [ -255623.757448445598129, 5229793.729100819677114 ], [ -255671.332393184391549, 5229771.025566796772182 ], [ -255748.623408073588507, 5229756.722288406454027 ], [ -255892.22811154514784, 5229745.687642890028656 ], [ -255965.153955241752556, 5229768.035027667880058 ], [ -256063.611814707779558, 5229813.693963997997344 ], [ -256136.33683804285829, 5229860.497594049200416 ], [ -256198.176039692945778, 5229914.00522222276777 ], [ -256281.755492616997799, 5229958.180428354069591 ], [ -256358.030160555266775, 5230067.520794929005206 ], [ -256543.880499463324668, 5230188.636643070727587 ], [ -256797.229745572549291, 5230334.765738848596811 ], [ -256906.517433019791497, 5230381.866345800459385 ], [ -257014.552108278818196, 5230416.725198348984122 ], [ -257124.10740778199397, 5230431.211455897428095 ], [ -257235.116539835056756, 5230433.47805729880929 ], [ -257621.474543684453238, 5230375.474901152774692 ], [ -257909.230084049631841, 5230455.268452416174114 ], [ -258118.003889099345542, 5230591.491890488192439 ], [ -258325.069830521359108, 5230772.544876005500555 ], [ -258484.732370539946714, 5230955.93370130751282 ], [ -258562.469665267708478, 5231055.76573991868645 ], [ -258649.751827094500186, 5231147.520480312407017 ], [ -258912.051716860732995, 5231367.067111058160663 ], [ -259094.220720208366401, 5231447.346673704683781 ], [ -259192.839992936002091, 5231476.67279002815485 ], [ -259373.036748865357367, 5231464.515010161325336 ], [ -259594.627212168037659, 5231354.829037096351385 ], [ -259666.927106368035311, 5231287.448760034516454 ], [ -259877.275191656517563, 5231056.716444390825927 ], [ -260040.853394763689721, 5230918.028234401717782 ], [ -260081.82453335027094, 5230873.504029502160847 ], [ -260093.018598705297336, 5230827.386662030592561 ], [ -260088.029036489053397, 5230772.988373878411949 ], [ -260070.853886213066289, 5230718.494577405974269 ], [ -260033.529796783986967, 5230643.458152345381677 ], [ -259966.601290653838078, 5230545.086931293830276 ], [ -259727.882987858669367, 5230253.753238121978939 ], [ -259672.208993567270227, 5230102.476415453478694 ], [ -259597.572169297054643, 5229952.410324650816619 ], [ -259553.796670098468894, 5229837.920342068187892 ], [ -259531.543569930450758, 5229741.266877787187696 ], [ -259520.217924937198404, 5229632.471653891727328 ], [ -259527.684568462544121, 5229544.208685492165387 ], [ -259578.887526725797215, 5229232.096058891154826 ], [ -259641.69554190436611, 5229164.655933934263885 ], [ -259730.191308819688857, 5229101.495234046131372 ], [ -259889.228789897373645, 5229019.868692652322352 ], [ -259935.35112660084269, 5229008.004051283933222 ], [ -260502.652728843357181, 5229000.230938967317343 ], [ -260573.194109047297388, 5228981.760676204226911 ], [ -260958.926608678069897, 5228859.200022332370281 ], [ -261239.246452336199582, 5228894.848498517647386 ], [ -261389.234215409815079, 5229124.261431972496212 ], [ -261415.35644711938221, 5229454.226359834894538 ], [ -261452.870336280262563, 5229705.816789069212973 ], [ -261513.354223129950697, 5229864.493971382267773 ], [ -261547.123324620566564, 5230014.841884149238467 ], [ -261682.409122545126593, 5230339.655911174602807 ], [ -261683.430256234307308, 5230701.283232133835554 ], [ -261772.623885037406581, 5230869.66793648712337 ], [ -261891.070606228749966, 5230987.899722042493522 ], [ -262166.833252572629135, 5231076.25148069113493 ], [ -262406.799224220681936, 5231218.387093071825802 ], [ -262489.665230528160464, 5231195.640899201855063 ], [ -262531.663736695307307, 5231176.579616127535701 ], [ -262552.279327153693885, 5231136.181944040581584 ], [ -262641.106826151779387, 5230997.621892631053925 ], [ -262839.176482925366145, 5230550.284741359762847 ], [ -262884.545409314974677, 5230505.605035213753581 ], [ -263055.271548245509621, 5230391.368189841508865 ], [ -263118.302313724998385, 5230381.881737060844898 ], [ -263367.854340683668852, 5230436.307047014124691 ], [ -263546.825691658363212, 5230507.157913038507104 ], [ -263648.287618902861141, 5230559.135782815515995 ], [ -263750.899699126195628, 5230635.134272090159357 ], [ -263967.909365382802207, 5230838.42483452335 ], [ -264047.780320790654514, 5230912.405127754434943 ], [ -264076.1389610702754, 5230974.220098994672298 ], [ -264086.106174317421392, 5231097.150748663581908 ], [ -264059.496363238198683, 5231231.513085413724184 ], [ -263995.512368958967272, 5231446.614450069144368 ], [ -263989.170831526920665, 5231601.314855719916523 ], [ -264033.020469506387599, 5231733.190471728332341 ], [ -264045.35923318535788, 5231758.589264081791043 ], [ -264069.856200329377316, 5231789.813828330487013 ], [ -264112.429115068807732, 5231825.060000323690474 ], [ -264137.293547851906624, 5231843.212405204772949 ], [ -264171.727783299982548, 5231860.130936752073467 ], [ -264274.642095940886065, 5231901.192579092457891 ], [ -264369.062063517339993, 5231939.159340744838119 ], [ -264396.024200784915593, 5231952.066897297278047 ], [ -264412.985061041195877, 5231962.277229821309447 ], [ -264539.282144042721484, 5232057.862559555098414 ], [ -264565.833289750327822, 5232071.487005396746099 ], [ -264620.109556515468284, 5232090.100195904262364 ], [ -264649.259344416088425, 5232096.55347141623497 ], [ -264693.803504698444158, 5232096.025244111195207 ], [ -264786.877063033927698, 5232079.597691481932998 ], [ -264821.278904510079883, 5232065.959650999866426 ], [ -264849.002133136324119, 5232048.901601320132613 ], [ -264876.170211461838335, 5232028.115380292758346 ], [ -264895.696874661312904, 5232007.803095910698175 ], [ -264908.445182746858336, 5231990.349739813245833 ], [ -264994.621274113247637, 5231853.353046770207584 ], [ -265001.946207926957868, 5231847.942932473495603 ], [ -265030.455018199572805, 5231840.051276383921504 ], [ -265294.039868848165497, 5231751.268901861272752 ], [ -265511.60167977923993, 5231723.02068142965436 ], [ -265681.623388971900567, 5231678.942410204559565 ], [ -265944.602104993129615, 5231678.83510934188962 ], [ -266090.439209533156827, 5231736.427626618184149 ], [ -266491.755658638547175, 5232043.492431471124291 ], [ -266676.405750796955545, 5232088.838186320848763 ], [ -266860.807711810455658, 5232087.218944659456611 ], [ -267031.781759247125592, 5232025.288932261988521 ], [ -267167.748053218936548, 5231861.401819960214198 ], [ -267291.405528454633895, 5232029.917980868369341 ], [ -267400.804646712320391, 5232229.66422295384109 ], [ -267435.206488188647199, 5232312.058188154362142 ], [ -267762.702084891381674, 5232838.074736716225743 ], [ -267864.605171278002672, 5233010.430341994389892 ], [ -267922.890052906470373, 5233108.547703045420349 ], [ -267952.938857014873065, 5233138.378282836638391 ], [ -267999.338379250315484, 5233202.782855197787285 ], [ -268081.42993586033117, 5233342.705359540879726 ], [ -268104.392141184711363, 5233396.547431987710297 ], [ -268147.718577557592653, 5233470.814331000670791 ], [ -268228.423649909731466, 5233533.991722829639912 ], [ -268277.539701679022983, 5233582.185434465296566 ], [ -268326.560241325350944, 5233636.441409572958946 ], [ -268365.377459084382281, 5233699.217784726060927 ], [ -268427.01840072136838, 5233779.540418338961899 ], [ -268499.089644687192049, 5233859.908718312159181 ], [ -268530.180733187880833, 5233908.099564678035676 ], [ -268552.688309711753391, 5233971.456797768361866 ], [ -268595.175953721394762, 5234054.339198775589466 ], [ -268605.362577684863936, 5234122.981573015451431 ], [ -268715.281112686498091, 5234424.016468812711537 ], [ -268755.82957116648322, 5234507.704291982576251 ], [ -268801.098087375459727, 5234600.466430140659213 ], [ -268870.501448424940463, 5234709.71094427537173 ], [ -268910.705150441732258, 5234745.323989157564938 ], [ -269457.989393169409595, 5234548.436123454943299 ], [ -269620.689174174913205, 5235298.879665507934988 ], [ -269786.377215590968262, 5236034.242066215723753 ], [ -269762.764793120790273, 5236119.745430427603424 ], [ -269757.231880470004398, 5236186.336406791582704 ], [ -269693.899216531426646, 5236285.166828631423414 ], [ -269682.926676962815691, 5236504.020291877910495 ], [ -269780.735543797607534, 5237463.411982940509915 ], [ -269810.782121516065672, 5237628.173757024109364 ], [ -269785.810822021856438, 5237713.682196912355721 ], [ -269740.569579088129103, 5237790.892329923808575 ], [ -269622.993932912126184, 5237943.768242053687572 ], [ -268711.793250401038677, 5238421.654346718452871 ], [ -268202.417747068044264, 5238593.550247563049197 ], [ -266298.758497102069668, 5238733.71215552277863 ], [ -266349.437474522041157, 5239037.392807931639254 ], [ -266420.843584530346561, 5239664.970775708556175 ], [ -266971.166626717778854, 5240611.630143981426954 ], [ -266963.057113132847007, 5241181.599006788805127 ], [ -266989.066689517872874, 5241336.881563262082636 ], [ -267079.438301172398496, 5241591.944918679073453 ], [ -267284.038738512492273, 5241989.32860298641026 ], [ -267219.84512963204179, 5242248.750557574443519 ], [ -267187.08792231278494, 5242471.664763623848557 ], [ -267188.230950844299514, 5242693.464950597845018 ], [ -267194.220384726882912, 5242805.085751099511981 ], [ -266724.662082138936967, 5243250.778155899606645 ], [ -266611.590088602039032, 5243326.170828757807612 ], [ -266450.956953943416011, 5243416.189219845458865 ], [ -266242.828579301247373, 5243511.305986299179494 ], [ -266048.410981061984785, 5243584.745128942653537 ], [ -266071.132624966849107, 5243818.975016016513109 ], [ -266115.739346803107765, 5245349.029888663440943 ], [ -266226.927146638859995, 5245540.387178011238575 ], [ -266336.432241051690653, 5245778.013718499802053 ], [ -266397.714622608793434, 5245932.265897783450782 ], [ -266436.167714313487522, 5246055.048582654446363 ], [ -266459.752418230462354, 5246170.919686924666166 ], [ -266468.186205491947476, 5246319.352075214497745 ], [ -266464.292806301440578, 5246674.608970878645778 ], [ -266472.853386462957133, 5246805.353413975797594 ], [ -266511.987196853908245, 5247023.443873320706189 ], [ -266670.834878199733794, 5248145.018221951089799 ], [ -266703.554570850741584, 5248312.716822315007448 ], [ -266842.707385246409103, 5248775.275927405804396 ], [ -266965.893533758295234, 5249195.530665013939142 ], [ -267091.892837122024503, 5249411.570979378186166 ], [ -267170.34669541195035, 5249636.807564412243664 ], [ -267090.837639668781776, 5249943.987952263094485 ], [ -267077.400152615678962, 5250308.844730738550425 ], [ -266910.297908388311043, 5250529.624158972874284 ], [ -266882.668633412453346, 5250598.879340270534158 ], [ -266855.892622333427425, 5250738.957118972204626 ], [ -266805.489049333613366, 5251148.521767460741103 ], [ -266842.241401858103927, 5251132.442400545813143 ], [ -267091.758251857652795, 5250963.990579682402313 ], [ -267293.460931532667018, 5251032.161189609207213 ], [ -267882.204560133453924, 5251056.762554798275232 ], [ -268500.452974490995985, 5251328.041627737693489 ], [ -268551.667287342192139, 5251378.791395470499992 ], [ -268609.431193753844127, 5251463.635774290189147 ], [ -268680.794111799739767, 5251544.489409670233727 ], [ -269051.440260079805739, 5251913.443382530473173 ], [ -269150.02725015510805, 5252181.086265608668327 ], [ -269231.547069860389456, 5252365.530124668963253 ], [ -269517.927925833675545, 5252362.058105850592256 ], [ -269747.510349338932429, 5252129.360440658405423 ], [ -269931.764366749208421, 5251975.350128411315382 ], [ -269878.769721281540114, 5251585.45488122291863 ], [ -269942.990603437297978, 5251320.313170108012855 ], [ -270135.969397257780656, 5251278.04918694216758 ], [ -270233.018731206771918, 5251173.842372333630919 ], [ -270458.94197173032444, 5250873.037215228192508 ], [ -270654.100178541615605, 5250503.936920833773911 ], [ -270729.928566641174257, 5250324.690881416201591 ], [ -270769.066718492133077, 5250153.370656607672572 ], [ -271437.478478388511576, 5248794.823337390087545 ], [ -271445.565505436155945, 5248777.176828130148351 ], [ -271627.425819835742004, 5248380.817914076149464 ], [ -271772.557715401577298, 5247971.975047113373876 ], [ -271818.440158602315933, 5247802.09880695771426 ], [ -271976.153828295646235, 5247540.390590448863804 ], [ -272041.813960147555918, 5247456.418689215555787 ], [ -273093.650121352460701, 5246311.649791077710688 ], [ -273214.991594582563266, 5246846.051754011772573 ], [ -273436.984143885958474, 5247127.920590125024319 ], [ -273420.982635001419112, 5247296.624790137633681 ], [ -273427.241016773856245, 5247378.347267874516547 ], [ -273491.248944743536413, 5247550.295661295764148 ], [ -273609.637891118996777, 5247703.537380995228887 ], [ -273847.29854743235046, 5248086.271610143594444 ], [ -273806.55984394258121, 5248518.969289605505764 ], [ -273895.112829076242633, 5248673.392866039648652 ], [ -273935.147659425565507, 5248777.809554656036198 ], [ -273953.832635955302976, 5248826.265344687737525 ], [ -274091.429983106325381, 5249377.241390861570835 ], [ -275238.708247452159412, 5249675.909022661857307 ], [ -276485.751373405335471, 5249645.52184624504298 ], [ -276541.442399579042103, 5249634.969995521940291 ], [ -276642.1769652707153, 5249579.757968693971634 ], [ -276712.898349091119599, 5249551.595276839099824 ], [ -276795.755227200337686, 5249535.761463666334748 ], [ -276930.132880719087552, 5249525.687833804637194 ], [ -276998.188830651983153, 5249489.336731626652181 ], [ -277066.375580986612476, 5249431.199542415328324 ], [ -277224.364766419574153, 5249019.850296571850777 ], [ -277229.039851074281614, 5249412.782085890881717 ], [ -277368.821063995710574, 5249770.353801068849862 ], [ -277620.198841922858264, 5250818.291410326957703 ], [ -277628.09874090651283, 5251154.98204337246716 ], [ -277641.324943566112779, 5251448.855557331815362 ], [ -277701.27015539992135, 5251693.139985133893788 ], [ -277815.74555375718046, 5251967.315483146347106 ], [ -278192.12231810373487, 5252830.717500392347574 ], [ -278183.088296147878282, 5252996.570980844087899 ], [ -278232.511255753401201, 5253217.607009531930089 ], [ -278307.933105072530452, 5253776.579739147797227 ], [ -278003.043046045699157, 5253690.298508943989873 ], [ -277786.308004972815979, 5253616.798592181876302 ], [ -277265.894060932972934, 5253484.243369991891086 ], [ -277024.985881114786025, 5253369.713869695551693 ], [ -276414.352610483358148, 5253123.502341052517295 ], [ -276204.566020706552081, 5253470.938290239311755 ], [ -276026.927497995086014, 5253664.643040797673166 ], [ -275958.870991464762483, 5253695.553560006432235 ], [ -275859.810670914594084, 5254132.240546178072691 ], [ -275434.462013539217878, 5254866.643563903868198 ], [ -275334.750362648454029, 5254965.477980259805918 ], [ -275254.431346290220972, 5255001.760653577744961 ], [ -275076.775346418784466, 5255408.029662501066923 ], [ -274943.857648021832574, 5255388.11631216481328 ], [ -274818.965973591606598, 5255387.327156185172498 ], [ -274632.831769982003607, 5255410.673401630483568 ], [ -274525.690656275488436, 5255393.642826616764069 ], [ -274349.058350441453513, 5255417.043856767006218 ], [ -274155.417873567668721, 5255553.42340506054461 ], [ -274196.69024269626243, 5255681.767265479080379 ], [ -274009.386182557791471, 5256101.609366860240698 ], [ -273972.574385425250512, 5256125.900480196811259 ], [ -273900.464179637667257, 5256149.964997567236423 ], [ -273844.50609800562961, 5256195.934896841645241 ], [ -273807.354665106744505, 5256273.36659490596503 ], [ -273761.621835301688407, 5256418.876589962281287 ], [ -273564.760217642236967, 5256417.607083974406123 ], [ -273476.433211074909195, 5256429.300163613632321 ], [ -273383.919367139285896, 5256458.6800019396469 ], [ -273303.52754783409182, 5256503.127230662852526 ], [ -273243.430162256408948, 5256558.607273023575544 ], [ -273289.063027158961631, 5257274.341324252076447 ], [ -273158.86976197961485, 5257460.199693113565445 ], [ -273079.192947763716802, 5257602.777985980734229 ], [ -273021.274529898946639, 5257740.048160049133003 ], [ -272973.706375649024267, 5257956.434649119153619 ], [ -272919.787555768853053, 5258104.638609264045954 ], [ -272741.118993809330277, 5258433.299773433245718 ], [ -272377.353391935699619, 5258613.548185057938099 ], [ -272239.626914175518323, 5258699.87105396669358 ], [ -272080.366571477148682, 5258756.064032952301204 ], [ -272013.520330450672191, 5258801.963415258564055 ], [ -271905.502798393252306, 5258913.014338764362037 ], [ -271685.215663688781206, 5258955.166239064186811 ], [ -271092.240558604011312, 5259286.507980106398463 ], [ -270873.900847071548924, 5259441.792024431750178 ], [ -270505.500346879067365, 5259492.459448790177703 ], [ -270560.092204400512855, 5259655.0408079251647 ], [ -270463.335306753928307, 5260106.953812496736646 ], [ -270189.593331806769129, 5260215.509462343528867 ], [ -269388.433301778626628, 5260580.808733420446515 ], [ -269092.409394915448502, 5260567.852843567728996 ], [ -268925.311937426333316, 5260768.45602704398334 ], [ -268305.156508871994447, 5260486.013739651069045 ], [ -268013.00240146717988, 5260503.042478046379983 ], [ -267556.935130607453175, 5260263.975840515457094 ], [ -266947.958071360248141, 5260521.372944515198469 ], [ -266655.501620218448807, 5260389.764829191379249 ], [ -266565.167523232055828, 5260485.904445318505168 ], [ -265996.404184755985625, 5260057.828571039251983 ], [ -265921.154212730354629, 5260133.620139203034341 ], [ -265521.662957996071782, 5259781.733789717778563 ], [ -265382.508362488413695, 5259679.842409214004874 ], [ -264524.02213428640971, 5258956.52992585953325 ], [ -264592.523807460383978, 5258875.25680816732347 ], [ -264649.599870738398749, 5258870.227860209532082 ], [ -265107.304651307640597, 5258493.333965203724802 ], [ -265125.266162466723472, 5258451.214552944526076 ], [ -265098.365807516500354, 5258415.579807608388364 ], [ -264905.218253347964492, 5258272.41047521866858 ], [ -264828.3263188333367, 5258202.333371074870229 ], [ -264741.470399336772971, 5258194.876677649095654 ], [ -264514.690555331588257, 5258194.559014255180955 ], [ -264438.929181565472391, 5258155.834731347858906 ], [ -264334.883862898161169, 5258085.552825754508376 ], [ -264063.694889152946416, 5257847.751593274064362 ], [ -264375.271687352855224, 5257212.272930855862796 ], [ -264500.973990315105766, 5256921.576888475567102 ], [ -264692.682517426263075, 5256886.204115549102426 ], [ -264809.445976597256958, 5256887.06769494060427 ], [ -265223.203825952252373, 5256751.118697403930128 ], [ -265157.345211448089685, 5256472.645546029321849 ], [ -263748.079419826972298, 5256647.503186226822436 ], [ -263549.366113757714629, 5256894.024149849079549 ], [ -263375.619654403068125, 5256887.264258754439652 ], [ -262827.268636995053384, 5256861.308640256524086 ], [ -262363.311819864262361, 5256628.835413655266166 ], [ -262216.869582572369836, 5256603.185406741686165 ], [ -262067.671408646856435, 5256582.962814657017589 ], [ -261446.438518741284497, 5256503.223465835675597 ], [ -261298.948208443529438, 5256438.034348869696259 ], [ -261233.540326557558728, 5256468.867874599061906 ], [ -261032.314984859083779, 5256505.457302340306342 ], [ -260931.027049978525611, 5256610.957087867893279 ], [ -260831.537926749821054, 5256659.237406575120986 ], [ -260574.146224652067758, 5256933.854689449071884 ], [ -260081.554249626555247, 5257417.852311529219151 ], [ -260050.650511828978779, 5257722.881560874171555 ], [ -259984.257563769031549, 5257877.723189911805093 ], [ -259802.786756267596502, 5257988.043452880345285 ], [ -259724.895951962185791, 5258050.119079281575978 ], [ -259617.232527205022052, 5258271.419187801890075 ], [ -259370.289495152013842, 5258244.921886852942407 ], [ -259131.783255986869335, 5258353.415657406672835 ], [ -258743.585252273885999, 5258500.22879870980978 ], [ -258621.165093178249663, 5258525.140412883833051 ], [ -258495.161003076471388, 5258488.688426980748773 ], [ -257723.41970883848262, 5259041.26354472246021 ], [ -257583.02701795444591, 5259104.181898302398622 ], [ -257197.944958108186256, 5259195.082348439842463 ], [ -256862.023366508306935, 5259252.29601030331105 ], [ -256521.101971298689023, 5259256.296840031631291 ], [ -256401.774601615790743, 5259233.499716348946095 ], [ -256137.712858268670971, 5259139.983168332837522 ], [ -255913.584533214772819, 5259144.932193275541067 ], [ -255577.48839265332208, 5259058.978028710000217 ], [ -255447.325072417035699, 5259033.352579336613417 ], [ -255292.957221339136595, 5258978.898352643474936 ], [ -254752.522132921469165, 5259616.348660368472338 ], [ -254776.664213528711116, 5260947.050322151742876 ], [ -254792.97140573503566, 5261108.06012821290642 ], [ -254839.467664608062478, 5261394.7577831055969 ], [ -254849.828058296669042, 5261617.078068554401398 ], [ -254919.011340712953825, 5261790.816928316839039 ], [ -255184.500533890561201, 5262371.168271154165268 ], [ -255247.897095216845628, 5262588.503099763765931 ], [ -255319.889858941547573, 5263078.634227245114744 ], [ -255520.145051277911989, 5263014.861495955847204 ], [ -255532.276092787069501, 5263010.190558492206037 ], [ -255539.236455268488498, 5263006.430855262093246 ], [ -255546.886441995302448, 5263001.44951577950269 ], [ -255554.157163216936169, 5262993.056135814636946 ], [ -255567.096829507296206, 5262956.483726528473198 ], [ -255575.688133848161669, 5262903.648146401159465 ], [ -255584.178248771990184, 5262879.311070419847965 ], [ -255591.057125386054395, 5262869.005421093665063 ], [ -255634.243187880783807, 5262854.913037017919123 ], [ -255706.680895610363223, 5262852.246613937430084 ], [ -255768.922739858622663, 5262850.312587038613856 ], [ -255855.268927406868897, 5262874.351147836074233 ], [ -255927.727897159056738, 5262901.954860467463732 ], [ -255990.012822050222894, 5262927.700622361153364 ], [ -256034.112483606062597, 5262950.976542761549354 ], [ -256074.721722527901875, 5262969.177925334312022 ], [ -256111.792560115340166, 5262971.668131951242685 ], [ -256156.643182956031524, 5262969.859453908167779 ], [ -256225.686536772205727, 5262950.524866317398846 ], [ -256284.374283637996996, 5262934.785553204827011 ], [ -256343.811878593667643, 5262910.461418479681015 ], [ -256433.462696545495419, 5262863.342784871347249 ], [ -256459.341249889694154, 5262855.512035969644785 ], [ -256532.622425401030341, 5262816.302214368246496 ], [ -256600.746057584270602, 5262776.367585713975132 ], [ -256671.36591802915791, 5262730.18081531394273 ], [ -256715.325650985003449, 5262687.727954461239278 ], [ -256742.826351948984666, 5262664.229049379006028 ], [ -256782.582549612881849, 5262637.286038152873516 ], [ -256809.282418160088127, 5262612.007720775902271 ], [ -256829.065895425126655, 5262585.172663680277765 ], [ -256842.843908800568897, 5262561.696877711452544 ], [ -256859.081748964090366, 5262536.468880169093609 ], [ -256877.171166217885911, 5262517.3919742340222 ], [ -256898.785960425826488, 5262499.162394925951958 ], [ -256908.215500532445731, 5262475.787359250709414 ], [ -256917.550419071863871, 5262430.731419971212745 ], [ -256918.375741776544601, 5262379.606215881183743 ], [ -256913.001125441631302, 5262322.430771743878722 ], [ -256903.37777810159605, 5262236.587179347872734 ], [ -256892.033876711706398, 5262195.04361074231565 ], [ -256874.597014312807005, 5262150.995549255050719 ], [ -256847.852729288715636, 5262115.461103455163538 ], [ -256821.823338034562767, 5262092.203752639703453 ], [ -256742.608499705500435, 5262043.965054438449442 ], [ -256583.238173350313446, 5261946.524431661702693 ], [ -257070.087843762652483, 5262051.434184739366174 ], [ -257318.087409102852689, 5263463.401763495989144 ], [ -257665.138612072711112, 5263728.067476848140359 ], [ -257730.024405546777416, 5263769.507876510731876 ], [ -257834.577007133833831, 5263778.541741598397493 ], [ -257912.099121285835281, 5263769.626294788904488 ], [ -257858.108500334055861, 5263893.286075471900403 ], [ -257410.427817271673121, 5264641.079958199523389 ], [ -257586.341889751143754, 5265235.807580797933042 ], [ -257625.827247093955521, 5265562.114019069820642 ], [ -257526.624437595746713, 5265561.303714096546173 ], [ -257660.124782207538374, 5266697.287610106170177 ], [ -257783.342879413132323, 5266923.377412968315184 ], [ -257728.934810370992636, 5267096.184967739507556 ], [ -257592.432401731464779, 5267167.373585155233741 ], [ -257538.150235033361241, 5267491.61603675968945 ], [ -257465.488107210519956, 5267735.225797301158309 ], [ -257836.780131176143186, 5268552.769581889733672 ], [ -258082.373637042066548, 5269286.114435560069978 ], [ -258317.102137967769522, 5269006.932334400713444 ], [ -258363.388893559138523, 5268999.119953639805317 ], [ -258422.799437878566096, 5269050.085696041584015 ], [ -258510.857496556272963, 5269089.002118417061865 ], [ -258534.923434631811688, 5269139.682284876704216 ], [ -258548.981750485196244, 5269251.684259610250592 ], [ -258619.085199812223436, 5269325.933072947897017 ], [ -258655.594987166143255, 5269350.788518089801073 ], [ -258674.289871130429674, 5269393.239190266467631 ], [ -258676.136327524291119, 5269502.416626564227045 ], [ -258724.061260742193554, 5269800.276417170651257 ], [ -258707.338735515659209, 5270021.206214419566095 ], [ -258669.854902617284097, 5270117.792238854803145 ], [ -258609.475210811040597, 5270186.901817586272955 ], [ -258553.075079481146531, 5270268.325454638339579 ], [ -258498.28540722449543, 5270318.375226798467338 ], [ -258470.490711485268548, 5270393.2070924770087 ], [ -258427.005756157741416, 5270559.346292392350733 ], [ -258389.768829889857443, 5270624.550433920696378 ], [ -258234.917740902426885, 5270773.414943287149072 ], [ -258072.801051389949862, 5270979.539566433057189 ], [ -258101.628235406125896, 5271451.988432214595377 ], [ -257920.352348333166447, 5271839.495805094949901 ], [ -257910.533746606204659, 5272381.28564483858645 ], [ -257771.378594501089538, 5272266.861771758645773 ], [ -257672.946227198612178, 5272162.324371478520334 ], [ -257471.453607402538182, 5272021.456450125202537 ], [ -257229.160390480043134, 5271881.616402960382402 ], [ -257155.784816040628357, 5272040.705572946928442 ], [ -256732.003425776056247, 5271810.642001843079925 ], [ -256632.566845347027993, 5271830.292781271971762 ], [ -256523.711856760462979, 5271837.580692712217569 ], [ -256392.570594797667582, 5271908.831441674381495 ], [ -256335.299054493836593, 5271927.464236510917544 ], [ -256240.07524887425825, 5271930.767367370426655 ], [ -256076.293776376813184, 5272001.742978755384684 ], [ -255984.718912346026627, 5272056.940135910175741 ], [ -255926.074580081738532, 5272076.92411298211664 ], [ -255795.514962458400987, 5272077.197837322019041 ], [ -255721.979533230070956, 5272088.866595068946481 ], [ -255492.723387152305804, 5272182.488632523454726 ], [ -255416.022699522960465, 5272247.360888288356364 ], [ -255347.856765933131101, 5272267.261908452026546 ], [ -255260.811714621726424, 5272267.894397277384996 ], [ -255206.312808874994516, 5272279.719809067435563 ], [ -255133.974954728706507, 5272310.503598769195378 ], [ -254994.485621512343641, 5272402.142743332311511 ], [ -254852.847488165134564, 5272425.514273944310844 ], [ -254781.683609368599718, 5272478.145257253199816 ], [ -254596.228009374841349, 5272697.699115736410022 ], [ -254549.321204219857464, 5272776.470720633864403 ], [ -254528.368538343231194, 5272841.813173500820994 ], [ -254534.385022862057667, 5272934.685884674079716 ], [ -254393.060921798401978, 5272919.833707449026406 ], [ -254239.636169446515851, 5272888.495878476649523 ], [ -254079.563194465416018, 5272839.353698434308171 ], [ -254023.6879345344787, 5272852.526130550540984 ], [ -253851.563288841192843, 5272941.144157785922289 ], [ -253734.347649898467353, 5272970.169532402418554 ], [ -253530.079612558067311, 5272999.80995162203908 ], [ -253437.704584027465899, 5272986.7293212255463 ], [ -253077.833828497794457, 5272763.854220416396856 ], [ -253058.687210039817728, 5272934.315580369904637 ], [ -253008.36534554627724, 5273092.224481401965022 ], [ -252972.394010569289094, 5273162.895697904750705 ], [ -252914.75567254316411, 5273222.459030867554247 ], [ -252536.313931642449461, 5273417.107168882153928 ], [ -252492.449265531729907, 5273456.312863868661225 ], [ -252460.682913000055123, 5273512.00531102064997 ], [ -252434.805806809192291, 5273672.863999939523637 ], [ -251959.858861630316824, 5273700.10741980932653 ], [ -251860.869451595761348, 5273665.110194916836917 ], [ -251823.288770740531618, 5273763.069948785938323 ], [ -251813.076765932986746, 5273842.159126796759665 ], [ -251828.647468388284324, 5273928.301259519532323 ], [ -251853.810905323654879, 5274006.337333545088768 ], [ -251873.605514537601266, 5274076.135713079944253 ], [ -251962.60233048099326, 5274165.65485502500087 ], [ -252126.173075182363391, 5274283.13156592939049 ], [ -252273.058141408575466, 5274442.78366685193032 ], [ -252331.533156727411551, 5274601.664235981181264 ], [ -252384.509879756922601, 5274767.325546905398369 ], [ -252778.783701277367072, 5276212.616414827294648 ], [ -252801.499222610233119, 5276260.606405477039516 ], [ -252941.376838210475398, 5276448.896537194028497 ], [ -252969.347641384112649, 5276518.781453884206712 ], [ -252994.923850991326617, 5276708.815600538626313 ], [ -253010.921241054718848, 5276747.190252390690148 ], [ -253035.281730503105791, 5276762.422575789503753 ], [ -253060.697528724034782, 5276813.169314255006611 ], [ -253105.452305483049713, 5277146.765511867590249 ], [ -253199.862142985861283, 5277561.378167061135173 ], [ -253316.016573222790612, 5277980.292888969182968 ], [ -253286.633793627872365, 5278391.139172395691276 ], [ -253303.93696131836623, 5278436.360551656223834 ], [ -253483.213884295255411, 5278637.318226348608732 ], [ -253590.513628275890369, 5278821.267209984362125 ], [ -253676.832653868332272, 5279071.967647633515298 ], [ -253714.505729901109589, 5279122.830159573815763 ], [ -253921.022754913923563, 5279324.028226593509316 ], [ -253834.620907620381331, 5279401.146414335817099 ], [ -253781.031704752444057, 5279460.788754432462156 ], [ -253760.151285225438187, 5279515.248129053972661 ], [ -253739.313389743794687, 5279724.065208197571337 ], [ -253710.417855560168391, 5279760.698974305763841 ], [ -253115.567796291987179, 5280241.87877319008112 ], [ -252910.149383333802689, 5280386.269120391458273 ], [ -252657.489984108979115, 5280640.902050926350057 ], [ -252594.251941737660673, 5280712.756483320146799 ], [ -252550.127901213360019, 5280777.946940811350942 ], [ -252538.729675912181847, 5280836.59237321279943 ], [ -252574.01238851895323, 5281163.418085613287985 ], [ -252724.760352395474911, 5281991.323280799202621 ], [ -252733.949108443455771, 5282188.156495032832026 ], [ -252741.122313791129272, 5282932.912165579386055 ], [ -252438.3975301796454, 5283613.52881424035877 ], [ -252241.432608032628195, 5283715.665115370415151 ], [ -251903.147481004329165, 5283939.55071640573442 ], [ -251626.286667883599875, 5284144.838597884401679 ], [ -251173.111588714207755, 5284422.359975610859692 ], [ -250959.256605507165659, 5284583.09591873921454 ], [ -250797.380922692071181, 5284716.958740535192192 ], [ -249543.867796614504186, 5286153.164236536249518 ], [ -249209.856781435024459, 5286490.506125662475824 ], [ -249055.800736250705086, 5286647.674395269714296 ], [ -249050.388605247339001, 5286653.093022254295647 ], [ -248889.57780468132114, 5286812.93375551328063 ], [ -248844.865774606761988, 5286936.924550885334611 ], [ -248792.473367584461812, 5287156.539869521744549 ], [ -248705.375884792796569, 5287597.313945655710995 ], [ -248655.159551176388049, 5287726.732230942696333 ], [ -248541.596304726728704, 5288230.180833210237324 ], [ -248609.187495785561623, 5288437.250494942069054 ], [ -248686.528493126126705, 5288621.169686680659652 ], [ -248903.655824084416963, 5289315.014314646832645 ], [ -249040.221128236269578, 5289880.997996415011585 ], [ -249123.465620812465204, 5290167.556461817584932 ], [ -249313.992046251019929, 5290947.421252197586 ], [ -249361.924994472181424, 5291222.748164261691272 ], [ -249411.643618645059178, 5291451.598202441819012 ], [ -249431.064862286817515, 5291715.739276327192783 ], [ -249422.819984201341867, 5291874.320627943612635 ], [ -249403.601230713276891, 5292493.751247825101018 ], [ -249433.970857593958499, 5292602.085482872091234 ], [ -249471.296950773888966, 5292845.902735167182982 ], [ -249566.849594169209013, 5293434.973450671881437 ], [ -249592.186466871236917, 5293648.607232062146068 ], [ -249585.009476660867222, 5293840.063124684616923 ], [ -249516.194105161674088, 5294215.65307074598968 ], [ -249465.192189898865763, 5294580.473929554224014 ], [ -249483.732785048923688, 5294640.83971275947988 ], [ -249520.068134760862449, 5294693.158173786476254 ], [ -249606.593324050161755, 5294773.294206109829247 ], [ -249877.464591968629975, 5294971.389496255666018 ], [ -250380.831069188483525, 5295394.589916272088885 ], [ -250555.811059820698574, 5295494.671343832276762 ], [ -250810.608127227227669, 5295665.245100664906204 ], [ -250690.403003359213471, 5295998.03901522513479 ], [ -250548.313024198898347, 5296075.271919912658632 ], [ -250293.049305486987578, 5296370.779198690317571 ], [ -249347.050706751382677, 5296040.674501246772707 ], [ -249106.061152385431342, 5296154.793572700582445 ], [ -249080.500861465465277, 5297020.76857474911958 ], [ -248994.46425342123257, 5299293.300877198576927 ], [ -248995.54594491320313, 5299305.629941768012941 ], [ -249010.518973022291902, 5299478.238093736581504 ], [ -249053.825705845025368, 5299666.165049713104963 ], [ -249113.327977424953133, 5300023.986716588959098 ], [ -248862.065860448725289, 5300807.483080061152577 ], [ -248730.273379464662867, 5301049.967626352794468 ], [ -248608.072074487863574, 5301287.068147567100823 ], [ -248482.487436227296712, 5301595.336672906763852 ], [ -247862.784744042146485, 5301782.678172837942839 ], [ -247508.95006526177167, 5301836.904869232326746 ], [ -247368.066678062052233, 5301876.671069565229118 ], [ -247165.433701402333099, 5301807.695161610841751 ], [ -246935.186811856576242, 5302068.430056758224964 ], [ -246629.501597706897883, 5302370.905650591477752 ], [ -246657.154917692707386, 5302477.967104930430651 ], [ -246665.837392696616007, 5302571.15894862730056 ], [ -246704.954171205521561, 5302765.965158317238092 ], [ -246717.259205078793457, 5303056.377894681878388 ], [ -246709.596416610555025, 5303146.683642771095037 ], [ -246592.46905402422999, 5303270.197752468287945 ], [ -246381.950315956259146, 5303458.566404398530722 ], [ -246119.47487535289838, 5303657.400536460801959 ], [ -246044.749106809642399, 5304351.032268894836307 ], [ -245885.220929416362196, 5304337.198055459186435 ], [ -245720.376912379375426, 5304308.245783386752009 ], [ -245503.580979545105947, 5304289.753259974531829 ], [ -245320.742278140882263, 5304288.013860816136003 ], [ -245110.212296804384096, 5304328.462389006279409 ], [ -244909.595093483949313, 5304474.457328732125461 ], [ -244850.427448293427005, 5304525.934789863415062 ], [ -244806.594174279191066, 5304543.319504361599684 ], [ -244443.369919089367613, 5304424.789230985566974 ], [ -244266.746630134031875, 5304343.65471878182143 ], [ -244052.35464170348132, 5304216.958229115232825 ], [ -243915.465286513819592, 5304119.768328259699047 ], [ -243819.445657854725141, 5304029.820773054845631 ], [ -243900.761985530873062, 5303945.699036498554051 ], [ -243861.052987331000622, 5303817.95297022536397 ], [ -243801.730496728850994, 5303743.427480687387288 ], [ -243709.756107045774115, 5303658.999453196302056 ], [ -243616.208105040626833, 5303596.467017777264118 ], [ -243514.277188781445147, 5303554.394011249765754 ], [ -243421.699336138524814, 5303532.952608524821699 ], [ -243260.745378707244527, 5303245.18065745010972 ], [ -243060.118601910828147, 5302969.354706545360386 ], [ -242678.229185060568852, 5302534.291953630745411 ], [ -242783.388477872358635, 5302102.642557136714458 ], [ -242683.819093290745514, 5302100.298558437265456 ], [ -242570.287906854326138, 5302130.677532574161887 ], [ -242399.90285084376228, 5302115.312871631234884 ], [ -242352.090795589494519, 5302121.688936772756279 ], [ -242256.171911069541238, 5302164.560310244560242 ], [ -241993.37364394281758, 5302112.678606466390193 ], [ -241973.387565204844577, 5302108.949735066853464 ], [ -241950.040417081181658, 5302110.290054639801383 ], [ -241943.178015751909697, 5302114.331541249528527 ], [ -241929.521563260175753, 5302115.566034818068147 ], [ -241860.948534292605473, 5302150.837131143547595 ], [ -241819.942664025118575, 5302157.964350662194192 ], [ -241792.544265672884649, 5302168.99259090423584 ], [ -241772.144746346224565, 5302161.943517053499818 ], [ -241765.255294380418491, 5302168.723004784435034 ], [ -241717.501013941946439, 5302168.250886981375515 ], [ -241676.56894849674427, 5302167.846127710305154 ], [ -241656.049760717432946, 5302173.12016365583986 ], [ -241642.391861072450411, 5302174.35557728074491 ], [ -241628.680082794046029, 5302181.066042830236256 ], [ -241614.969640349416295, 5302187.777881652116776 ], [ -241594.502884050074499, 5302187.575349538587034 ], [ -241580.791105771582806, 5302194.287040973082185 ], [ -241567.215248591528507, 5302187.305154680274427 ], [ -241519.4608568334952, 5302186.831971582956612 ], [ -241478.528680068789981, 5302186.426299201324582 ], [ -241444.484842074947665, 5302179.241278639063239 ], [ -241410.398591354925884, 5302176.50694596208632 ], [ -241383.222275387233822, 5302164.939828945323825 ], [ -241354.36091628720169, 5302164.653365309350193 ], [ -241314.866319426626433, 5302177.954927291721106 ], [ -241280.418836959230248, 5302211.850648370571434 ], [ -241246.308875187678495, 5302211.511725527234375 ], [ -241219.019792575651081, 5302211.240465616807342 ], [ -241212.211047240678454, 5302209.803578893654048 ], [ -241198.689513971970882, 5302197.343271422199905 ], [ -241184.909830804157536, 5302210.901390737853944 ], [ -241157.622084025992081, 5302210.629978796467185 ], [ -241137.141746748937294, 5302211.795453667640686 ], [ -241130.265430483093951, 5302217.205296456813812 ], [ -241095.817168779176427, 5302251.099182946607471 ], [ -241082.050732630566927, 5302263.286627964116633 ], [ -241068.393946180673083, 5302264.519924749620259 ], [ -241054.735823896800866, 5302265.753373751416802 ], [ -241006.574670719477581, 5302306.35935979988426 ], [ -240972.342480147257447, 5302318.3428212730214 ], [ -240917.341412177600432, 5302360.591978085227311 ], [ -240896.75220443829312, 5302372.711445368826389 ], [ -240869.196177687408635, 5302399.485024338588119 ], [ -240848.661071220849408, 5302406.126466352492571 ], [ -240828.195316796918632, 5302405.922104864381254 ], [ -240800.661331305076601, 5302430.298174085095525 ], [ -240780.168192286597332, 5302432.833540731109679 ], [ -240759.714571687043644, 5302431.259922477416694 ], [ -240752.946457966347225, 5302425.71386678609997 ], [ -240725.386423713818658, 5302452.828049436211586 ], [ -240697.863681490562158, 5302476.177103658206761 ], [ -240663.700397682958283, 5302480.971576915122569 ], [ -240656.82486065372359, 5302486.381423173472285 ], [ -240581.098886485648109, 5302554.09904055390507 ], [ -240519.086249068961479, 5302615.10727861430496 ], [ -240491.592227274377365, 5302669.61371873691678 ], [ -240485.316034383402439, 5302717.483522445894778 ], [ -240476.924771167483414, 5302737.943334590643644 ], [ -240472.559933933313005, 5302799.530146462842822 ], [ -240421.187658724724315, 5302853.796489981003106 ], [ -240380.25269897270482, 5302853.386074779555202 ], [ -240359.86642666530679, 5302844.964127740822732 ], [ -240339.384642234712373, 5302846.129225386306643 ], [ -240305.272454073390691, 5302845.786782161332667 ], [ -240284.464280895888805, 5302879.816759072244167 ], [ -240277.573270457331091, 5302886.595702175050974 ], [ -240263.381593854137463, 5302941.236474159173667 ], [ -240208.185828095127363, 5303002.312318443320692 ], [ -240180.622454257652862, 5303029.427866821177304 ], [ -240146.031035688647535, 5303077.016060011461377 ], [ -240140.367433955601882, 5303097.502356988377869 ], [ -240076.934805114229675, 5303163.289798297919333 ], [ -240056.309863818518352, 5303178.832881209440529 ], [ -240022.126653822284425, 5303185.3369510024786 ], [ -239756.04323720280081, 5303182.311267695389688 ], [ -239721.991718164092163, 5303175.803702456876636 ], [ -239681.058873482368654, 5303175.047776529565454 ], [ -239667.481680468335981, 5303168.062269568443298 ], [ -239633.368379112129332, 5303167.717229424975812 ], [ -239599.172478693799349, 5303175.58913566544652 ], [ -239578.634923198405886, 5303182.229607565328479 ], [ -239544.466518694214756, 5303187.362792282365263 ], [ -239503.530223108420614, 5303186.948256640695035 ], [ -239496.799958014569711, 5303177.658466057851911 ], [ -239482.088642028247705, 5303161.072814081795514 ], [ -239456.184151242690859, 5303145.380431167781353 ], [ -239435.853204722108785, 5303131.478048705495894 ], [ -239422.277681500563631, 5303124.492118056863546 ], [ -239395.054945304931607, 5303117.367964413017035 ], [ -239331.785176878678612, 5303116.613867996260524 ], [ -239292.883356306556379, 5303099.554182536900043 ], [ -239223.53810403123498, 5303074.53967241384089 ], [ -239218.148570884484798, 5303067.638180560432374 ], [ -239195.720699115860043, 5303067.410386555828154 ], [ -239156.823665282019647, 5303059.139856080524623 ], [ -239109.262078881991329, 5303039.138882325962186 ], [ -239081.972105713997735, 5303038.861363774165511 ], [ -239054.543873738497496, 5303052.278672849759459 ], [ -239013.663571856479393, 5303046.383868180215359 ], [ -238986.420686833182117, 5303041.313715665601194 ], [ -238959.828464233520208, 5303046.626564052887261 ], [ -238937.271684494480724, 5303048.036663677543402 ], [ -238900.708241146116052, 5303050.051374490372837 ], [ -238886.638459385198075, 5303049.600197233259678 ], [ -238822.939999599911971, 5303073.031486537307501 ], [ -238755.747109679068672, 5303160.751800770871341 ], [ -238665.995658907631878, 5303124.25687141995877 ], [ -238637.668410724378191, 5303116.507421642541885 ], [ -238613.486923017306253, 5303112.637793376110494 ], [ -238577.412506191903958, 5303103.244063377380371 ], [ -238519.695131327374838, 5303097.767712005414069 ], [ -238486.473610412067501, 5303083.434141965582967 ], [ -238460.888272606593091, 5303072.062373078428209 ], [ -238435.108348331152229, 5303057.1071996120736 ], [ -238398.285085291136056, 5303047.427947073243558 ], [ -238380.183868171327049, 5303041.782227935269475 ], [ -238354.01566151206498, 5303038.52727706823498 ], [ -238343.048465279018274, 5303036.609890283085406 ], [ -238331.483372061047703, 5303031.197749245911837 ], [ -238317.978536716022063, 5303017.363053022883832 ], [ -238304.47236553701805, 5303003.529593759216368 ], [ -238290.82671103606117, 5303003.38969452586025 ], [ -238256.773410885391058, 5302997.219228089787066 ], [ -238236.302981043030741, 5302997.351524016819894 ], [ -238182.029163306695409, 5302966.663177167065442 ], [ -238147.902726250700653, 5302967.682004580274224 ], [ -238134.326980390003882, 5302960.695892020128667 ], [ -238107.245508628257085, 5302939.873226129449904 ], [ -238093.811472479370423, 5302925.325488824397326 ], [ -238077.319155959907221, 5302914.871307670138776 ], [ -238049.579229410097469, 5302878.612425144761801 ], [ -238001.533069266733946, 5302873.558177961036563 ], [ -237946.811747177474899, 5302879.177640937268734 ], [ -237881.879533475759672, 5302893.105347337201238 ], [ -237848.563947590562748, 5303035.995700088329613 ], [ -237797.658768965338822, 5303006.50017196405679 ], [ -237745.020123229216551, 5302997.775935440324247 ], [ -237731.305784602416679, 5303004.482581296935678 ], [ -237710.907601109502139, 5302997.424058678559959 ], [ -237683.758113138988847, 5302983.447536596097052 ], [ -237601.900327459530672, 5302981.23302798718214 ], [ -237572.024179881380405, 5302982.293370471335948 ], [ -237544.889163444633596, 5302983.891867782920599 ], [ -237483.911129375308519, 5302988.511575206182897 ], [ -237311.244357761868741, 5303002.771552834659815 ], [ -237233.455299470952014, 5302980.158543672412634 ], [ -237199.426044330291916, 5302971.588068263605237 ], [ -237131.060180935048265, 5302984.574939585290849 ], [ -237094.911847967770882, 5302949.960505933500826 ], [ -237048.271986951614963, 5302874.148483722470701 ], [ -237022.300481832615333, 5302812.248999212868512 ], [ -236983.154314978135517, 5302770.755522266961634 ], [ -236897.92254685232183, 5302829.493524207733572 ], [ -236612.971367099380586, 5302938.095453676767647 ], [ -236455.414880527096102, 5302998.080216089263558 ], [ -236366.01052392780548, 5303065.6255948767066 ], [ -236269.853193058632314, 5303126.25167793687433 ], [ -236200.206598921737168, 5303138.677790174260736 ], [ -236140.223093183129095, 5303124.893117024563253 ], [ -236106.037545477563981, 5303131.381486503407359 ], [ -236078.804567888873862, 5303125.618169433437288 ], [ -236051.456151988182683, 5303130.808652163483202 ], [ -236003.281529152416624, 5303137.493495736271143 ], [ -235990.085382755380124, 5303127.083328990265727 ], [ -235873.924607307446422, 5303142.64018985722214 ], [ -235712.816472381528001, 5303169.651522506028414 ], [ -235660.557203470118111, 5303188.330549071542919 ], [ -235647.774163703463273, 5303236.132597457617521 ], [ -235635.350685891869944, 5303249.69830385223031 ], [ -235620.039469169598306, 5303278.298152280971408 ], [ -235571.792599984415574, 5303324.357181968167424 ], [ -235552.474215552239912, 5303344.698641330935061 ], [ -235535.740892335219542, 5303378.762670666910708 ], [ -235521.664431404846255, 5303419.703478530980647 ], [ -235502.416066932375543, 5303433.197217026725411 ], [ -235447.834339484426891, 5303432.620866580866277 ], [ -235420.326625392568531, 5303452.874359601177275 ], [ -235386.140743728436064, 5303459.361587743274868 ], [ -235324.173635983461281, 5303512.12365142814815 ], [ -235233.841542747890344, 5303583.018209869973361 ], [ -235180.014116169710178, 5303594.147433118894696 ], [ -235119.226995027129306, 5303629.037830693647265 ], [ -235106.852609110996127, 5303748.632905300706625 ], [ -235041.752302978216903, 5303763.892576557584107 ], [ -234974.790067042311421, 5303761.187740148045123 ], [ -234925.616017818276305, 5303776.357554398477077 ], [ -234884.316598053497728, 5303810.16127698123455 ], [ -234824.736959427449619, 5303812.505399646237493 ], [ -234767.946875921363244, 5303844.537543371319771 ], [ -234740.379939860315062, 5303870.268575561232865 ], [ -234671.497665347356815, 5303931.173308450728655 ], [ -234549.039991583122173, 5304039.44659627135843 ], [ -234492.585202383168507, 5304071.718284862115979 ], [ -234437.898278016684344, 5304080.724265390075743 ], [ -234410.401027956744656, 5304099.606770845130086 ], [ -234355.669019196502632, 5304112.720370881259441 ], [ -234301.010815258399816, 5304118.984038759022951 ], [ -234161.573134285776177, 5304142.591987567022443 ], [ -234150.315060223481851, 5304172.163030751049519 ], [ -234156.483829805685673, 5304233.868779061362147 ], [ -234169.693223222246161, 5304275.103048739954829 ], [ -234168.092782903142506, 5304425.762438763864338 ], [ -234173.243424422602402, 5304583.344500332139432 ], [ -234206.562906489853049, 5304659.042000244371593 ], [ -234253.60218183894176, 5304728.036029081791639 ], [ -234267.103343640745152, 5304741.879185244441032 ], [ -234321.683289976761444, 5304774.789957519620657 ], [ -234354.35812087287195, 5304903.489182973280549 ], [ -234292.219469792529708, 5304947.625199071131647 ], [ -234264.268704127287492, 5305008.971178871579468 ], [ -234235.737295997911133, 5305125.105839928612113 ], [ -234166.622809027088806, 5305206.561821182258427 ], [ -234127.412522146012634, 5305267.787208749912679 ], [ -234123.926886250264943, 5305274.599670494906604 ], [ -234118.934763685654616, 5305294.916468896903098 ], [ -234096.99881274686777, 5305335.958288404159248 ], [ -234055.762288494443055, 5305362.914653254672885 ], [ -234007.759431632934138, 5305384.319484401494265 ], [ -233993.979303187166806, 5305396.500514013692737 ], [ -233980.257506154448492, 5305403.203250806778669 ], [ -233952.88805087012588, 5305409.759668854996562 ], [ -233925.372655733342981, 5305430.014245982281864 ], [ -233910.603676250815624, 5305470.953987373039126 ], [ -233883.404205828846898, 5305525.46032686252147 ], [ -233793.763740589667577, 5305611.146838017739356 ], [ -233717.968414378818125, 5305678.489149196073413 ], [ -233690.495654606958851, 5305694.633433306589723 ], [ -233635.329054554458708, 5305747.468485128134489 ], [ -233614.643221497244667, 5305875.813433512113988 ], [ -233560.198750981682679, 5306274.683574781753123 ], [ -233249.788247086748015, 5307752.427067154087126 ], [ -233144.96235615000478, 5307796.811276708729565 ], [ -233048.036364196887007, 5307797.131079783663154 ], [ -233014.677363710332429, 5307804.989536331966519 ], [ -232922.121774965635268, 5307827.275991905480623 ], [ -232835.972845555079402, 5307967.455460393801332 ], [ -232772.371011087903753, 5308042.117596045136452 ], [ -232666.483020889281761, 5308113.579905745573342 ], [ -232488.277993289404549, 5308181.513066745363176 ], [ -232232.235149461455876, 5308251.333224542438984 ], [ -232036.726063615176827, 5308277.966453501954675 ], [ -231948.089588863338577, 5308268.774766016751528 ], [ -231651.374054003885249, 5308312.101543447934091 ], [ -231473.78707221680088, 5308322.478832663968205 ], [ -231230.348711692466168, 5308362.268488509580493 ], [ -231070.641198599594645, 5308360.504444491118193 ], [ -230772.76482409008895, 5308384.609068194404244 ], [ -230318.618816321890336, 5308342.568849363364279 ], [ -230101.595457768038614, 5308338.778917054645717 ], [ -229755.971036711562192, 5308359.576929329894483 ], [ -229671.903447820339352, 5308307.941136787645519 ], [ -229555.434651341405697, 5308346.368216579779983 ], [ -229199.179775511700427, 5308340.994237210601568 ], [ -228491.700217682635412, 5308368.625379231758416 ], [ -228489.672533157892758, 5308427.517353940755129 ], [ -228382.875841955916258, 5308697.593978909775615 ], [ -228331.149014169088332, 5308805.250188718549907 ], [ -228251.10907577429316, 5308881.071317192167044 ], [ -228142.721183770947391, 5308807.219730850309134 ], [ -228057.185179476829944, 5308765.141551577486098 ], [ -227950.817736231460003, 5308754.339098808355629 ], [ -227840.525835657696007, 5308728.419045021757483 ], [ -227754.402287091041217, 5308738.3976866370067 ], [ -227641.412113379978109, 5308709.704156553372741 ], [ -227301.457416628691135, 5308830.49897728394717 ], [ -227188.818567230395274, 5308890.865399297326803 ], [ -227004.33345055746031, 5309025.766316572204232 ], [ -226906.784848692128435, 5309079.452969294972718 ], [ -226890.454279392783064, 5309194.363624397665262 ], [ -226939.733302896696841, 5309422.391599819995463 ], [ -226699.154517451912398, 5309804.67293992638588 ], [ -226392.949329960683826, 5309954.614690808579326 ], [ -226285.65782362234313, 5310023.261090378277004 ], [ -226239.360603998793522, 5310130.983385055325925 ], [ -225790.042856504878728, 5311795.021465300582349 ], [ -226139.429987669573165, 5311696.283272288739681 ], [ -226304.175041679176502, 5311977.796996165066957 ], [ -226308.161503964016447, 5311987.43769670650363 ], [ -226250.721203312161379, 5312232.119957735762 ], [ -226166.716509933437919, 5312529.958114967681468 ], [ -226139.963541988836369, 5312955.950278445146978 ], [ -226346.850704308744753, 5313137.920526668429375 ], [ -226283.335476405365625, 5313197.500780942849815 ], [ -226442.252175835659727, 5313632.526662547141314 ], [ -226548.514756120537641, 5313776.327097808010876 ], [ -226793.625914633041248, 5314082.128875168040395 ], [ -226906.274003548984183, 5314265.763792925514281 ], [ -226943.406846092781052, 5314363.53051935788244 ], [ -226975.879409474058775, 5314510.600532510317862 ], [ -226975.300325483083725, 5314561.321287428960204 ], [ -226918.8316213467333, 5314721.080895379185677 ], [ -226937.473071955522755, 5314883.079135926440358 ], [ -226961.355889468890382, 5314945.051836362108588 ], [ -227004.566108293132856, 5314989.423296158201993 ], [ -227153.448357503686566, 5315111.790501948446035 ], [ -227199.992817716294667, 5315223.384250139817595 ], [ -227181.991454179544235, 5315364.402752021327615 ], [ -227182.2169874679239, 5315464.498168291524053 ], [ -227201.855415436293697, 5315659.42808030359447 ], [ -227252.11048823533929, 5316045.312280870974064 ], [ -227257.707520913041662, 5316153.704101400449872 ], [ -227248.183136600157013, 5316270.151122255250812 ], [ -227247.003595275629777, 5316493.655578850768507 ], [ -226172.26534127141349, 5316798.025960607454181 ], [ -226014.378903728444129, 5317693.089216922409832 ], [ -225719.362660896003945, 5317915.951613578014076 ], [ -225504.808813925745199, 5318152.09305430855602 ], [ -225493.434299675893271, 5318426.270627164281905 ], [ -225471.888857510843081, 5318516.543176638893783 ], [ -225429.972839086520253, 5318595.605828194878995 ], [ -225243.933924960962031, 5318845.807623404078186 ], [ -224959.795822768704966, 5319068.800028396770358 ], [ -224914.47576563549228, 5319087.471533960662782 ], [ -224861.117328071879456, 5319326.889800130389631 ], [ -224815.676044013234787, 5319473.12911996524781 ], [ -224651.087282568594674, 5320107.694432910531759 ], [ -224708.95037464654888, 5320303.175211007706821 ], [ -224725.524844950181432, 5320522.868536750786006 ], [ -224779.891725780704292, 5320549.573615009896457 ], [ -224797.276045380043797, 5320582.703234841115773 ], [ -224815.515632626978913, 5320659.743839083239436 ], [ -224774.087527530849911, 5320812.910999849438667 ], [ -224959.906919620523695, 5321173.172638362273574 ], [ -224996.173696526122512, 5321228.477541668340564 ], [ -224995.976215749426046, 5321362.930551691912115 ], [ -225019.303437684080563, 5321472.965164562687278 ], [ -225112.781642368470784, 5321781.398766029626131 ], [ -225179.75868379662279, 5321900.182017458602786 ], [ -225071.097836402041139, 5321956.53604610171169 ], [ -224959.802501938102068, 5321989.532453428022563 ], [ -224714.883369547256734, 5322020.956478130072355 ], [ -224438.220705120329512, 5322062.977648209780455 ], [ -224314.192647299612872, 5322029.955992082133889 ], [ -224298.514187577267876, 5322201.285005245357752 ], [ -224298.579643437959021, 5322312.428601876832545 ], [ -224315.098008718312485, 5322419.651095236651599 ], [ -224285.023712446476566, 5322535.930135718546808 ], [ -224247.920814845594577, 5322785.23082014080137 ], [ -224014.476161607279209, 5323103.572823937050998 ], [ -223737.616461681609508, 5323159.298484674654901 ], [ -223369.742280041857157, 5323279.802116923034191 ], [ -223196.682439306372544, 5323344.981919880025089 ], [ -223103.145123972353758, 5323391.896090881898999 ], [ -223017.647413582919398, 5323452.628807568922639 ], [ -222896.6500288991665, 5323508.819689297117293 ], [ -222785.93722933070967, 5323620.025481543503702 ], [ -222487.958663528581383, 5323724.868451570160687 ], [ -222202.04969087682548, 5323849.061303766444325 ], [ -221497.746968676015968, 5324082.097954658791423 ], [ -221404.855862986092689, 5323960.202412836253643 ], [ -221353.394754823646508, 5323918.40725686121732 ], [ -221288.604918750614161, 5323961.537485828623176 ], [ -221159.23853474893258, 5324029.958860513754189 ], [ -220825.903117559064412, 5324229.019856572151184 ], [ -220751.603925304574659, 5324266.542199459858239 ], [ -220676.202558771678014, 5324282.091901977546513 ], [ -220485.081575932825217, 5324367.594162344001234 ], [ -220363.156565932295052, 5324385.317740242928267 ], [ -220279.349687288486166, 5324417.230842700228095 ], [ -220199.51079189410666, 5324460.17148675955832 ], [ -219872.638918298238423, 5324673.011320123448968 ], [ -219648.984146358154248, 5324859.665442158468068 ], [ -219430.082048758078599, 5325090.297828756272793 ], [ -219410.518316168134334, 5325124.370148360729218 ], [ -219405.206929303967627, 5325223.128540040925145 ], [ -219465.423872014682274, 5325443.483936649747193 ], [ -219560.829907640465535, 5325694.475464462302625 ], [ -219672.969934400374768, 5325919.598036806099117 ], [ -219475.605709239956923, 5326176.603690134361386 ], [ -218838.718293302605161, 5326469.354850913397968 ], [ -218741.211547565995716, 5326501.091226330026984 ], [ -218653.497354795428691, 5326515.102493862621486 ], [ -218420.966300617961679, 5326514.957516488619149 ], [ -218266.08448745100759, 5326540.484697383828461 ], [ -218146.471917232614942, 5326589.786262998357415 ], [ -217910.216558171261568, 5326669.203737584874034 ], [ -217841.714662358193891, 5326677.957104718312621 ], [ -217784.375439803989138, 5326669.003418536856771 ], [ -217696.845592110184953, 5326667.908371658995748 ], [ -217557.893598075752379, 5326732.061443933285773 ], [ -217441.608256117760902, 5326733.349043765105307 ], [ -217275.676536336162826, 5326766.958572167903185 ], [ -217172.144957118696766, 5326732.710579609498382 ], [ -217128.36277875083033, 5326733.532899498008192 ], [ -217085.605407615104923, 5326761.823400498367846 ], [ -217049.97760458663106, 5326766.866186617873609 ], [ -216999.699933930882253, 5326740.150336228311062 ], [ -216976.39820415948634, 5326743.975331748835742 ], [ -216947.282702662167139, 5326775.182719212956727 ], [ -216900.232851961336564, 5326818.519151341170073 ], [ -216797.52013891824754, 5326828.206581870093942 ], [ -216827.093720120406942, 5326869.763522697612643 ], [ -216877.142740542039974, 5327024.149614934809506 ], [ -216951.02804692988866, 5327132.161528735421598 ], [ -216941.09367293244577, 5327160.866093662567437 ], [ -216918.832557761023054, 5327190.788126501254737 ], [ -216851.831137364439201, 5327188.570772876963019 ], [ -216817.758356302947504, 5327178.531247469596565 ], [ -216782.146026683767559, 5327182.200610350817442 ], [ -216761.389505749917589, 5327201.158652478829026 ], [ -216750.457709115085891, 5327309.476467788219452 ], [ -216739.240711944876239, 5327331.300722709856927 ], [ -216602.285232977737905, 5327453.130360179580748 ], [ -216547.427321873372421, 5327573.251849879510701 ], [ -216504.130496485246113, 5327644.095697049982846 ], [ -216455.637611225218279, 5327692.907423051074147 ], [ -216410.138329711859114, 5327721.163019966334105 ], [ -216351.133210977946874, 5327735.518255359493196 ], [ -216219.841556382889394, 5327732.482023577205837 ], [ -216155.295732633734588, 5327752.257494296878576 ], [ -215999.765372113382909, 5327827.167820221744478 ], [ -215892.140909178036964, 5327899.939441818743944 ], [ -215828.873812419624301, 5328035.058185552246869 ], [ -215765.259732808248373, 5328089.167799336835742 ], [ -215734.436924280540552, 5328254.907421607524157 ], [ -215776.338359851448331, 5328295.257917632348835 ], [ -215829.391114093305077, 5328319.274043586105108 ], [ -215863.259178611217067, 5328345.792076770216227 ], [ -215893.906770260509802, 5328410.713736440055072 ], [ -215892.954320697259391, 5328486.218375479802489 ], [ -215755.053961892263032, 5328572.339034137316048 ], [ -215707.712120167212561, 5328637.643017136491835 ], [ -215666.344572874135338, 5328663.204213039018214 ], [ -215343.453706907952437, 5328771.677757279016078 ], [ -215253.012409251881763, 5328782.880012082867324 ], [ -215040.994642921024933, 5328994.37162144575268 ], [ -214987.924634158116532, 5329294.409739825874567 ], [ -214665.106793777900748, 5329287.521952495910227 ], [ -214589.67314459264162, 5329301.657415262423456 ], [ -214514.046356090984773, 5329330.894602444022894 ], [ -214141.673976467107423, 5329560.91190692782402 ], [ -213801.320755938708317, 5330173.101183734834194 ], [ -213846.709608517383458, 5330261.579331175424159 ], [ -213903.919589142751647, 5330388.664001806639135 ], [ -213921.541464535373962, 5330508.371539140120149 ], [ -213912.539613912260393, 5330570.055740971118212 ], [ -213875.803291394608095, 5330660.22202813718468 ], [ -213822.665155103371944, 5330748.803472851403058 ], [ -213693.125780612957897, 5330925.666591844521463 ], [ -213555.707435203396017, 5331076.334202093072236 ], [ -213538.192426521854941, 5331161.25949739292264 ], [ -213490.55692398006795, 5331247.168281703256071 ], [ -213326.123564544599503, 5331475.774810767732561 ], [ -213235.94186394114513, 5331570.746610100381076 ], [ -213139.073312845197506, 5331547.510539599694312 ], [ -213073.126867262821179, 5331567.254438766278327 ], [ -212891.422066191764316, 5331754.430411220528185 ], [ -212753.71228635503212, 5331925.698516434058547 ], [ -212584.38131460279692, 5332107.542978025972843 ], [ -212536.112404158309801, 5332135.756726268678904 ], [ -212364.131805886107031, 5332204.931802425533533 ], [ -212290.837049396999646, 5332263.035790965892375 ], [ -212229.517932407790795, 5332347.395735961385071 ], [ -211965.468211565661477, 5332444.208464263007045 ], [ -211900.684609384159558, 5332479.072348849847913 ], [ -211753.761471891921246, 5332620.000353847630322 ], [ -211724.323477829748299, 5332673.185730422846973 ], [ -211723.785248091589892, 5332714.388405175879598 ], [ -211753.108137800591066, 5332879.614490672945976 ], [ -211742.541803053813055, 5332955.028529990464449 ], [ -211824.139769041910768, 5333414.926255328580737 ], [ -211882.243533858767478, 5333577.794840551912785 ], [ -211932.137374910380458, 5333740.557948300614953 ], [ -211998.653887604945339, 5333888.4296057196334 ], [ -212070.191354612470604, 5333966.302823660895228 ], [ -212154.280650804430479, 5334026.480379269458354 ], [ -212240.876194011856569, 5334104.550651445053518 ], [ -212319.546568711521104, 5334160.536107541061938 ], [ -212398.432123986684019, 5334200.03821462020278 ], [ -212554.162970909936121, 5334225.432787117548287 ], [ -212634.953313992271433, 5334223.741512114182115 ], [ -212769.550823505211156, 5334189.779371321201324 ], [ -213133.617321962403366, 5334407.479546114802361 ], [ -213534.799297122866847, 5334614.660918502137065 ], [ -213594.018037959787762, 5334693.743911650963128 ], [ -213687.634501451684628, 5334759.533549750223756 ], [ -213778.267602590378374, 5334844.51969697047025 ], [ -213810.060226521949517, 5334927.369973537512124 ], [ -213777.997096227685688, 5335398.242669582366943 ], [ -213803.158752051240299, 5335464.523288438096642 ], [ -213802.021066855319077, 5335659.627213529311121 ], [ -213771.40163903721259, 5335804.885216735303402 ], [ -213768.054818546486786, 5335958.743514760397375 ], [ -213660.919382134219632, 5336197.83143412694335 ], [ -213548.649445528542856, 5336303.560845131054521 ], [ -213501.536142718105111, 5336346.923093671910465 ], [ -213338.802409268013434, 5336861.518276226706803 ], [ -213282.920915445633, 5336947.37061217520386 ], [ -213271.68766562975361, 5337075.033115085214376 ], [ -213337.541827354201814, 5337383.738157646730542 ], [ -213383.361486362206051, 5337759.53884441498667 ], [ -213448.659495910746045, 5337793.373110382817686 ], [ -213649.131204656587215, 5337965.029340092092752 ], [ -213740.897760850552004, 5338070.676679965108633 ], [ -213806.543643807701301, 5338184.232783280313015 ], [ -213835.519884622277459, 5338273.948854243382812 ], [ -213831.544554286665516, 5338370.11136407032609 ], [ -213798.530198943597497, 5338487.890931837260723 ], [ -213796.277203769306652, 5338556.587589889764786 ], [ -213819.90064686909318, 5338636.616081425920129 ], [ -213957.662301588454284, 5338894.065905025228858 ], [ -213994.188007629680214, 5339036.120074256323278 ], [ -214054.377009148127399, 5339255.460755589418113 ], [ -214048.122968835756183, 5339315.863583873957396 ], [ -213989.920574950083392, 5339581.793248068541288 ], [ -213908.556157253740821, 5339837.80725771561265 ], [ -213901.735500733397203, 5339942.197393225505948 ], [ -213940.357798064069357, 5340027.930476112291217 ], [ -213969.651076788461069, 5340200.152897791005671 ], [ -213970.765941488731187, 5340326.646204564720392 ], [ -213961.153392139152857, 5340435.129992284812033 ], [ -213938.179720907268347, 5340517.320785680785775 ], [ -213749.599382806918584, 5340800.842722145840526 ], [ -213689.995253893022891, 5340855.064010556787252 ], [ -213501.803532134887064, 5341001.107478744350374 ], [ -213429.638779796863673, 5341073.038675692863762 ], [ -213311.277551974431844, 5341221.363815086893737 ], [ -213259.442632962047355, 5341310.058928648941219 ], [ -213140.66751927282894, 5341595.875697046518326 ], [ -213121.846510325471172, 5341674.003886959515512 ], [ -213114.23303639164078, 5341838.90325328707695 ], [ -213103.861733392754104, 5342005.144722828641534 ], [ -213055.666961729293689, 5342235.523592250421643 ], [ -213023.091539138462394, 5342317.602757609449327 ], [ -212918.300379882770358, 5342474.370030987076461 ], [ -212878.908976190228714, 5342553.611663498915732 ], [ -212857.450808505964233, 5342623.462096747942269 ], [ -212789.624622002040269, 5342782.090748008340597 ], [ -212728.958839104452636, 5343127.839289449155331 ], [ -212732.444252361106919, 5343176.016637179069221 ], [ -212808.44852525612805, 5343337.909213397651911 ], [ -212824.671782566350885, 5343460.516435992904007 ], [ -212810.878629740211181, 5343573.106415497139096 ], [ -212814.293243800784694, 5343626.786078801378608 ], [ -212848.809855672036065, 5343712.503585521131754 ], [ -212964.87456239934545, 5343850.171788851730525 ], [ -212978.183809399139136, 5343880.601949920877814 ], [ -212992.061676357930992, 5343972.928558861836791 ], [ -212970.77583124540979, 5344240.840510056354105 ], [ -212876.983482957963133, 5344815.906249275431037 ], [ -212875.699523951101582, 5344914.921355565078557 ], [ -212887.672603102779249, 5345048.497422580607235 ], [ -212994.603990888543194, 5345363.505308214575052 ], [ -213022.952167136070784, 5345502.803095965646207 ], [ -213026.955104705411941, 5345617.025561354123056 ], [ -212970.181496483943192, 5345661.678305973298848 ], [ -212955.711298514652299, 5345720.637683720327914 ], [ -212979.790372290299274, 5345766.344221484847367 ], [ -213005.631967563473154, 5345781.812186769209802 ], [ -213143.383937487145886, 5345834.502757147885859 ], [ -213260.332298332446953, 5345906.178585970774293 ], [ -213279.073825163242873, 5345940.811313203535974 ], [ -213284.111143441376043, 5345975.265891549177468 ], [ -213257.273016086430289, 5346036.816956833004951 ], [ -213166.343805102194892, 5346072.773135311901569 ], [ -213156.323603777505923, 5346105.65652533993125 ], [ -213155.647449190408224, 5346157.919800403527915 ], [ -213129.893684995331569, 5346241.495391755364835 ], [ -213082.425384328846121, 5346308.281088625080884 ], [ -212959.847040236694738, 5346353.453058593906462 ], [ -212927.844690384459682, 5346390.176919622346759 ], [ -212891.266775502153905, 5346462.607602712698281 ], [ -212817.131556857435498, 5346577.192765980958939 ], [ -212776.976056180166779, 5346608.307872283272445 ], [ -212717.847372811287642, 5346622.66700984723866 ], [ -212684.919178754207678, 5346624.987683705985546 ], [ -212602.032467021315824, 5346568.877037869766355 ], [ -212536.254559148044791, 5346462.091838451102376 ], [ -212497.905773806211073, 5346354.291012980043888 ], [ -212474.632764463429339, 5346246.688814477995038 ], [ -212464.957542240736075, 5346147.519460452720523 ], [ -212472.435985632240772, 5346099.472176355309784 ], [ -212516.082354221493006, 5346010.631848676130176 ], [ -212551.999699245381635, 5345989.093191192485392 ], [ -212613.811850259109633, 5345978.89789876434952 ], [ -212666.191789498581784, 5345956.198755314573646 ], [ -212707.697372960392386, 5345926.479349724948406 ], [ -212721.705038445390528, 5345903.27819676976651 ], [ -212730.588222491118358, 5345852.499228443950415 ], [ -212723.169223707693163, 5345790.503008500672877 ], [ -212695.391003253054805, 5345713.110358571633697 ], [ -212621.16350075052469, 5345624.104152645915747 ], [ -212569.554226345935604, 5345587.664389573968947 ], [ -212439.977782465226483, 5345539.198532542213798 ], [ -212226.435161749279359, 5345518.515800630673766 ], [ -212097.641182569292141, 5345515.449178423732519 ], [ -212055.322298907733057, 5345502.513313980773091 ], [ -211945.31348379899282, 5345425.412989391945302 ], [ -211883.213349262601696, 5345353.068888486362994 ], [ -211869.146907086425927, 5345275.855387987568974 ], [ -211876.717523016413907, 5345220.935028270818293 ], [ -211918.455430255446117, 5345173.342074952088296 ], [ -211946.058879109536065, 5345158.574726056307554 ], [ -212003.790614188270411, 5345145.579020142555237 ], [ -212311.057789621554548, 5345124.854697270318866 ], [ -212397.691070136526832, 5345102.607640969567001 ], [ -212418.442470373789547, 5345087.749517244286835 ], [ -212423.269394814007683, 5345032.793912073597312 ], [ -212408.643794835719746, 5344998.215426702983677 ], [ -212365.3677861924225, 5344953.633377742953598 ], [ -212145.938924761750968, 5344859.974712943658233 ], [ -212071.45494215254439, 5344791.59999308642 ], [ -212008.113483974244446, 5344709.617558046244085 ], [ -211983.282669677369995, 5344617.138388183899224 ], [ -211994.449350437818794, 5344391.721174636855721 ], [ -211989.543277839635266, 5344347.644845423288643 ], [ -211969.619426696823211, 5344299.245313514024019 ], [ -211869.629477079055505, 5344190.652682811953127 ], [ -211835.663451409200206, 5344168.200289170257747 ], [ -211597.114242920448305, 5344176.060400167480111 ], [ -211478.128067476820434, 5344157.98667577188462 ], [ -211360.981669257511385, 5344104.176875867880881 ], [ -211274.916118145629298, 5344083.784776928834617 ], [ -211134.823321969510289, 5344003.538277260959148 ], [ -211090.09782223647926, 5343965.812886312603951 ], [ -210997.455070330644958, 5343924.701881079934537 ], [ -210931.599350133212283, 5343930.705478617921472 ], [ -210717.781547636172036, 5344037.893286197446287 ], [ -210646.517147339560324, 5344038.32185784727335 ], [ -210622.145414622704266, 5344015.992934674955904 ], [ -210612.935841829923447, 5343986.988859108649194 ], [ -210620.376993192039663, 5343838.555386686697602 ], [ -210606.104832596873166, 5343777.853055740706623 ], [ -210576.707470148714492, 5343721.075944665819407 ], [ -210526.832219452218851, 5343658.525609099306166 ], [ -210440.25682507242891, 5343573.483191515319049 ], [ -210412.81946489866823, 5343575.86847270745784 ], [ -210390.734902439638972, 5343587.95158536080271 ], [ -210368.322838038817281, 5343624.785046297125518 ], [ -210324.437132544378983, 5343834.617378016002476 ], [ -210309.31671742949402, 5343941.689072460867465 ], [ -210220.432111532631097, 5344134.424125758931041 ], [ -210208.03212213376537, 5344242.910559450276196 ], [ -210223.016950108809397, 5344353.138872142881155 ], [ -210299.732999827974709, 5344458.689881159923971 ], [ -210325.129428457643371, 5344507.166765116155148 ], [ -210340.516231114161201, 5344587.144498929381371 ], [ -210317.646643606043654, 5344658.360745096579194 ], [ -210295.450316378322896, 5344678.696058985777199 ], [ -210196.376080891815946, 5344709.009632862173021 ], [ -210142.937604614387965, 5344708.29661915358156 ], [ -210086.90471628450905, 5344696.545342377386987 ], [ -210032.497537798277335, 5344665.559734100475907 ], [ -209909.54315646624309, 5344533.253863196820021 ], [ -209835.40682462695986, 5344440.111717113293707 ], [ -209669.273282608482987, 5344154.564779479987919 ], [ -209667.136727621749742, 5344109.150237486697733 ], [ -209693.281779826909769, 5343894.951842786744237 ], [ -209682.798044142429717, 5343755.907496723346412 ], [ -209649.643648879980901, 5343672.947400245815516 ], [ -209623.010794666071888, 5343614.829679248854518 ], [ -209558.36467205567169, 5343530.073257576674223 ], [ -209520.31466822719085, 5343506.184089035727084 ], [ -209492.98718039074447, 5343500.3165377760306 ], [ -209473.733361263177358, 5343505.559289871715009 ], [ -209450.094556073716376, 5343531.371731453575194 ], [ -209414.633954920485849, 5343621.662385685369372 ], [ -209408.622257139679277, 5343661.464245018549263 ], [ -209433.334182220423827, 5343760.815151472575963 ], [ -209466.798379625717644, 5343820.401217225939035 ], [ -209514.528281095670536, 5343940.691882448270917 ], [ -209519.016460325481603, 5344118.167726905085146 ], [ -209516.803874126489973, 5344181.403422159142792 ], [ -209494.896420977456728, 5344282.885070642456412 ], [ -209472.515971311979229, 5344316.968776915222406 ], [ -209432.451529977988685, 5344341.187649851664901 ], [ -209373.461328055738704, 5344345.89720490667969 ], [ -209320.153540860570502, 5344335.553721356205642 ], [ -209265.80591830186313, 5344300.439727075397968 ], [ -209199.641509156645043, 5344226.656873282045126 ], [ -209098.820559540006798, 5344182.66517735645175 ], [ -209039.472020177054219, 5344111.724589306861162 ], [ -208804.768232178321341, 5344037.045307000167668 ], [ -208765.108659832272679, 5344031.009108613245189 ], [ -208732.023282654117793, 5344045.691124453209341 ], [ -208716.69403217441868, 5344064.738771257922053 ], [ -208712.012379669642542, 5344107.31054241862148 ], [ -208728.036597730388166, 5344240.93429078347981 ], [ -208722.058407116273884, 5344277.987985241226852 ], [ -208692.658595639280975, 5344324.353079613298178 ], [ -208712.049894338124432, 5344411.262726887129247 ], [ -208728.830083060602192, 5344488.510148048400879 ], [ -208753.161629441397963, 5344513.595513023436069 ], [ -208826.709526452526916, 5344547.596971624530852 ], [ -208869.074941661267076, 5344556.420444265939295 ], [ -208969.264153167576296, 5344545.392135779373348 ], [ -209003.408512661553686, 5344554.104409808292985 ], [ -209030.573362721857848, 5344572.350280179642141 ], [ -209024.743227030674461, 5344598.404262794181705 ], [ -208875.105563755467301, 5344720.17468926962465 ], [ -208809.655825740948785, 5344797.69106210116297 ], [ -208767.296310465259012, 5344890.649056547321379 ], [ -208776.286917819845257, 5345037.943585239350796 ], [ -208818.974825593235437, 5345125.173795859329402 ], [ -208847.437549596797908, 5345148.940790630877018 ], [ -208910.322820501722163, 5345160.79253825545311 ], [ -208951.780647902138298, 5345135.217082070186734 ], [ -208998.287036848632852, 5345039.560906725004315 ], [ -209005.616534761473304, 5345003.897719471715391 ], [ -209048.976700939878356, 5344938.459912671707571 ], [ -209073.935198692721315, 5344916.788704857230186 ], [ -209158.757867689826526, 5344722.619071017950773 ], [ -209207.045813767181244, 5344698.51101557072252 ], [ -209254.874789583933307, 5344708.781890045851469 ], [ -209260.918324739090167, 5344769.381532500497997 ], [ -209166.432010746240849, 5344968.924942726269364 ], [ -209163.335213831858709, 5345098.176627354696393 ], [ -209182.096555532043567, 5345130.064758342690766 ], [ -209355.460855075041763, 5345181.912112499587238 ], [ -209368.925170125323348, 5345199.974228730425239 ], [ -209354.525437393807806, 5345252.049575379118323 ], [ -209332.38065109035233, 5345268.258002615533769 ], [ -209306.253410003613681, 5345274.784427567385137 ], [ -209181.740444480994483, 5345259.355645569041371 ], [ -209139.1511657765368, 5345267.035663686692715 ], [ -209030.03401978907641, 5345330.215307176113129 ], [ -208949.370358287415002, 5345315.373623405583203 ], [ -208792.596781693893718, 5345252.737884579226375 ], [ -208757.006159375509014, 5345249.506681190803647 ], [ -208723.99035687893047, 5345258.689485217444599 ], [ -208668.385825949837454, 5345317.085090138018131 ], [ -208615.858611024130369, 5345452.55118477717042 ], [ -208597.901886603300227, 5345565.101849660277367 ], [ -208624.625911480048671, 5345616.358000580221415 ], [ -208647.589675277355127, 5345641.428072017617524 ], [ -208674.867403301177546, 5345651.425475739873946 ], [ -208707.82943848366267, 5345646.368341688066721 ], [ -208804.453531977836974, 5345595.401810480281711 ], [ -208864.877194982982473, 5345586.587893958203495 ], [ -209039.54471180451219, 5345643.963587954640388 ], [ -209077.730525411723647, 5345658.233248655684292 ], [ -209221.874015218898421, 5345640.91495015937835 ], [ -209341.607701043161796, 5345604.008898715488613 ], [ -209353.794068339397199, 5345615.177013895474374 ], [ -209350.5397543454892, 5345653.648599153384566 ], [ -209315.10664910642663, 5345741.20659854914993 ], [ -209252.265238080755807, 5345828.39558095857501 ], [ -209135.085110055777477, 5345879.089786494150758 ], [ -209016.091921484068735, 5345962.771492019295692 ], [ -208998.91120523356949, 5346017.56225011497736 ], [ -209003.895980711793527, 5346054.769516616128385 ], [ -209022.676914642535849, 5346085.284945156425238 ], [ -209248.236474389588693, 5346232.756179385818541 ], [ -209273.92578459935612, 5346259.23782842233777 ], [ -209281.487494969886029, 5346308.860855524428189 ], [ -209253.086887242447119, 5346382.761799384839833 ], [ -209180.59218393365154, 5346473.953354241326451 ], [ -209078.331650662061293, 5346535.855889695696533 ], [ -209039.259288630040828, 5346587.603974545374513 ], [ -209041.227639866236132, 5346645.407652526162565 ], [ -209058.841611574927811, 5346660.777008954435587 ], [ -209321.278869592992123, 5346716.582499844953418 ], [ -209361.861725795635721, 5346757.021992876194417 ], [ -209384.279690129566006, 5346823.355492317117751 ], [ -209383.802574791916413, 5346859.116704458370805 ], [ -209322.049423108343035, 5346966.966458452865481 ], [ -209301.105662791029317, 5346995.574636123143137 ], [ -209232.28461399776279, 5347016.660481372848153 ], [ -209136.420053389272653, 5347009.867910338565707 ], [ -209063.450127174291993, 5347033.648118348792195 ], [ -209028.891993132914649, 5347055.194080919027328 ], [ -209007.910495508200256, 5347086.552794273942709 ], [ -208990.764399619365577, 5347138.59896698128432 ], [ -208979.78974498048774, 5347241.630776802077889 ], [ -208939.04859246200067, 5347315.371667918749154 ], [ -208909.971607508312445, 5347336.991620647720993 ], [ -208885.448368964629481, 5347325.654901579022408 ], [ -208847.009748793701874, 5347227.458764758892357 ], [ -208828.477613924915204, 5347203.821222230792046 ], [ -208819.906903689698083, 5347193.964853775687516 ], [ -208788.167824433156056, 5347185.146368494257331 ], [ -208762.052494532079436, 5347186.353527850471437 ], [ -208720.283417835657019, 5347184.878535285592079 ], [ -208680.151850848778849, 5347162.922655344009399 ], [ -208577.991171160334488, 5347061.123763219453394 ], [ -208546.432874756981619, 5346994.179579022340477 ], [ -208545.720763974299189, 5346941.557462785393 ], [ -208564.895434943988221, 5346883.248839745298028 ], [ -208592.803231285826769, 5346808.286995857954025 ], [ -208596.983055526157841, 5346770.875814565457404 ], [ -208580.644137265102472, 5346714.927914853207767 ], [ -208559.683233746123733, 5346654.809692894108593 ], [ -208555.955923235829687, 5346620.405613793060184 ], [ -208592.406043342809426, 5346553.534416008740664 ], [ -208600.021409707900602, 5346511.747265254147351 ], [ -208592.219360556686297, 5346486.356011222116649 ], [ -208570.957226495665964, 5346460.786081136204302 ], [ -208525.731123012694297, 5346461.087198198772967 ], [ -208469.863878085132455, 5346470.383180160075426 ], [ -208436.765253887657309, 5346493.809713064692914 ], [ -208402.704940609051846, 5346555.513772613368928 ], [ -208383.744114381232066, 5346596.249409916810691 ], [ -208390.462245650531258, 5346617.022687322460115 ], [ -208403.151109128230019, 5346639.920523430220783 ], [ -208403.11125675047515, 5346655.951700522564352 ], [ -208374.890096041985089, 5346677.943204523064196 ], [ -208254.853843841672642, 5346728.944535423070192 ], [ -208194.71404553798493, 5346751.29692186228931 ], [ -208167.211229503736831, 5346784.076679173856974 ], [ -208161.055706940707751, 5346826.811522466130555 ], [ -208178.686599212087458, 5346860.60234004817903 ], [ -208169.871320055710385, 5346894.314139759168029 ], [ -208151.161741918593179, 5346938.235990622080863 ], [ -208092.199481188639766, 5347008.604855380952358 ], [ -208029.857560718141031, 5347082.044139103032649 ], [ -207976.171175934752682, 5347122.618752969428897 ], [ -207938.065734999720007, 5347142.473744831979275 ], [ -207918.608869120886084, 5347141.092721935361624 ], [ -207904.996387828257866, 5347119.367955474182963 ], [ -207896.802939347398933, 5347068.004069488495588 ], [ -207904.275260166876251, 5346986.327020242810249 ], [ -207896.487682549486635, 5346925.498751715756953 ], [ -207870.981270263029728, 5346879.920666033402085 ], [ -207827.921221431752201, 5346830.32576300483197 ], [ -207813.541971486527473, 5346812.421208663843572 ], [ -207800.134540695900796, 5346770.608146048150957 ], [ -207801.610525824362412, 5346737.923617023974657 ], [ -207807.746010878850939, 5346679.446991711854935 ], [ -207815.863762105960632, 5346618.898322282359004 ], [ -207829.877550162986154, 5346571.484305279329419 ], [ -207853.577692391874734, 5346528.555387385189533 ], [ -207858.10338629008038, 5346469.368914258666337 ], [ -207834.48528652600362, 5346413.538933346047997 ], [ -207788.456680833740393, 5346347.809663094580173 ], [ -207766.0707765132247, 5346293.660433518700302 ], [ -207755.594944512587972, 5346281.551964190788567 ], [ -207733.870166647859151, 5346273.422116430476308 ], [ -207657.912091341509949, 5346261.826982229948044 ], [ -207640.311144013190642, 5346255.732358525507152 ], [ -207595.333839592116419, 5346229.976376743987203 ], [ -207576.430899499246152, 5346205.864419352263212 ], [ -207570.064426501427079, 5346181.495566645637155 ], [ -207585.221911006927257, 5346165.169598436914384 ], [ -207605.541614258836489, 5346160.624419274739921 ], [ -207644.073742801992921, 5346175.841275970451534 ], [ -207712.339863933448214, 5346209.434797570109367 ], [ -207736.934124312334461, 5346201.87255144212395 ], [ -207746.879407619941048, 5346177.880285020917654 ], [ -207735.424075419810833, 5346119.378455778583884 ], [ -207706.810179547959706, 5346036.077260050922632 ], [ -207699.523539638903458, 5345991.767207820899785 ], [ -207682.344493180717109, 5345928.496306021697819 ], [ -207663.728089457494207, 5345910.975855524651706 ], [ -207597.04415224850527, 5345893.713304366916418 ], [ -207564.64394653623458, 5345870.824024496600032 ], [ -207549.471879177581286, 5345832.174031030386686 ], [ -207585.82782299516839, 5345754.255532989278436 ], [ -207712.465432319091633, 5345596.784895575605333 ], [ -207797.593673318537185, 5345303.521220822818577 ], [ -207802.412916713976301, 5345211.108711997978389 ], [ -207784.853602875227807, 5345178.845753871835768 ], [ -207730.055915615317645, 5345142.187769707292318 ], [ -207636.598638995172223, 5345086.71966852620244 ], [ -207536.984503978281282, 5345025.608081258833408 ], [ -207479.327241638937267, 5344976.539650128223002 ], [ -207419.614242262963671, 5344884.704870219342411 ], [ -207407.551773560087895, 5344760.333321717567742 ], [ -207394.606763934280025, 5344694.212929390370846 ], [ -207374.174182718707016, 5344618.967491896823049 ], [ -207412.207154665113194, 5344518.129960300400853 ], [ -207424.773566702875542, 5344482.374528002925217 ], [ -207432.641628312092507, 5344443.091686835512519 ], [ -207426.521171388740186, 5344417.037680405192077 ], [ -207375.066965034755412, 5344366.859442873857915 ], [ -207332.906377689214423, 5344327.350119043141603 ], [ -207244.919786124723032, 5344310.305100187659264 ], [ -207181.851394657162018, 5344333.219565892592072 ], [ -207155.448637830937514, 5344357.118797830305994 ], [ -207103.547706360404845, 5344426.683994544669986 ], [ -207105.049517610663315, 5344506.050681531429291 ], [ -207133.499773831223138, 5344563.792411888949573 ], [ -207147.542950233852025, 5344669.656948208808899 ], [ -207131.236648583435453, 5344820.217680584639311 ], [ -207139.342933902924415, 5345019.178979965858161 ], [ -207141.506650845491095, 5345121.643243229016662 ], [ -207116.684630788484355, 5345156.862524687312543 ], [ -207094.29349445173284, 5345170.265942975878716 ], [ -207054.563234229222871, 5345171.007709536701441 ], [ -206981.849008884542855, 5345169.581000428646803 ], [ -206925.249170388124185, 5345185.943259011954069 ], [ -206860.0158374637831, 5345209.041044232435524 ], [ -206817.729347774205962, 5345209.318749582394958 ], [ -206791.388039306650171, 5345199.104300050996244 ], [ -206785.238861954858294, 5345180.169509044848382 ], [ -206807.834380876593059, 5345151.775261458009481 ], [ -206879.274888607498724, 5345120.600254111923277 ], [ -206976.283145664376207, 5345039.609481366351247 ], [ -206981.973464075330412, 5345013.967911668121815 ], [ -206959.474347832554486, 5344991.954674437642097 ], [ -206904.209675308637088, 5344974.055334160104394 ], [ -206754.991352555312915, 5344973.409051628783345 ], [ -206731.390507312375121, 5344959.448993298225105 ], [ -206692.549801140616182, 5344916.643746606074274 ], [ -206645.906823178840568, 5344847.823046896606684 ], [ -206570.062182433612179, 5344827.009724048897624 ], [ -206523.115524900815217, 5344830.456001402810216 ], [ -206453.70370357009233, 5344869.347303768619895 ], [ -206416.142280986532569, 5344916.9212904907763 ], [ -206405.93918173838756, 5344949.550244376063347 ], [ -206397.119449802354211, 5345011.584858952090144 ], [ -206409.51465246322914, 5345065.277547550387681 ], [ -206452.945840476691956, 5345141.060306376777589 ], [ -206494.438176919153193, 5345180.983222943730652 ], [ -206551.513015682663536, 5345204.64664073754102 ], [ -206621.350300107325893, 5345250.040097754448652 ], [ -206690.386084198224125, 5345282.447655417025089 ], [ -206727.377439669216983, 5345289.719074172899127 ], [ -206755.139630117220804, 5345293.904855007305741 ], [ -206768.018738604470855, 5345307.611077822744846 ], [ -206768.012059435073752, 5345326.071364931762218 ], [ -206753.844539161247667, 5345346.976998006924987 ], [ -206732.93005587006337, 5345369.056148300878704 ], [ -206709.738198436069069, 5345372.957991557195783 ], [ -206671.10031637668726, 5345399.013755428604782 ], [ -206625.208299699646886, 5345447.18406174518168 ], [ -206603.57246610801667, 5345453.21506763715297 ], [ -206568.10963856507442, 5345451.673594645224512 ], [ -206533.856074650539085, 5345438.548094607889652 ], [ -206480.641350549645722, 5345395.644562377594411 ], [ -206454.238259764941176, 5345348.052243881858885 ], [ -206427.518465028726496, 5345285.16775377932936 ], [ -206400.899191792821512, 5345265.937208531424403 ], [ -206372.262141466722824, 5345267.524477035738528 ], [ -206346.056754097517114, 5345285.195096827112138 ], [ -206316.329885956540238, 5345316.842056956142187 ], [ -206268.129214360145852, 5345384.965682701207697 ], [ -206246.632864090352086, 5345442.195168231613934 ], [ -206246.990756253304426, 5345476.798979330807924 ], [ -206278.17568708473118, 5345542.87192007061094 ], [ -206317.329423664516071, 5345635.804355737753212 ], [ -206318.037081667367602, 5345681.013545781373978 ], [ -206295.809362343279645, 5345707.296258316375315 ], [ -206192.247949502372649, 5345776.762772811576724 ], [ -206088.957265663018916, 5345833.061128349974751 ], [ -206031.340412298712181, 5345886.671171598136425 ], [ -206011.735825455572922, 5345917.583390695042908 ], [ -205998.078705047257245, 5345986.891833239234984 ], [ -206004.745406711823307, 5346043.826969317160547 ], [ -206020.832075006881496, 5346107.530835166573524 ], [ -206049.80642339005135, 5346138.831360933370888 ], [ -206134.377621657506097, 5346176.385592197068036 ], [ -206180.150637798884418, 5346205.465232484973967 ], [ -206228.109300822368823, 5346267.65548356808722 ], [ -206248.493792017950909, 5346342.487855659797788 ], [ -206246.889121558226179, 5346429.767867632210255 ], [ -206222.047843229287537, 5346496.867949301376939 ], [ -206169.080582356371451, 5346550.406953990459442 ], [ -206144.004753860324854, 5346577.7308418629691 ], [ -206098.571596124267671, 5346618.403021396137774 ], [ -206035.009057437331649, 5346658.129536197520792 ], [ -205995.921778593561612, 5346692.198255171068013 ], [ -205978.61983541760128, 5346730.76381777971983 ], [ -205957.112909796240274, 5346797.099727428518236 ], [ -205941.34728691278724, 5346813.676750816404819 ], [ -205901.621368150197668, 5346819.068800590001047 ], [ -205867.846032768225996, 5346803.622793228365481 ], [ -205824.328349510207772, 5346762.904735030606389 ], [ -205791.380563222774072, 5346705.88866098690778 ], [ -205778.934710193658248, 5346674.725103807635605 ], [ -205785.557663298328407, 5346637.706789500080049 ], [ -205855.381923342414666, 5346577.371055176481605 ], [ -205913.991746564570349, 5346520.175537320785224 ], [ -205932.075709163444117, 5346447.261642135679722 ], [ -205919.67705559838214, 5346393.041711665689945 ], [ -205925.692092964047333, 5346287.139252621680498 ], [ -205914.946979115193244, 5346249.242063781246543 ], [ -205885.91596911122906, 5346227.425577041693032 ], [ -205851.848642704688245, 5346206.443568797782063 ], [ -205818.622223731770646, 5346183.831407492049038 ], [ -205796.395951561018592, 5346164.243207882158458 ], [ -205757.691277807083679, 5346153.452078510075808 ], [ -205721.131730640656315, 5346135.306687536649406 ], [ -205661.955959127459209, 5346085.294722282327712 ], [ -205621.094136280793464, 5346082.678883231244981 ], [ -205557.189735437510535, 5346119.946906073950231 ], [ -205505.01484670030186, 5346166.812780856154859 ], [ -205481.397303533536615, 5346202.870136337354779 ], [ -205455.158186358719831, 5346270.478684312663972 ], [ -205427.65258733718656, 5346311.454453492537141 ], [ -205407.611850729037542, 5346343.934757558628917 ], [ -205384.874844734586077, 5346351.323417332954705 ], [ -205342.104894496325869, 5346344.588468248955905 ], [ -205317.315602369606495, 5346336.464523556642234 ], [ -205302.394671782007208, 5346323.154603497125208 ], [ -205261.56724665814545, 5346293.925032907165587 ], [ -205188.06076049755211, 5346251.60985061712563 ], [ -205132.057037874386879, 5346238.362382031977177 ], [ -205077.65787439153064, 5346243.746612969785929 ], [ -205045.41507443919545, 5346233.065844194963574 ], [ -205007.313195727823768, 5346202.935979997739196 ], [ -204990.317603790550493, 5346160.528022145852447 ], [ -204955.640580533014145, 5346125.286460222676396 ], [ -204935.232600924937287, 5346127.047725480049849 ], [ -204891.705566829739837, 5346146.014537004753947 ], [ -204810.412059649213916, 5346198.974208923988044 ], [ -204675.032864671840798, 5346281.320974732749164 ], [ -204517.138634764414746, 5346365.533511322923005 ], [ -204418.998815083614318, 5346432.281140527687967 ], [ -204387.551504212606233, 5346446.092619186267257 ], [ -204367.743425340217073, 5346440.115815964527428 ], [ -204349.362573659425834, 5346419.093149208463728 ], [ -204332.341934836644214, 5346376.043326980434358 ], [ -204335.899037845490966, 5346336.67718177754432 ], [ -204312.442573981912574, 5346257.098278631456196 ], [ -204311.440030647965614, 5346183.521591550670564 ], [ -204292.059863898321055, 5346158.645299368537962 ], [ -204271.113877191179199, 5346155.562272892333567 ], [ -204227.915792191313813, 5346156.371183413080871 ], [ -204180.111751940450631, 5346198.212347692809999 ], [ -204153.336186139378697, 5346237.109667302109301 ], [ -204146.821880857722135, 5346270.217141004279256 ], [ -204151.551178104535211, 5346307.530676295049489 ], [ -204184.716705316182924, 5346363.018575944937766 ], [ -204205.361461481108563, 5346401.756019713357091 ], [ -204248.487188811937813, 5346442.07696842122823 ], [ -204262.81133560926537, 5346461.384343151934445 ], [ -204267.134094075590838, 5346494.519807991571724 ], [ -204264.375819732842501, 5346533.76562265958637 ], [ -204245.386050437460653, 5346571.746009826660156 ], [ -204229.372741686849622, 5346597.690698530524969 ], [ -204233.573160032974556, 5346642.035105790011585 ], [ -204256.121145532029914, 5346694.688071141019464 ], [ -204283.445293783792295, 5346755.207594304345548 ], [ -204296.078608835319756, 5346798.42172650527209 ], [ -204289.194722844200442, 5346832.112064718268812 ], [ -204251.530107092723483, 5346874.622846616432071 ], [ -204206.286303810629761, 5346906.376960397697985 ], [ -204178.523556765314424, 5346904.984819498844445 ], [ -204164.624316464381991, 5346896.505017556250095 ], [ -204135.691156292770756, 5346870.577829991467297 ], [ -204099.680525535572087, 5346837.246385429054499 ], [ -204080.189373253582744, 5346805.187712471932173 ], [ -204068.894786398188444, 5346746.191523659974337 ], [ -204046.604171561659314, 5346698.553803185001016 ], [ -204017.008660420047818, 5346671.91828045155853 ], [ -203976.389291424304247, 5346658.558381203562021 ], [ -203943.135487856721738, 5346665.767013611271977 ], [ -203869.581690912484191, 5346757.931331193074584 ], [ -203831.852175897976849, 5346816.767481368966401 ], [ -203798.2507215605292, 5346853.319763991050422 ], [ -203788.916582257399568, 5346883.829559122212231 ], [ -203779.671275908011012, 5346907.956869455985725 ], [ -203755.342289875727147, 5346918.46729728858918 ], [ -203733.081508662784472, 5346917.516845141537488 ], [ -203685.87848234269768, 5346879.830219903029501 ], [ -203641.739858965214808, 5346850.484622480347753 ], [ -203557.724812873726478, 5346815.231282738037407 ], [ -203524.963932011305587, 5346793.725597960874438 ], [ -203463.06205748784123, 5346764.794607795774937 ], [ -203371.492648112209281, 5346766.057476906105876 ], [ -203306.575462541688466, 5346770.883300725370646 ], [ -203230.718354013486532, 5346785.120007375255227 ], [ -203217.371926303778309, 5346830.211483704857528 ], [ -203176.830369632225484, 5346904.221831040456891 ], [ -203128.389025296608452, 5346940.887056994251907 ], [ -203083.104479080880992, 5346978.391048985533416 ], [ -203067.231098930235021, 5347008.760388204827905 ], [ -203049.800693061843049, 5347063.940787607803941 ], [ -203009.885085887101013, 5347101.700119338929653 ], [ -203002.586534792586463, 5347116.610500275157392 ], [ -202998.582484028302133, 5347121.294721663929522 ], [ -202982.015472130500712, 5347123.036466090008616 ], [ -202963.828427683212794, 5347127.915491197258234 ], [ -202933.97877414393588, 5347150.013989838771522 ], [ -202920.842962910799542, 5347162.499287378042936 ], [ -202921.668174296006327, 5347173.865448190830648 ], [ -202926.599405099259457, 5347190.720142802223563 ], [ -202920.099014753854135, 5347198.033387112431228 ], [ -202917.683938401169144, 5347212.315971493721008 ], [ -202899.664763745793607, 5347237.916536301374435 ], [ -202884.976268255180912, 5347251.998420092277229 ], [ -202883.866412932082312, 5347278.590988218784332 ], [ -202882.367050710570766, 5347301.278382013551891 ], [ -202900.524038895266131, 5347320.4095403784886 ], [ -202918.509038466814673, 5347351.728810753673315 ], [ -202917.234207658329979, 5347395.601329237222672 ], [ -202932.127308372990228, 5347447.522872042842209 ], [ -202928.927652249141829, 5347480.776286105625331 ], [ -202907.265213299338939, 5347493.790071769617498 ], [ -202876.532907517510466, 5347485.128676811233163 ], [ -202856.739522818039404, 5347476.230617565102875 ], [ -202839.60867769937613, 5347486.453829381614923 ], [ -202838.213733160257107, 5347510.176888356916606 ], [ -202825.343196273606736, 5347540.738645723089576 ], [ -202812.863724758295575, 5347591.978932938538492 ], [ -202804.305816264502937, 5347629.836054305545986 ], [ -202804.445076947537018, 5347650.069527065381408 ], [ -202813.183768294256879, 5347673.06708028819412 ], [ -202824.759214224934112, 5347698.376769637688994 ], [ -202850.818439102789853, 5347726.797576480545104 ], [ -202854.446786585700465, 5347742.278730080462992 ], [ -202857.629299507825635, 5347755.342692393809557 ], [ -202856.515881961095147, 5347783.293368715792894 ], [ -202849.854523631976917, 5347795.495009901933372 ], [ -202847.394585524511058, 5347811.755689644254744 ], [ -202848.134971457591746, 5347825.963275731541216 ], [ -202852.221843923063716, 5347839.091071540489793 ], [ -202868.265654214221286, 5347853.941820228472352 ], [ -202875.760127612447832, 5347864.835766221396625 ], [ -202876.215869607840432, 5347917.584116093814373 ], [ -202874.916659830661956, 5347942.019395614974201 ], [ -202864.286316376936156, 5347953.985324305482209 ], [ -202831.963700349617284, 5347976.082421925850213 ], [ -202784.657369542110246, 5348006.760613470338285 ], [ -202759.941993557178648, 5348039.518967512995005 ], [ -202749.444231616915204, 5348082.14527824614197 ], [ -202716.694594023021637, 5348136.678660799749196 ], [ -202708.132232749689138, 5348149.924857427366078 ], [ -202687.592005586455343, 5348148.48791257571429 ], [ -202657.717305161728291, 5348133.934045224450529 ], [ -202633.626431520126062, 5348136.331496375612915 ], [ -202606.028214682155522, 5348150.578694910742342 ], [ -202590.834662661829498, 5348161.565432978793979 ], [ -202583.411656376672909, 5348170.57126123458147 ], [ -202583.633182163408492, 5348186.556482682935894 ], [ -202578.182311977288919, 5348196.701475673355162 ], [ -202576.410105683724396, 5348204.535343746654689 ], [ -202582.171223290846683, 5348217.001426989212632 ], [ -202581.087305408902466, 5348226.512780252844095 ], [ -202569.4254755533766, 5348245.400743653066456 ], [ -202563.255704095819965, 5348261.984929695725441 ], [ -202558.49456947442377, 5348298.676894969306886 ], [ -202555.27543243978289, 5348306.071537255309522 ], [ -202544.454955295746913, 5348316.03665713313967 ], [ -202540.830392675416078, 5348320.598321720026433 ], [ -202540.49777003689087, 5348333.688002610579133 ], [ -202537.57385229182546, 5348342.167432624846697 ], [ -202520.245415076846257, 5348362.436987302266061 ], [ -202515.214998607436428, 5348372.325764955021441 ], [ -202512.177757620607736, 5348388.04040886182338 ], [ -202510.379613885947037, 5348416.06373365689069 ], [ -202505.566827020957135, 5348421.633660669438541 ], [ -202498.297775591694517, 5348423.163095273077488 ], [ -202481.584823841287289, 5348422.926246059127152 ], [ -202469.803882130770944, 5348419.197934584692121 ], [ -202460.84488951167441, 5348414.619413052685559 ], [ -202450.826024020760087, 5348411.806411373429 ], [ -202440.887753841234371, 5348413.742918984033167 ], [ -202427.643740063038422, 5348419.341877726837993 ], [ -202411.105559913383331, 5348422.656543570570648 ], [ -202401.527742245001718, 5348419.998484637588263 ], [ -202351.143204878084362, 5348384.414338112808764 ], [ -202340.147176897124154, 5348377.433124455623329 ], [ -202330.198442685301416, 5348362.82663993537426 ], [ -202328.377033177035628, 5348352.471817757934332 ], [ -202327.491931905678939, 5348337.313595191575587 ], [ -202323.530961784301326, 5348324.781492196954787 ], [ -202310.60175952600548, 5348308.717186533845961 ], [ -202296.748382855235832, 5348290.353670009411871 ], [ -202281.966712950816145, 5348271.03379285056144 ], [ -202261.51487346336944, 5348270.271150861866772 ], [ -202232.569022869953187, 5348288.026927324011922 ], [ -202217.548016060201917, 5348302.441525522619486 ], [ -202209.866748556378298, 5348342.40000125579536 ], [ -202208.115136368724052, 5348381.514704969711602 ], [ -202201.798757141572423, 5348403.704806244932115 ], [ -202184.6456481248606, 5348428.149001871235669 ], [ -202167.687904814287322, 5348438.74702287837863 ], [ -202142.040339413477341, 5348426.941834319382906 ], [ -202104.390529154392425, 5348414.965823824517429 ], [ -202084.916854032373521, 5348398.728845096193254 ], [ -202045.885123614541953, 5348367.579944955185056 ], [ -202000.426585034758318, 5348368.133252006024122 ], [ -201960.80319152327138, 5348378.967594371177256 ], [ -201927.680410996312276, 5348395.292401792481542 ], [ -201875.610719177668216, 5348398.15062892716378 ], [ -201836.46165801648749, 5348404.256892994977534 ], [ -201805.466972195048584, 5348439.208192008547485 ], [ -201791.582982664258452, 5348490.600424306467175 ], [ -201780.137335259845713, 5348496.436585962772369 ], [ -201765.35076729778666, 5348484.827834004536271 ], [ -201714.817729730100837, 5348457.072630458511412 ], [ -201630.713628046010854, 5348468.121464099735022 ], [ -201348.4858796352637, 5348457.966701357625425 ], [ -201212.21323442470748, 5348488.169570006430149 ], [ -201093.860021605796646, 5348546.184920288622379 ], [ -200980.847583996510366, 5348657.863764422014356 ], [ -200826.687455088365823, 5349238.75716616678983 ], [ -200537.445576882135356, 5349353.467580148950219 ], [ -200479.004959286015946, 5349297.008258207701147 ], [ -200417.750518921180628, 5349287.595297167077661 ], [ -200331.04209774985793, 5349299.700646480545402 ], [ -200253.338978105952265, 5349318.308985969051719 ], [ -200165.378880580159603, 5349346.345655676908791 ], [ -200080.343702674959786, 5349383.419822847470641 ], [ -200013.426773771876469, 5349433.645424325019121 ], [ -199929.737225871562259, 5349477.354605423286557 ], [ -199845.910309719474753, 5349539.667730515822768 ], [ -199815.736827781511238, 5349632.874040823429823 ], [ -199851.890058806311572, 5349980.174102804623544 ], [ -199844.530281992047094, 5350110.800413116812706 ], [ -199835.601902232971042, 5350255.167434795759618 ], [ -199856.698058933252469, 5350409.604471482336521 ], [ -199913.806738822022453, 5350634.751685315743089 ], [ -199588.889969442912843, 5351104.855279348790646 ], [ -199649.451223338663112, 5351280.523284468799829 ], [ -199669.280675553163746, 5351523.045234663411975 ], [ -199703.041094123444054, 5351750.634886807762086 ], [ -199847.046325122908456, 5352037.635660923086107 ], [ -199840.965275299444329, 5352270.166396539658308 ], [ -199532.312172205769457, 5352845.201941745355725 ], [ -199439.026327601459343, 5353036.566435540094972 ], [ -199415.498173985804897, 5353146.351281370967627 ], [ -199513.0975375387643, 5353322.596139965578914 ], [ -199568.674015956377843, 5353368.830631867051125 ], [ -199620.795693977212068, 5353464.573652118444443 ], [ -199645.745620129164308, 5353542.027254991233349 ], [ -199697.406992055475712, 5354147.142927166074514 ], [ -199368.629996694100555, 5354304.830289411358535 ], [ -199154.202942623844137, 5354428.376823247410357 ], [ -198876.651837340963539, 5354647.376976205967367 ], [ -198699.314433852239745, 5354955.956596972420812 ], [ -198505.70200948996353, 5355534.18358357809484 ], [ -198509.702498030645074, 5355731.148029088973999 ], [ -197393.227672621113015, 5356078.290533582679927 ], [ -197098.826581294648349, 5356036.767224311828613 ], [ -196516.629874586535152, 5355692.161312497220933 ], [ -196445.601471610483713, 5355670.452973199076951 ], [ -196327.903485314222053, 5355743.062500393949449 ], [ -196348.714998076495249, 5355820.483079159632325 ], [ -196331.867572381481295, 5355846.395908031612635 ], [ -196189.351796168630244, 5355926.898563956841826 ], [ -196082.634921041753842, 5355906.033232420682907 ], [ -196024.151779400184751, 5356056.635277925990522 ], [ -196081.605994988261955, 5356068.506580644287169 ], [ -196071.848952939733863, 5356171.639590688049793 ], [ -195879.667540631868178, 5356177.040123379789293 ], [ -195835.544056704937248, 5356191.530107744969428 ], [ -195780.838764622545568, 5356271.961118442006409 ], [ -195733.930178355571115, 5356289.163402434438467 ], [ -195618.917886094161076, 5356272.299257466569543 ], [ -195570.718772970547434, 5356283.973243307322264 ], [ -195500.181622907344718, 5356321.477434699423611 ], [ -195410.887249964958755, 5356328.405271226540208 ], [ -195394.463840210228227, 5356233.142045069485903 ], [ -195367.578847349737771, 5356195.559296091087162 ], [ -195303.961094195285114, 5356136.771491512656212 ], [ -195253.059589113196125, 5356145.648930561728776 ], [ -195124.146498077985598, 5356233.227076508104801 ], [ -195061.285717460821616, 5356308.023691535927355 ], [ -194992.282327341876226, 5356334.530505237169564 ], [ -194997.029547026730143, 5356476.441733854822814 ], [ -194915.841793362400495, 5356491.749029088765383 ], [ -194849.901915629889118, 5356680.801126609556377 ], [ -194713.15716445891303, 5356740.718180007301271 ], [ -194562.347863543254789, 5356731.565182499587536 ], [ -194447.510454201954417, 5356794.562538030557334 ], [ -194327.37768800300546, 5356752.815946441143751 ], [ -194255.707639482134255, 5356773.769896315410733 ], [ -194204.121185573050752, 5356828.077866055071354 ], [ -194168.213747983827488, 5356934.95469253975898 ], [ -194092.033812932204455, 5356982.006133678369224 ], [ -194037.258612209494459, 5356974.293348059989512 ], [ -193807.486500291823177, 5356831.727417041547596 ], [ -193781.171463224338368, 5356847.855231597088277 ], [ -193741.356488869292662, 5357031.793429147452116 ], [ -193599.310814866097644, 5356986.953038332983851 ], [ -193465.729318345547654, 5357017.983974076807499 ], [ -193437.812282486003824, 5357049.236481556668878 ], [ -193385.655316186632263, 5357049.823647640645504 ], [ -193397.0224833500979, 5356932.935808459296823 ], [ -193380.890508022130234, 5356910.656839969567955 ], [ -193273.833997128822375, 5356911.788788800127804 ], [ -193150.999284249497578, 5356867.233912440016866 ], [ -193124.204348856932484, 5356915.028019974939525 ], [ -192958.421685873618117, 5356988.254920182749629 ], [ -192940.920035531220492, 5356875.061317877843976 ], [ -192715.293795409088489, 5356822.052332347258925 ], [ -192598.509408173820702, 5356831.291373470798135 ], [ -192541.032706048514228, 5356820.775556557811797 ], [ -192512.463115333870519, 5356802.193043901585042 ], [ -192509.634375753230415, 5356893.490878076292574 ], [ -192521.899779887869954, 5356973.903946463018656 ], [ -192600.367219155654311, 5357099.513266160152853 ], [ -192586.277733844908653, 5357108.224298319779336 ], [ -192043.755961572460365, 5357493.70076400693506 ], [ -191881.035029863880482, 5357725.209709152579308 ], [ -191877.029531946143834, 5357728.584592205472291 ], [ -191866.119219973013969, 5357735.410841460339725 ], [ -191842.920349411171628, 5357741.57279456499964 ], [ -191819.561290101992199, 5357736.686060264706612 ], [ -191786.126481042272644, 5357732.29399757552892 ], [ -191757.069088319083676, 5357731.217931831255555 ], [ -191736.361547961161705, 5357734.856518263928592 ], [ -191706.40870125379297, 5357746.708090016618371 ], [ -191676.951448919600807, 5357762.663270546123385 ], [ -191662.311488727107644, 5357781.056961583904922 ], [ -191648.582121968938736, 5357804.480168039910495 ], [ -191637.377369942667428, 5357813.095036702230573 ], [ -191622.385640159074683, 5357816.741303183138371 ], [ -191597.570967188366922, 5357822.821017490699887 ], [ -191576.500525290466612, 5357834.850900418125093 ], [ -191561.008748354186537, 5357844.183488944545388 ], [ -191540.014560307608917, 5357850.268574822694063 ], [ -191514.029808169143507, 5357852.486660131253302 ], [ -191498.612392652808921, 5357852.965427664108574 ], [ -191479.662809693574673, 5357847.820589968934655 ], [ -191437.864678610028932, 5357840.201615992933512 ], [ -191372.212227802723646, 5357836.109460149891675 ], [ -191354.763454218453262, 5357831.774251827038825 ], [ -191318.29763806326082, 5357829.367265254259109 ], [ -191282.879449636093341, 5357828.821961124427617 ], [ -191256.988094550382812, 5357824.565530808642507 ], [ -190779.386958752700593, 5357734.833574421703815 ], [ -190771.730404175963486, 5357732.221648019738495 ], [ -190764.499424012436066, 5357730.831098842434585 ], [ -190752.519331732793944, 5357734.072144877165556 ], [ -190742.575606898142723, 5357739.076656236313283 ], [ -190733.533124661014881, 5357746.467026432044804 ], [ -190730.048824599245563, 5357753.491523984819651 ], [ -190728.227526410395512, 5357759.713449133560061 ], [ -190726.146519849484321, 5357768.19030687212944 ], [ -190723.375332445692038, 5357780.082761339843273 ], [ -190725.423054478829727, 5357786.677926152013242 ], [ -190725.419046977185644, 5357791.14618853200227 ], [ -190723.695932579081273, 5357793.41626610327512 ], [ -190720.437833722593496, 5357795.474341760389507 ], [ -190713.500514375860803, 5357795.254079463891685 ], [ -190710.036474461317994, 5357796.066449674777687 ], [ -190706.634216864098562, 5357797.745797028765082 ], [ -190697.823390487348661, 5357803.483174290508032 ], [ -190691.604972412169445, 5357810.201947514899075 ], [ -190687.110225332377013, 5357814.612861103378236 ], [ -190678.56689969211584, 5357818.810550104826689 ], [ -190671.271688182314392, 5357824.797265833243728 ], [ -190665.965533334208885, 5357828.292106035165489 ], [ -190663.231971918285126, 5357832.843293025158346 ], [ -190661.237794560292969, 5357841.633022030815482 ], [ -190658.43877728364896, 5357850.578167554922402 ], [ -190658.776186660397798, 5357857.925338405184448 ], [ -190655.284873470576713, 5357860.506860869005322 ], [ -190644.022791906521888, 5357862.08190043643117 ], [ -190640.100783606845653, 5357864.714971938170493 ], [ -190633.687779061758192, 5357874.329803899861872 ], [ -190630.574506862816634, 5357876.729001084342599 ], [ -190624.431006804807112, 5357879.604520414024591 ], [ -190622.492043914302485, 5357882.665735728107393 ], [ -190619.561335680191405, 5357889.058758221566677 ], [ -190616.412775202537887, 5357893.754217687994242 ], [ -190612.808027451712405, 5357905.230623829178512 ], [ -190607.711598524183501, 5357913.417445531114936 ], [ -190600.110703692713287, 5357919.443839313462377 ], [ -190584.03038060865947, 5357929.473867084830999 ], [ -190565.358317140053259, 5357950.683926967903972 ], [ -190533.002527904551243, 5357976.892556049861014 ], [ -190506.942746429354884, 5358002.576747690327466 ], [ -190428.471188340306981, 5358071.390772282145917 ], [ -190343.741805076395394, 5358147.127461043186486 ], [ -190331.382781250082189, 5358166.506401862949133 ], [ -190326.742762234818656, 5358179.990673533640802 ], [ -190325.460361700796057, 5358186.522334981709719 ], [ -190328.023159017873695, 5358191.871111371554434 ], [ -190332.146544276329223, 5358198.204230571165681 ], [ -190332.61007863614941, 5358204.649937545880675 ], [ -190329.573282927158289, 5358208.161134972237051 ], [ -190326.144419971795287, 5358211.553172605112195 ], [ -190323.993950048636179, 5358215.981714784167707 ], [ -190322.30979747249512, 5358223.015439073555171 ], [ -190320.366381802159594, 5358224.962096865288913 ], [ -190316.293980870425003, 5358227.781890901736915 ], [ -190258.988154163380386, 5358466.337818555533886 ], [ -190212.134893683425616, 5358610.052092920988798 ], [ -190101.461278575734468, 5358725.130970454774797 ], [ -190018.18583918112563, 5358808.106631903909147 ], [ -189890.287647943536285, 5358946.830967985093594 ], [ -189814.69180626020534, 5358974.668115915730596 ], [ -189629.137911156052724, 5359147.435243573971093 ], [ -189599.115601086436072, 5359151.981874826364219 ], [ -189569.015590012335451, 5359148.7143276007846 ], [ -189552.862686620414024, 5359145.146018642932177 ], [ -189536.143946256604977, 5359147.879656795412302 ], [ -189517.909368386783171, 5359153.860344018787146 ], [ -189494.002394543931587, 5359151.359237106516957 ], [ -189474.593173407280119, 5359143.871830535121262 ], [ -189461.127745161851635, 5359143.316352497786283 ], [ -189412.535340277187061, 5359142.828951529227197 ], [ -189392.220980360842077, 5359146.351823898032308 ], [ -189359.095082888001343, 5359147.437997257336974 ], [ -189304.719630456733285, 5359156.386540709994733 ], [ -189259.647147870913614, 5359175.458101047202945 ], [ -189244.000525523006218, 5359193.563613248057663 ], [ -189224.77342307305662, 5359226.395337929017842 ], [ -189120.998388129402883, 5359302.809212702326477 ], [ -189050.751002700708341, 5359361.290715564973652 ], [ -189001.702187903865706, 5359403.110059945844114 ], [ -188963.912449044873938, 5359444.503676428459585 ], [ -188935.651324639038648, 5359463.425288156606257 ], [ -188912.339019516133703, 5359476.230798853561282 ], [ -188897.868821546901017, 5359486.81831044331193 ], [ -188896.51896140165627, 5359491.773126200772822 ], [ -188894.308712911908515, 5359499.885615772567689 ], [ -188888.904485592385754, 5359512.470567731186748 ], [ -188885.398478229850298, 5359518.582600419409573 ], [ -188883.596104354335694, 5359524.029749657958746 ], [ -188884.420313864276977, 5359534.769386288709939 ], [ -188870.640742015879368, 5359536.6193239511922 ], [ -188852.354845860711066, 5359546.937797099351883 ], [ -188813.753921872208593, 5359566.242854875512421 ], [ -188791.679378167376854, 5359591.17628073785454 ], [ -188771.84970331392833, 5359604.943507587537169 ], [ -188734.929035719513195, 5359622.320399828255177 ], [ -188700.605340525595238, 5359621.535561243072152 ], [ -188660.897121562273242, 5359614.030488195829093 ], [ -188492.993710959708551, 5359590.09541017562151 ], [ -188426.13622666473384, 5359572.23008375801146 ], [ -188382.873798999266, 5359564.308920342475176 ], [ -188342.02477789419936, 5359547.43072684854269 ], [ -188289.98848192289006, 5359517.336205000989139 ], [ -188222.037060991919134, 5359509.893329246900976 ], [ -188181.945012424286688, 5359508.932869783602655 ], [ -188151.36354455241235, 5359502.840119927190244 ], [ -188127.447442511416739, 5359491.87991171143949 ], [ -188107.193529078562278, 5359473.787893476895988 ], [ -188090.186805192061001, 5359454.643664243631065 ], [ -188071.186905823007692, 5359426.47508689481765 ], [ -188058.306906779878773, 5359415.02036308683455 ], [ -188024.840928262536181, 5359390.355747331865132 ], [ -187994.294637349870754, 5359369.122209328226745 ], [ -187943.083886722277384, 5359335.668707488104701 ], [ -187898.784518000145908, 5359308.041291870176792 ], [ -187870.809484685916686, 5359268.137583534233272 ], [ -187834.046334170881892, 5359224.674732994288206 ], [ -187753.553770726604853, 5359193.718278991989791 ], [ -187695.843408989923773, 5359185.141600769944489 ], [ -187640.704861449194141, 5359185.048434250988066 ], [ -187581.120324765710393, 5359196.563150049187243 ], [ -187542.508157508680597, 5359207.486600176431239 ], [ -187507.199507460230961, 5359226.125016138888896 ], [ -187507.199173501867335, 5359226.125169122591615 ], [ -187446.938927509181667, 5359276.503066995181143 ], [ -187402.821343515446642, 5359297.369689307175577 ], [ -187341.568572942953324, 5359352.516684407368302 ], [ -187340.909227599011501, 5359352.885226593352854 ], [ -187317.470240895519964, 5359365.986306540668011 ], [ -187282.513805716153001, 5359376.500412330962718 ], [ -187252.008257737034, 5359382.089908328838646 ], [ -187229.597751809109468, 5359373.115752003155649 ], [ -187202.094935774541227, 5359351.324927082285285 ], [ -187170.535637495719129, 5359322.061136763542891 ], [ -187145.421292455866933, 5359302.578511736355722 ], [ -187124.542542721086647, 5359298.597085142508149 ], [ -187040.991698906203965, 5359310.312351711094379 ], [ -187024.883768588450039, 5359312.539046486839652 ], [ -186761.818779961846303, 5359446.152724088169634 ], [ -186559.90548381023109, 5359506.585879342630506 ], [ -186380.184618704137392, 5359561.031589906662703 ], [ -185727.49417653423734, 5360017.621572436764836 ], [ -185712.01664849271765, 5360015.445044630207121 ], [ -185453.94979368330678, 5359937.194113620556891 ], [ -185426.941458827030146, 5359922.919828567653894 ], [ -185395.796269053826109, 5359919.546290945261717 ], [ -185384.897979585686699, 5359914.304381988011301 ], [ -185378.063964726345148, 5359900.607227552682161 ], [ -185356.658673800295219, 5359878.076510361395776 ], [ -185338.695938126853434, 5359860.08288068510592 ], [ -185319.315771377179772, 5359855.308248363435268 ], [ -185300.351939523097826, 5359855.862086002714932 ], [ -185268.257973729923833, 5359848.852676420472562 ], [ -185247.197995864262339, 5359848.363402541726828 ], [ -185217.310938975948375, 5359849.846064650453627 ], [ -185169.609757934726076, 5359856.951402122154832 ], [ -185140.917493141227169, 5359850.131550954654813 ], [ -185116.315106439462397, 5359844.316872933879495 ], [ -185090.728210161119932, 5359841.700376105494797 ], [ -185042.066453233623179, 5359840.467247814871371 ], [ -184995.593237495369976, 5359846.053503878414631 ], [ -184931.691842278349213, 5359848.68468932621181 ], [ -184907.795109828730347, 5359849.951477330178022 ], [ -184890.270527671091259, 5359844.227218662388623 ], [ -184859.956671855237801, 5359829.422801221720874 ], [ -184839.529879253095714, 5359818.5757289910689 ], [ -184811.81299583800137, 5359811.600923960097134 ], [ -184790.437538535246858, 5359814.883697474375367 ], [ -184769.347504407051019, 5359817.964827104471624 ], [ -184744.993360169726657, 5359821.868908513337374 ], [ -184709.436578976572491, 5359820.174661211669445 ], [ -184682.037846666149562, 5359826.974907256662846 ], [ -184589.999114317266503, 5359800.470529637299478 ], [ -184567.086223527177935, 5359792.424023672007024 ], [ -184548.373417124763364, 5359787.407238647341728 ], [ -184534.902088946459116, 5359786.908635445870459 ], [ -184505.62428363141953, 5359775.966910448856652 ], [ -184477.974303230206715, 5359775.520784290507436 ], [ -184443.81068546421011, 5359755.683950134553015 ], [ -184421.926832047058269, 5359731.637129442766309 ], [ -184394.400638919643825, 5359723.478540170006454 ], [ -184365.647037086717319, 5359724.667285360395908 ], [ -184325.871024553431198, 5359696.474176318384707 ], [ -184290.715772763564019, 5359693.702282076701522 ], [ -184204.01915145831299, 5359658.853409092873335 ], [ -184187.203229179052869, 5359630.867189270444214 ], [ -184163.827360626833979, 5359632.693279588595033 ], [ -184157.806089369871188, 5359605.045551718212664 ], [ -184143.593150743748993, 5359595.448665729723871 ], [ -184111.571319980779663, 5359554.156420832499862 ], [ -184092.501511971437139, 5359495.741172575391829 ], [ -184066.756875974679133, 5359392.540084096603096 ], [ -184035.183774078934221, 5359345.745852587744594 ], [ -184012.304390455712564, 5359316.724102024920285 ], [ -183950.207150225847727, 5359281.532121089287102 ], [ -183935.674835980957141, 5359257.629872614517808 ], [ -183925.646842291782377, 5359211.184815811924636 ], [ -183904.59977748701931, 5359210.185376487672329 ], [ -183741.792573172919219, 5359145.900985503569245 ], [ -183669.752943942585262, 5359088.025571940466762 ], [ -183549.43004405341344, 5359012.45775852445513 ], [ -183497.425140178442234, 5358998.010802119970322 ], [ -183466.535762595187407, 5358959.655654542148113 ], [ -183429.507449053111486, 5358933.896919373422861 ], [ -183370.925455703574698, 5358888.236267464235425 ], [ -183319.344790408096742, 5358864.846433791331947 ], [ -183270.52351265042671, 5358844.288113227114081 ], [ -183220.502210781996837, 5358817.682359404861927 ], [ -183186.274584308790509, 5358797.516986537724733 ], [ -183123.427941267029382, 5358779.971985097043216 ], [ -183077.066045019426383, 5358772.164545821025968 ], [ -183039.974502006632974, 5358767.073811961337924 ], [ -183023.731763785413932, 5358760.44123762473464 ], [ -182976.847222528624116, 5358774.55678478255868 ], [ -182919.032220470631728, 5358785.738268985413015 ], [ -182793.122529297077563, 5358832.731917953118682 ], [ -182776.931999917171197, 5358849.551753673702478 ], [ -182776.55907962290803, 5358856.230896694585681 ], [ -182774.571804073319072, 5358859.708532142452896 ], [ -182735.792434941075044, 5358878.817728438414633 ], [ -182694.983822811220307, 5358893.404015584848821 ], [ -182660.062007993459702, 5358901.654734279960394 ], [ -182614.37849272263702, 5358910.358734902925789 ], [ -182573.658045629505068, 5358914.649623421952128 ], [ -182519.301183553121518, 5358946.802666894160211 ], [ -182487.019087820546702, 5358972.707991975359619 ], [ -182449.423601472924929, 5358987.512575224973261 ], [ -182422.164241164864507, 5359008.543767300434411 ], [ -182394.083788292831741, 5359012.489884310401976 ], [ -182362.511242994456552, 5359028.494201662950218 ], [ -182332.436501444812166, 5359046.614572779275477 ], [ -182301.270383607392432, 5359064.918556176126003 ], [ -182279.730396097380435, 5359078.229885272681713 ], [ -182256.86014067241922, 5359084.427760911174119 ], [ -182210.803705107478891, 5359095.184635637328029 ], [ -182165.566247036505956, 5359105.954832199029624 ], [ -182159.752363990846789, 5359110.793026033788919 ], [ -182152.326908676826861, 5359113.960356972180307 ], [ -182143.276745394861791, 5359116.278640745207667 ], [ -182105.638401043310296, 5359113.195142936892807 ], [ -182093.271696172072552, 5359117.92579441331327 ], [ -182077.561733033857308, 5359126.712913631461561 ], [ -182072.33316787079093, 5359128.554968038573861 ], [ -182053.144025367277209, 5359126.862835826352239 ], [ -182041.628469322691672, 5359119.545717627741396 ], [ -182026.145931904175086, 5359114.358415158465505 ], [ -182021.806475514138583, 5359112.573731665499508 ], [ -182017.216216311237076, 5359109.278508625924587 ], [ -182005.748861606174614, 5359109.090341328643262 ], [ -181997.240601605415577, 5359103.905645379796624 ], [ -181990.762363838555757, 5359103.65597964823246 ], [ -181981.107624402124202, 5359102.783832434564829 ], [ -181973.9572395500727, 5359100.768761165440083 ], [ -181970.168703319854103, 5359099.31452005263418 ], [ -181960.953119274432538, 5359092.732957458123565 ], [ -181956.88439188603661, 5359091.021709110587835 ], [ -181951.231031546136364, 5359085.995664697140455 ], [ -181949.525950905575883, 5359083.837712691165507 ], [ -181940.51552868183353, 5359074.236316265538335 ], [ -181931.088660242967308, 5359065.109170271083713 ], [ -181926.556843772908906, 5359061.420650523155928 ], [ -181923.783763937652111, 5359060.878180776722729 ], [ -181912.396893224387895, 5359055.757763586007059 ], [ -181910.202229463349795, 5359054.264672432094812 ], [ -181880.921307202574098, 5359026.463083576411009 ], [ -181876.434909084637184, 5359020.650297443382442 ], [ -181850.104175968910567, 5359007.045788371935487 ], [ -181823.878528452361934, 5358957.281572468578815 ], [ -181815.915622637054184, 5358943.17293793335557 ], [ -181801.306163984787418, 5358934.71076587215066 ], [ -181786.62980231855181, 5358930.358523677103221 ], [ -181773.792661279177992, 5358913.703299447894096 ], [ -181768.233477228466654, 5358902.923076025210321 ], [ -181761.788078711600974, 5358896.239463104866445 ], [ -181761.935577036842005, 5358887.197394550777972 ], [ -181770.287210514128674, 5358877.468005827628076 ], [ -181777.77956884203013, 5358870.191164009273052 ], [ -181776.248703204648336, 5358863.588193755596876 ], [ -181756.738403970259242, 5358854.223374744877219 ], [ -181733.884846468805335, 5358848.91460336279124 ], [ -181710.064701828843681, 5358852.634246191941202 ], [ -181705.929071426420705, 5358855.032930904068053 ], [ -181696.113697964668972, 5358854.049286525696516 ], [ -181681.988256458367687, 5358866.150414285250008 ], [ -181666.519745295867324, 5358860.140540434978902 ], [ -181643.679657452710671, 5358854.009512415155768 ], [ -181625.633209522231482, 5358855.357242913916707 ], [ -181608.446148060698761, 5358854.25244044046849 ], [ -181589.701392964547267, 5358848.188573313876987 ], [ -181573.807307388546178, 5358842.251222239807248 ], [ -181559.611734603211517, 5358852.60502752289176 ], [ -181543.38435847175424, 5358853.630893494933844 ], [ -181537.117293779127067, 5358849.541504196822643 ], [ -181533.492842478328384, 5358841.401434208266437 ], [ -181522.431135997641832, 5358838.16841596364975 ], [ -181508.078602730296552, 5358836.350589454174042 ], [ -181498.290502543764887, 5358838.666050427593291 ], [ -181474.529468553431798, 5358839.676923104561865 ], [ -181450.938976023055147, 5358831.744451510719955 ], [ -181438.067103302601026, 5358811.064893655478954 ], [ -181416.941224298265297, 5358783.089639070443809 ], [ -181411.005001132143661, 5358776.933726750314236 ], [ -181396.784826739312848, 5358773.945798509754241 ], [ -181383.428046317014378, 5358785.291425452567637 ], [ -181360.815940791188041, 5358792.078676580451429 ], [ -181320.397503476473503, 5358802.264457806013525 ], [ -181307.07311702601146, 5358806.600271557457745 ], [ -181296.030112219828879, 5358810.275075308047235 ], [ -181293.726021399284946, 5358816.848942125216126 ], [ -181264.89037710177945, 5358818.643359375186265 ], [ -181247.973933322296944, 5358815.690449399873614 ], [ -181229.526401266484754, 5358809.755260751582682 ], [ -181220.897693576611346, 5358804.833545383997262 ], [ -181196.796467222477077, 5358796.741702098399401 ], [ -181175.501382592134178, 5358790.4081752570346 ], [ -181163.347965865395963, 5358788.251974589191377 ], [ -181143.674806215829449, 5358786.798547233454883 ], [ -181132.749354791973019, 5358786.770093651488423 ], [ -181113.51835616005701, 5358789.33229301776737 ], [ -181108.086187648179475, 5358794.573567803949118 ], [ -181092.385241388750728, 5358800.754426968283951 ], [ -181078.543107986683026, 5358803.277315220795572 ], [ -181060.149788522947347, 5358806.187693770974874 ], [ -181049.790285390219651, 5358801.347516752779484 ], [ -181028.559766064456198, 5358788.972492813132703 ], [ -181011.522095359599916, 5358784.166744398884475 ], [ -180994.866473147121724, 5358782.018805889412761 ], [ -180950.086760822247015, 5358769.77888544369489 ], [ -180932.699546916177496, 5358756.158527976833284 ], [ -180912.106220355897676, 5358749.107726074755192 ], [ -180908.045619290176546, 5358749.409699951298535 ], [ -180900.963695924991043, 5358746.120265700854361 ], [ -180887.294886969903018, 5358742.832362371496856 ], [ -180880.19392797164619, 5358740.701260715723038 ], [ -180867.203277354507009, 5358729.534975221380591 ], [ -180854.351442142535234, 5358716.605359179899096 ], [ -180851.604188429220812, 5358710.077302746474743 ], [ -180847.526555481483229, 5358707.692576145753264 ], [ -180844.568017374695046, 5358704.002362470142543 ], [ -180839.094994609738933, 5358703.029136357828975 ], [ -180827.748421552270884, 5358692.027955777011812 ], [ -180820.612285594892455, 5358692.047995461151004 ], [ -180802.749960102199111, 5358676.718262465670705 ], [ -180795.644993602327304, 5358674.835300425998867 ], [ -180788.066140030161478, 5358668.392938919365406 ], [ -180788.327184236113681, 5358664.270588649436831 ], [ -180632.252360086218687, 5357854.682872557081282 ], [ -180599.396189739694819, 5357814.834653466008604 ], [ -180575.827070551429642, 5357778.622149479575455 ], [ -180567.323263330268674, 5357761.396919823251665 ], [ -180573.97849908733042, 5357724.031620731577277 ], [ -180588.995943673391594, 5357679.089387350715697 ], [ -180640.134670590312453, 5357608.29212053399533 ], [ -180698.931844515580451, 5357539.275185221806169 ], [ -180777.287519014556892, 5357449.640201197937131 ], [ -180862.858366309432313, 5357367.215359706431627 ], [ -180871.070516464795219, 5357355.267146580852568 ], [ -180871.854205679846928, 5357340.950020855292678 ], [ -180893.082275976688834, 5357318.152332173660398 ], [ -180899.153529685136164, 5357316.048017670400441 ], [ -180897.65216371283168, 5357307.204640412703156 ], [ -180901.052528878615703, 5357300.646982892416418 ], [ -180911.458674877911108, 5357301.921224374324083 ], [ -180919.812423425493762, 5357296.406395373865962 ], [ -180916.848319344193442, 5357274.452648512087762 ], [ -180932.158534190966748, 5357244.392247995361686 ], [ -180977.576218517671805, 5357151.998452031984925 ], [ -180992.985507711186074, 5357115.877392041496933 ], [ -181041.117940459778765, 5357025.182740160264075 ], [ -181063.575645852077287, 5357002.257808924652636 ], [ -181091.040724578953814, 5356988.041865492239594 ], [ -181122.675274833658477, 5356962.376075991429389 ], [ -181135.322950099711306, 5356943.088199741207063 ], [ -181167.052344560332131, 5356875.800653046928346 ], [ -181189.366670448391233, 5356844.107331107370555 ], [ -181205.826259037537966, 5356810.345400026999414 ], [ -181212.157666396029526, 5356794.987262063659728 ], [ -181215.523522519622929, 5356782.21006675530225 ], [ -181231.364731337380363, 5356735.750147306360304 ], [ -181248.977144573291298, 5356699.681327583268285 ], [ -181260.70409633097006, 5356654.150479060597718 ], [ -181291.509761657216586, 5356583.593482432886958 ], [ -181294.056862925965106, 5356562.15085996966809 ], [ -181284.644911299052183, 5356499.746033356525004 ], [ -181270.210892164235702, 5356475.820345804095268 ], [ -181246.881889117590617, 5356450.83409595862031 ], [ -181237.165144724858692, 5356437.800897037610412 ], [ -181235.16150521003874, 5356419.592163564637303 ], [ -181240.195929181034444, 5356393.237738462164998 ], [ -181245.895709748700028, 5356361.386548151262105 ], [ -181248.17030090407934, 5356345.451664793305099 ], [ -181261.329489230236504, 5356332.449812451377511 ], [ -181268.124876226182096, 5356321.546408698894083 ], [ -181270.777174413873581, 5356300.109895992092788 ], [ -181289.77028329402674, 5356264.622694119811058 ], [ -181304.071275637252256, 5356234.566015893593431 ], [ -181319.288538709253771, 5356218.844386857934296 ], [ -181330.910182228428312, 5356211.875798583962023 ], [ -181345.55170089402236, 5356213.769273276440799 ], [ -181353.731011799565749, 5356206.193235740065575 ], [ -181374.907875130680623, 5356160.277729230001569 ], [ -181374.27914264658466, 5356145.947455395013094 ], [ -181390.952130699733971, 5356129.148413468152285 ], [ -181393.999724399269326, 5356101.109652632847428 ], [ -181393.586506449355511, 5356091.189260432496667 ], [ -181390.629749454325065, 5356078.473134027794003 ], [ -181397.334856343426509, 5356073.07587012834847 ], [ -181411.077247481764061, 5356077.157462729141116 ], [ -181419.471961601899238, 5356073.991012922488153 ], [ -181424.155172579659848, 5356051.486998773179948 ], [ -181428.910518587392289, 5356006.953983067534864 ], [ -181431.661668482876848, 5355961.837447571568191 ], [ -181426.380894478672417, 5355921.133746413514018 ], [ -181406.735342062893324, 5355817.113017423078418 ], [ -181403.792945282300934, 5355791.752336514182389 ], [ -181409.009933218243532, 5355765.939062122255564 ], [ -181422.183927036676323, 5355734.21771293785423 ], [ -181433.137542291660793, 5355717.141089676879346 ], [ -181459.496884516702266, 5355691.697337005287409 ], [ -181480.602726012526546, 5355665.619321384467185 ], [ -181512.192191873502452, 5355596.050675572827458 ], [ -181524.628026148391655, 5355511.16629150416702 ], [ -181526.323199354374083, 5355455.970807569101453 ], [ -181323.438418006466236, 5355058.824199074879289 ], [ -181239.113347133010393, 5354795.548469215631485 ], [ -181152.742001380072907, 5354339.076546630822122 ], [ -180948.8640275351936, 5353243.274731520563364 ], [ -180726.723757267551264, 5353254.886362064629793 ], [ -180665.974930029769894, 5352969.606936548836529 ], [ -180618.9318698180723, 5352576.639771446585655 ], [ -180531.674866196175572, 5352185.50114075653255 ], [ -180500.625299865554553, 5352168.754955476149917 ], [ -180461.63843120256206, 5352137.262174537405372 ], [ -180432.668646918493323, 5352097.210513681173325 ], [ -180397.865053399873432, 5352044.910523070953786 ], [ -180390.708323336759349, 5352013.010164820589125 ], [ -180391.528414025495294, 5351996.509790492244065 ], [ -180382.854621941864025, 5351990.134268064983189 ], [ -180365.599321632471401, 5351971.776633943431079 ], [ -180345.873062585887965, 5351936.863889311440289 ], [ -180341.797544708475471, 5351917.789736971259117 ], [ -180332.616358385770582, 5351908.913426528684795 ], [ -180308.153677644993877, 5351861.770694420672953 ], [ -180288.925128041824792, 5351829.98240022547543 ], [ -180268.804797997901915, 5351819.055227833800018 ], [ -180258.711348448094213, 5351798.946751115843654 ], [ -180258.58310839481419, 5351785.931072916835546 ], [ -180240.229529989155708, 5351751.078182497993112 ], [ -180227.871953316323925, 5351726.923336829058826 ], [ -180204.745663062378298, 5351682.081296755932271 ], [ -180205.289458774903324, 5351649.056223335675895 ], [ -180189.282161276816623, 5351638.329966886900365 ], [ -180152.379193481407128, 5351613.905771736055613 ], [ -180119.794976650795434, 5351568.769566751085222 ], [ -180076.383826145582134, 5351506.523870498873293 ], [ -180038.863369134807726, 5351453.047458871267736 ], [ -180036.294671884679701, 5351434.148247495293617 ], [ -180058.950080692593474, 5351399.288878814317286 ], [ -180087.657484936702531, 5351355.032931268215179 ], [ -180100.175472996023018, 5351336.109003755263984 ], [ -180091.928591159492498, 5351320.556451248005033 ], [ -180075.310149656870635, 5351297.020402369089425 ], [ -180060.081977274880046, 5351286.31197686214 ], [ -180042.780590696289437, 5351271.067505757324398 ], [ -180041.483384670020314, 5351257.747625053860247 ], [ -180007.245405484340154, 5351230.591280922293663 ], [ -179966.39638437924441, 5351179.743813643231988 ], [ -179934.577155089238659, 5351146.808106068521738 ], [ -179899.928963579906849, 5351119.122612491250038 ], [ -179894.666334652749356, 5351105.636189895682037 ], [ -179884.872891130595235, 5351100.799406190402806 ], [ -179859.598579982412048, 5351070.153661749325693 ], [ -179854.454283673985628, 5351049.502201762981713 ], [ -179842.585733523970703, 5351037.463970093987882 ], [ -179809.259349648287753, 5351029.431612773798406 ], [ -179788.099740838311845, 5351015.369234105572104 ], [ -179765.719959089619806, 5351008.764958301559091 ], [ -179754.564632917346898, 5350986.767348936758935 ], [ -179742.860946933215018, 5350964.76062070671469 ], [ -179726.610972945258254, 5350952.337781551294029 ], [ -179708.38374216176453, 5350926.795017567463219 ], [ -179680.407595652563032, 5350926.952755724079907 ], [ -179652.34395202351152, 5350932.40618728287518 ], [ -179641.786300197214587, 5350940.643734766170382 ], [ -179623.198950861027697, 5350936.906772449612617 ], [ -179585.36791247074143, 5350935.965386496856809 ], [ -179553.656329128571087, 5350929.828573447652161 ], [ -179531.037655752705177, 5350904.524006364867091 ], [ -179502.279155862168409, 5350884.363244950771332 ], [ -179480.422575720382156, 5350880.622636921703815 ], [ -179448.86060577374883, 5350865.451584978960454 ], [ -179430.811597495019669, 5350862.346365307457745 ], [ -179419.389104544679867, 5350856.54723737668246 ], [ -179389.829994876228739, 5350852.938699327409267 ], [ -179378.417854638653807, 5350846.516425184905529 ], [ -179358.11362479600939, 5350847.112829247489572 ], [ -179321.995125452085631, 5350842.148095222190022 ], [ -179294.598508212016895, 5350840.444783351384103 ], [ -179277.659689215040999, 5350841.944963342510164 ], [ -179275.439088012702996, 5350825.381552891805768 ], [ -179262.60918274029973, 5350808.657837393693626 ], [ -179258.984842758974992, 5350788.235460525378585 ], [ -179249.680203121126397, 5350761.114570511505008 ], [ -179246.247332663973793, 5350729.138827681541443 ], [ -179222.870796194707509, 5350705.085218030959368 ], [ -179204.561300307541387, 5350669.559433860704303 ], [ -179163.636470629367977, 5350582.477488740347326 ], [ -179164.178262591158273, 5350568.178422993980348 ], [ -179156.678779815760208, 5350560.899212733842432 ], [ -179152.567751020833384, 5350551.475344604812562 ], [ -179151.485725570237264, 5350543.202682476490736 ], [ -179136.054506437008968, 5350536.341358041390777 ], [ -179125.299819112027762, 5350504.794492521323264 ], [ -179122.05363144094008, 5350479.97649981547147 ], [ -179123.960200359753799, 5350456.895744982175529 ], [ -179113.209409216913627, 5350443.509015931747854 ], [ -179103.482200791942887, 5350423.535716345533729 ], [ -179096.85145532284514, 5350419.022540946491063 ], [ -179092.694896856119158, 5350412.349605202674866 ], [ -179096.201794774620794, 5350403.053049055859447 ], [ -179088.593998134718277, 5350392.327617071568966 ], [ -179016.763538227503886, 5350393.539318975992501 ], [ -178992.515147506492212, 5350385.42498470749706 ], [ -178945.548563784861472, 5350405.56464362796396 ], [ -178925.410756580880843, 5350406.87997176963836 ], [ -178894.68769031696138, 5350439.955965743400156 ], [ -178875.844862749276217, 5350455.059074895456433 ], [ -178837.473368231207132, 5350471.487480394542217 ], [ -178803.891840082593262, 5350474.780256735160947 ], [ -178761.278961645934032, 5350471.313854643143713 ], [ -178737.316995974775637, 5350464.304940283298492 ], [ -178727.304809653316624, 5350443.21266089566052 ], [ -178722.249234978895402, 5350472.312508446164429 ], [ -178706.980208343680715, 5350492.431110614910722 ], [ -178694.950244932144415, 5350501.040128578431904 ], [ -178683.678812530910363, 5350519.023001498542726 ], [ -178657.973694953368977, 5350525.200504946522415 ], [ -178650.495919478795258, 5350534.987037247978151 ], [ -178639.712177766603418, 5350541.964978163130581 ], [ -178622.492944972444093, 5350551.037608317099512 ], [ -178608.875231663492741, 5350563.474737470038235 ], [ -178599.069654317136155, 5350566.614399532787502 ], [ -178583.669493321736809, 5350576.268156289122999 ], [ -178543.761901150282938, 5350575.048788530752063 ], [ -178514.407174067164306, 5350575.476132742129266 ], [ -178477.645582024968462, 5350581.47484924364835 ], [ -178467.953550559002906, 5350588.516865589655936 ], [ -178480.498923213104717, 5350604.494164920412004 ], [ -178486.447057564451825, 5350613.404385077767074 ], [ -178480.2504581095709, 5350621.922573916614056 ], [ -178472.037083439761773, 5350628.624241386540234 ], [ -178424.578133610397344, 5350631.08912711404264 ], [ -178357.998280125437304, 5350638.782594939693809 ], [ -178289.385955377540085, 5350640.38438258972019 ], [ -178263.640985422389349, 5350648.76259240321815 ], [ -178238.536659136647359, 5350691.843027382157743 ], [ -178215.379533383820672, 5350720.055630560964346 ], [ -178190.548941726068733, 5350736.191196287982166 ], [ -178177.760669943119865, 5350753.597536624409258 ], [ -178165.545025620987872, 5350773.21618093457073 ], [ -178162.849980748840608, 5350788.589449028484523 ], [ -178149.294272396451561, 5350797.172298745252192 ], [ -178128.182642287021736, 5350783.601666668429971 ], [ -178112.904376134130871, 5350785.970606940798461 ], [ -178087.172764517599717, 5350767.494294971227646 ], [ -177951.245766326086596, 5350761.354383264668286 ], [ -177935.573429175681667, 5350747.325882470235229 ], [ -177912.750818492932012, 5350767.313632853329182 ], [ -177889.964831922319718, 5350785.099850518628955 ], [ -177862.344796464283718, 5350796.748001255095005 ], [ -177839.300993953016587, 5350829.946281400509179 ], [ -177804.224667682079598, 5350828.254435171373188 ], [ -177782.48374849112588, 5350816.325773992575705 ], [ -177769.654622455185745, 5350796.288396610878408 ], [ -177694.138485527277226, 5350785.65605247952044 ], [ -177663.914575859991601, 5350789.000754337757826 ], [ -177641.570305028872099, 5350780.365180755965412 ], [ -177604.862925578840077, 5350745.059051868505776 ], [ -177572.593297629209701, 5350739.55957119166851 ], [ -177539.776979660236975, 5350748.90292804967612 ], [ -177495.593828486511484, 5350752.025381265208125 ], [ -177468.779968780581839, 5350748.269389159046113 ], [ -177457.302038723952137, 5350757.862960834056139 ], [ -177430.857648408040404, 5350765.513125638477504 ], [ -177403.382884885446401, 5350767.801359442993999 ], [ -177366.68385439706617, 5350763.879219136200845 ], [ -177349.986821333994158, 5350777.907897726632655 ], [ -177339.563866091542877, 5350777.731820743530989 ], [ -177328.394513663195539, 5350756.627673484385014 ], [ -177323.900434500450501, 5350730.13215961214155 ], [ -177318.912987354415236, 5350700.325981195084751 ], [ -177305.244957635790342, 5350697.343091238290071 ], [ -177303.272264939558227, 5350684.099994545802474 ], [ -177284.217373741965275, 5350684.230675365775824 ], [ -177274.700559154618531, 5350686.369255791418254 ], [ -177265.264117239508778, 5350692.814651599153876 ], [ -177253.10335342635517, 5350698.113268564455211 ], [ -177229.550152925192378, 5350699.507810884155333 ], [ -177202.989656380406814, 5350708.824838460423052 ], [ -177163.520440363849048, 5350706.506203308701515 ], [ -177130.41814262297703, 5350684.48072662577033 ], [ -177066.402199650037801, 5350673.490552154369652 ], [ -177043.063400488201296, 5350658.234704461880028 ], [ -177013.474902474379633, 5350623.058648890815675 ], [ -176978.394568701740354, 5350620.813704962842166 ], [ -176943.484108472039225, 5350616.778982067480683 ], [ -176909.160079319728538, 5350615.78321676235646 ], [ -176883.118331602105172, 5350630.747677659615874 ], [ -176865.015556009224383, 5350630.44107623398304 ], [ -176851.970136202638969, 5350623.067360888235271 ], [ -176838.776661473384593, 5350624.494447329081595 ], [ -176829.712694574409397, 5350641.397116029635072 ], [ -176800.684690196823794, 5350638.154107344336808 ], [ -176752.857272852910683, 5350643.395682979375124 ], [ -176730.41214656320517, 5350640.264095665886998 ], [ -176711.05468898959225, 5350649.289287617430091 ], [ -176696.113609574444126, 5350656.738833674229681 ], [ -176670.330790992185939, 5350656.301550961099565 ], [ -176634.990526208595838, 5350669.457029168494046 ], [ -176617.556780755519867, 5350662.008695672266185 ], [ -176610.0805637537851, 5350649.777313706465065 ], [ -176611.185521019360749, 5350609.632400517351925 ], [ -176597.992380248469999, 5350611.090053267776966 ], [ -176579.039457704493543, 5350583.005250096321106 ], [ -176561.013937838346465, 5350560.136535972356796 ], [ -176557.016454923956189, 5350528.701163380406797 ], [ -176529.200608481507516, 5350497.41185915004462 ], [ -176531.801811022829497, 5350478.195458821952343 ], [ -176512.276817615667824, 5350454.778767617419362 ], [ -176499.222269610880176, 5350447.925914517603815 ], [ -176490.391405725793447, 5350450.940209426917136 ], [ -176478.34697078022873, 5350449.27747153583914 ], [ -176467.938932349643437, 5350448.192618899978697 ], [ -176460.030239126179367, 5350445.334373643621802 ], [ -176453.57927463480155, 5350450.397630158811808 ], [ -176443.726052546233404, 5350452.211373435333371 ], [ -176434.310538695455762, 5350462.231978990137577 ], [ -176431.742509362287819, 5350477.844538914971054 ], [ -176422.624775149393827, 5350483.220064754597843 ], [ -176392.172215247846907, 5350486.279764521867037 ], [ -176384.069603471667506, 5350499.789591308683157 ], [ -176369.523262970644282, 5350508.182194390334189 ], [ -176354.802150869101752, 5350509.103667853400111 ], [ -176344.306615318753757, 5350522.886959271505475 ], [ -176308.437805592868244, 5350534.714216753840446 ], [ -176289.503139445208944, 5350551.121670800261199 ], [ -176279.18883202582947, 5350546.103600368835032 ], [ -176269.446706789138261, 5350552.706630864180624 ], [ -176259.326317922648741, 5350550.828674837015569 ], [ -176240.00225619628327, 5350557.791496369056404 ], [ -176187.297931960667484, 5350559.178834135644138 ], [ -176180.850418373476714, 5350551.034551497548819 ], [ -176163.263163342548069, 5350552.633878593333066 ], [ -176146.948735369223868, 5350543.854089775122702 ], [ -176121.692235339665785, 5350544.662311756052077 ], [ -176105.775885865470627, 5350544.804147994145751 ], [ -176097.650119634956354, 5350538.557394710369408 ], [ -176082.817020125861745, 5350539.54306426923722 ], [ -176055.641260755277472, 5350540.263555312529206 ], [ -176044.08863532030955, 5350566.20753643848002 ], [ -176029.633242843439803, 5350585.791549302637577 ], [ -176023.373747876088601, 5350624.6783163594082 ], [ -176022.100364220968913, 5350640.541045995429158 ], [ -176031.883232391293859, 5350647.169515333138406 ], [ -176048.307866660383297, 5350670.529374479316175 ], [ -176021.734457054670202, 5350657.938953960314393 ], [ -175994.787793196359416, 5350651.4561358820647 ], [ -175988.91513345943531, 5350627.648344289511442 ], [ -175968.729458874557167, 5350608.26782866101712 ], [ -175943.61600439043832, 5350593.556815234944224 ], [ -175937.085112504544668, 5350574.206327472813427 ], [ -175923.980359409470111, 5350570.487394690513611 ], [ -175920.319617954723071, 5350559.855767006985843 ], [ -175912.662840738979867, 5350547.064357675611973 ], [ -175882.494590817048447, 5350519.053722407668829 ], [ -175871.638046158041107, 5350518.648389798589051 ], [ -175858.912335928966058, 5350510.367044952698052 ], [ -175847.97608651444898, 5350490.363492449745536 ], [ -175831.525069526134757, 5350489.862789008766413 ], [ -175808.21699454379268, 5350473.088627898134291 ], [ -175804.004331053612987, 5350462.667877025902271 ], [ -175789.764007832942298, 5350461.213915661908686 ], [ -175785.188999400357716, 5350455.988949260674417 ], [ -175783.227995250403183, 5350442.193682614713907 ], [ -175757.560614980378887, 5350418.966296299360693 ], [ -175727.533295533678029, 5350415.06860432587564 ], [ -175713.645409820921486, 5350386.344764795154333 ], [ -175682.031119713472435, 5350359.547991865314543 ], [ -175676.632792327029165, 5350333.308540865778923 ], [ -175663.703590068791527, 5350320.867592639289796 ], [ -175657.430068845656933, 5350294.475872522220016 ], [ -175639.486257485667011, 5350280.105110388249159 ], [ -175633.700204312743153, 5350265.419069380499423 ], [ -175627.669582218455616, 5350242.499476983211935 ], [ -175609.838092224788852, 5350232.837201906368136 ], [ -175593.845154940878274, 5350221.527370359748602 ], [ -175590.968770618375856, 5350200.258046671748161 ], [ -175579.856747727812035, 5350182.591240650974214 ], [ -175563.68146911819349, 5350169.709871641360223 ], [ -175539.267323675361695, 5350167.476041139103472 ], [ -175510.984269330074312, 5350146.515871774405241 ], [ -175499.147890513006132, 5350140.836553259752691 ], [ -175487.992119062662823, 5350120.912198599427938 ], [ -175471.208368116087513, 5350109.34100470226258 ], [ -175467.676645951229148, 5350100.343999116681516 ], [ -175462.639327673357911, 5350077.978680346161127 ], [ -175345.185465020389529, 5350090.282823803834617 ], [ -175291.047234424069757, 5350167.757256771437824 ], [ -175060.570358810160542, 5350497.588389349170029 ], [ -174614.008325310744112, 5351232.028395896777511 ], [ -174145.785856612259522, 5352683.021065251901746 ], [ -174138.249081807618495, 5352688.754677455872297 ], [ -174148.02092934853863, 5352718.686009746976197 ], [ -174153.473135368549265, 5352742.348873039707541 ], [ -174145.080091040785192, 5352775.905712164007127 ], [ -174135.333179065812146, 5352803.204003105871379 ], [ -174118.09123709530104, 5352826.079299683682621 ], [ -174089.101860580907669, 5352855.599982761777937 ], [ -174081.711582226183964, 5352870.163680627942085 ], [ -174063.669030477787601, 5352898.098379356786609 ], [ -174056.984740333718946, 5352911.506679276004434 ], [ -174044.917596212093486, 5352929.690661084838212 ], [ -174055.688758821866941, 5352950.734609633684158 ], [ -174055.657589364389423, 5352995.645444424822927 ], [ -174055.383075500227278, 5353013.397395142354071 ], [ -174053.031673896039138, 5353050.21251349709928 ], [ -174046.333357496070676, 5353088.09505052305758 ], [ -174034.340797433367698, 5353127.538373325020075 ], [ -174026.43510983636952, 5353155.019627369008958 ], [ -174016.018945082789287, 5353166.487284092232585 ], [ -173997.693530508287949, 5353175.33085389342159 ], [ -173978.967365767079173, 5353183.305285866372287 ], [ -173963.35057704267092, 5353198.069928018376231 ], [ -173953.481213627994293, 5353207.31500253919512 ], [ -173934.128988070529886, 5353218.102692604064941 ], [ -173914.00364864943549, 5353221.745323841460049 ], [ -173906.922281881648814, 5353230.344788990914822 ], [ -173907.875622000894509, 5353245.953737501986325 ], [ -173906.969926623714855, 5353251.726529425941408 ], [ -173893.116661272419151, 5353278.031542047858238 ], [ -173879.333415880828397, 5353291.974878528155386 ], [ -173863.438885027018841, 5353323.918913214467466 ], [ -173859.576989252382191, 5353346.944707428105175 ], [ -173857.228370635566534, 5353380.10438515804708 ], [ -173852.760674192075385, 5353397.152104469947517 ], [ -173844.830718945944682, 5353415.000987684354186 ], [ -173828.540669941285159, 5353443.947455673478544 ], [ -173824.813470750523265, 5353464.142505893483758 ], [ -173818.444214765186189, 5353474.748403027653694 ], [ -173796.357648555393098, 5353480.757856176234782 ], [ -173773.902392192016123, 5353478.277079571969807 ], [ -173758.344714117381955, 5353489.545767239294946 ], [ -173731.83709433072363, 5353563.325010389089584 ], [ -173732.550986225076485, 5353582.526224495843053 ], [ -173728.268191455717897, 5353598.619969387538731 ], [ -173732.537739205668913, 5353628.921779523603618 ], [ -173745.644941329577705, 5353691.620781068690121 ], [ -173740.672299675963586, 5353714.517832088284194 ], [ -173728.498177523812046, 5353741.782793953083456 ], [ -173727.113251738715917, 5353756.843253931961954 ], [ -173736.708546567242593, 5353776.95657348074019 ], [ -173758.895634277287172, 5353805.206204865127802 ], [ -173769.585867617046461, 5353833.691074220463634 ], [ -173770.44369561309577, 5353849.354853952303529 ], [ -173760.992782164277742, 5353862.877361404709518 ], [ -173746.975320564117283, 5353878.985351816751063 ], [ -173741.18414669460617, 5353892.528543261811137 ], [ -173743.370795452181483, 5353914.452904788777232 ], [ -173746.659618488221895, 5353941.063290729187429 ], [ -173743.975928204192314, 5353959.128954819403589 ], [ -173739.678216623229673, 5353969.739238605834544 ], [ -173717.780559589125914, 5353982.661340611055493 ], [ -173701.253400069079362, 5353986.423531073145568 ], [ -173691.680925736232894, 5353987.029157338663936 ], [ -173665.335053169750609, 5353996.30421921890229 ], [ -173643.15475594860618, 5354015.319332866929471 ], [ -173633.584174047224224, 5354027.973467987962067 ], [ -173630.384295284369728, 5354043.603937180712819 ], [ -173619.110859132168116, 5354056.352907814085484 ], [ -173596.407471623911988, 5354068.241993838921189 ], [ -173590.071945444215089, 5354068.021666877903044 ], [ -173569.413719620933989, 5354056.759770623408258 ], [ -173562.075761426793179, 5354054.264620885252953 ], [ -173549.256654144905042, 5354055.658595935441554 ], [ -173535.820168967271456, 5354065.537217024713755 ], [ -173531.206198712869082, 5354081.515900049358606 ], [ -173532.52700447110692, 5354090.874080290086567 ], [ -173519.034748228616081, 5354100.031054623425007 ], [ -173511.13139834071626, 5354104.389293800108135 ], [ -173503.425974507525098, 5354114.19059952814132 ], [ -173503.187082880205708, 5354128.093141685239971 ], [ -173506.709899485780625, 5354130.6600211719051 ], [ -173506.508856485481374, 5354141.561621901579201 ], [ -173505.29458347990294, 5354148.899594876915216 ], [ -173498.329322940931888, 5354155.299072864465415 ], [ -173475.106407369195949, 5354191.798076822422445 ], [ -173466.206636719143717, 5354204.338999504223466 ], [ -173456.946190919086803, 5354225.080181473866105 ], [ -173450.044048531533917, 5354243.900813216343522 ], [ -173443.408961602166528, 5354253.595540527254343 ], [ -173444.641713643213734, 5354265.747716964222491 ], [ -173452.943253349687438, 5354287.847113640978932 ], [ -173453.315394407429267, 5354293.496854012832046 ], [ -173451.720965340646217, 5354310.358329596929252 ], [ -173452.50732622371288, 5354318.082820967771113 ], [ -173456.749044100928586, 5354362.725335566326976 ], [ -173456.242206459399313, 5354377.595671009272337 ], [ -173444.705722350481665, 5354389.932564463466406 ], [ -173443.875501588132465, 5354404.55554442293942 ], [ -173441.473449615674326, 5354412.810997777618468 ], [ -173436.313791217457037, 5354421.36064663156867 ], [ -173421.646223791118246, 5354434.119309183210135 ], [ -173407.393878065340687, 5354465.101516201160848 ], [ -173404.920025021390757, 5354479.569109496660531 ], [ -173395.702103266696213, 5354511.522420535795391 ], [ -173378.846773887838935, 5354525.392222880385816 ], [ -173354.561091137322364, 5354547.161193670704961 ], [ -173350.847138966055354, 5354558.084995191544294 ], [ -173353.864342444518115, 5354565.324977594427764 ], [ -173348.814667703176383, 5354584.514956739731133 ], [ -173339.963098392792745, 5354592.623320076614618 ], [ -173337.658005696808686, 5354610.428012882359326 ], [ -173343.090508167020744, 5354631.084624657407403 ], [ -173336.565293575258693, 5354660.479228038340807 ], [ -173344.087040248588892, 5354676.814292578026652 ], [ -173359.695813969767187, 5354699.84282349422574 ], [ -173404.54031423831475, 5354734.513176904991269 ], [ -173427.917963902407791, 5354755.528638017363846 ], [ -173446.165009555232245, 5354778.775872639380395 ], [ -173448.265385707636597, 5354786.281785155646503 ], [ -173472.780497928441036, 5354844.03609068132937 ], [ -173484.640921755548334, 5354881.365662339143455 ], [ -173512.880895457987208, 5354947.06010865047574 ], [ -173542.242190391232725, 5354982.90560750477016 ], [ -173558.50708119085175, 5355016.988143028691411 ], [ -173571.169227990729269, 5355060.435158058069646 ], [ -173585.970601445005741, 5355101.818014597520232 ], [ -173598.282537126768148, 5355141.095397698692977 ], [ -173604.555724391568219, 5355164.070027894340456 ], [ -173613.386254318174906, 5355204.342859744094312 ], [ -173629.832039290427929, 5355245.618702162057161 ], [ -173649.140961566037731, 5355288.366111417300999 ], [ -173667.989800386218121, 5355331.835037992335856 ], [ -173671.657221010362264, 5355333.263152596540749 ], [ -173755.352668843785068, 5355319.467382034286857 ], [ -173782.81507590302499, 5355312.678382825106382 ], [ -173792.832939518470084, 5355317.288742162287235 ], [ -173801.971490476164035, 5355325.351256713271141 ], [ -173805.346029519947479, 5355326.597243388183415 ], [ -173851.453560731257312, 5355314.216902100481093 ], [ -173882.040594577410957, 5355318.782609789632261 ], [ -173915.389353670791024, 5355318.991497432813048 ], [ -173956.388210810517194, 5355334.484367377124727 ], [ -174019.093032820965163, 5355368.407166195102036 ], [ -174046.876151333126472, 5355388.839444762095809 ], [ -174054.615861569560366, 5355402.445084994658828 ], [ -174063.819868387858151, 5355421.973522804677486 ], [ -174076.061004873481579, 5355474.61806954164058 ], [ -174082.024501314677764, 5355488.027330473065376 ], [ -174109.833000670798356, 5355530.155446306802332 ], [ -174112.782187940465519, 5355538.086172960698605 ], [ -174137.607547582068946, 5355585.262827649712563 ], [ -174156.317237038805615, 5355621.7919100234285 ], [ -174161.489029261603719, 5355662.324707705527544 ], [ -174170.825060995906824, 5355755.497089588083327 ], [ -174168.947657783690374, 5355807.585492317564785 ], [ -174170.697266220435267, 5355813.343816541135311 ], [ -174177.92646527197212, 5355829.600006843917072 ], [ -174186.234795467433287, 5355850.123372975736856 ], [ -174218.593033731740434, 5355910.765770200639963 ], [ -174209.08890956628602, 5355917.818702671676874 ], [ -174131.92568945264793, 5355953.468369133770466 ], [ -173957.843490513652796, 5356047.04908777680248 ], [ -173611.049435567489127, 5356208.791734253056347 ], [ -173602.300614147010492, 5356224.527263299562037 ], [ -173584.266856638423633, 5356236.456130650825799 ], [ -173572.244351632863982, 5356239.514817049726844 ], [ -173553.455847976787481, 5356241.72731848526746 ], [ -173523.88427052545012, 5356250.734393247403204 ], [ -173477.803344672633102, 5356269.768644280731678 ], [ -173423.995176366326632, 5356294.925083490088582 ], [ -173312.424660121323541, 5356360.486670716665685 ], [ -173253.981927454733523, 5356383.580085841938853 ], [ -173158.692443335807184, 5356398.414958915673196 ], [ -172989.32763045822503, 5356438.592655051499605 ], [ -172784.992912742774934, 5356508.224342771805823 ], [ -172769.742142504110234, 5356510.824302110821009 ], [ -172367.028299830650212, 5356501.851080812513828 ], [ -172325.243415766570251, 5356490.483463148586452 ], [ -172246.807145956059685, 5356498.624075677245855 ], [ -172097.671310945472214, 5356534.127923057414591 ], [ -171895.528696642752038, 5356577.179945636540651 ], [ -171880.277815084729809, 5356575.993896809406579 ], [ -171726.186926899739774, 5356533.693575771525502 ], [ -171637.295641833567061, 5356524.124940765090287 ], [ -171588.594811764894985, 5356512.275079739280045 ], [ -171408.10394974090741, 5356455.195424783974886 ], [ -170911.139122478110949, 5356931.223275088705122 ], [ -170643.701838211738504, 5356788.795347395353019 ], [ -170232.533057573455153, 5356743.942669110372663 ], [ -169751.408993850636762, 5356728.818642645142972 ], [ -169330.297712892323034, 5356719.005099335685372 ], [ -168549.834091272961814, 5356853.977748804725707 ], [ -168549.83397995334235, 5356853.977748804725707 ], [ -168089.426584786589956, 5356746.31572740431875 ], [ -167677.479012991010677, 5356761.380134576931596 ], [ -167642.186504268785939, 5356755.804601883515716 ], [ -167649.338781552301953, 5356725.619700155220926 ], [ -167616.985552665108116, 5356703.07036801520735 ], [ -167581.691819428524468, 5356669.181395736522973 ], [ -167568.304871424275916, 5356658.061491296626627 ], [ -167533.254705233557615, 5356624.143471338786185 ], [ -167490.910997325612698, 5356577.787881745956838 ], [ -167430.037603577773552, 5356523.690135127864778 ], [ -167423.942861456715036, 5356511.106168333441019 ], [ -167419.569452621857636, 5356440.298521406017244 ], [ -167415.643882098578615, 5356417.4115837123245 ], [ -167412.008966765599325, 5356402.719676463864744 ], [ -167402.046094978664769, 5356377.892371191643178 ], [ -167392.744794925558381, 5356359.907806710340083 ], [ -167375.639219331205823, 5356334.680229491554201 ], [ -167358.020683523296611, 5356316.883247622288764 ], [ -167343.932645366119687, 5356295.463568544015288 ], [ -167322.257070716121234, 5356252.644086915068328 ], [ -167306.494564778375207, 5356228.521749880164862 ], [ -167301.728754738520365, 5356219.327505394816399 ], [ -167299.747045163443545, 5356212.384915518574417 ], [ -167299.613684413488954, 5356203.422381613403559 ], [ -167301.617435247782851, 5356196.387431693263352 ], [ -167305.624936916254228, 5356190.575955337844789 ], [ -167314.196537707350217, 5356183.693948556669056 ], [ -167330.115224890847458, 5356174.670880719088018 ], [ -167335.903838412021287, 5356166.106621035374701 ], [ -167339.466062117513502, 5356155.401307516731322 ], [ -167340.022659571433906, 5356124.050103093497455 ], [ -167333.454809614573605, 5356107.227549159899354 ], [ -167314.988019286945928, 5356083.154833261854947 ], [ -167294.492987836914835, 5356063.183188415132463 ], [ -167275.679993892816128, 5356033.973328077234328 ], [ -167270.045780505257426, 5356015.119253063574433 ], [ -167261.449021509266458, 5355997.993023468181491 ], [ -167240.836993274599081, 5355961.484332716092467 ], [ -167228.415407894353848, 5355947.344456551596522 ], [ -167205.506747245119186, 5355926.526945994235575 ], [ -167169.490327874373179, 5355895.650286029092968 ], [ -167135.900450763961999, 5355869.881072519347072 ], [ -167105.249853488290682, 5355844.799646939150989 ], [ -167098.236725568363909, 5355841.435234720818698 ], [ -167091.074095572344959, 5355840.255243888124824 ], [ -167078.365528544847621, 5355843.781912114471197 ], [ -167051.927817398274783, 5355850.76383522246033 ], [ -167037.567603086063173, 5355852.751898837275803 ], [ -167024.988500626350287, 5355852.59897085186094 ], [ -167011.630161731183762, 5355848.928699960932136 ], [ -166979.570148382772459, 5355837.000329563394189 ], [ -166953.744026518746978, 5355828.436380764469504 ], [ -166935.931238199438667, 5355827.518815287388861 ], [ -166912.333175943582319, 5355827.212960151024163 ], [ -166900.644629410322523, 5355825.071974463760853 ], [ -166886.507054079469526, 5355820.790004570037127 ], [ -166868.473296571086394, 5355812.378998016007245 ], [ -166858.762563430762384, 5355804.193872519768775 ], [ -166833.407656971307006, 5355776.594073316082358 ], [ -166827.241670376068214, 5355764.24494185205549 ], [ -166822.526510704599787, 5355735.358694178983569 ], [ -166815.373120226315223, 5355720.734692734666169 ], [ -166806.382290232810192, 5355695.302399644628167 ], [ -166800.277751996793086, 5355667.802324733696878 ], [ -166801.446606650104513, 5355648.679385743103921 ], [ -166818.156886732525891, 5355568.310192780569196 ], [ -166821.136018945195246, 5355545.07031340058893 ], [ -166818.045567241730168, 5355532.984975145198405 ], [ -166809.156483262893744, 5355519.465545201674104 ], [ -166799.598480463813758, 5355507.543408315628767 ], [ -166690.696069774130592, 5355430.6802315171808 ], [ -166661.641682677174686, 5355408.200864627957344 ], [ -166632.030698126007337, 5355378.993060898967087 ], [ -166621.344027009967249, 5355373.640855496749282 ], [ -166608.319646587158786, 5355369.359093397855759 ], [ -166595.51790514588356, 5355360.489735305309296 ], [ -166592.734917876194231, 5355353.42101588472724 ], [ -166593.635937834653305, 5355324.730863065458834 ], [ -166601.644039363367483, 5355276.513084030710161 ], [ -166601.751796630414901, 5355266.597394128330052 ], [ -166596.328867636388168, 5355248.502583282999694 ], [ -166586.646854924620129, 5355223.959268103353679 ], [ -166585.178439521667315, 5355212.56721599586308 ], [ -166586.404067115159705, 5355198.924082905054092 ], [ -166584.031514807953499, 5355188.238079510629177 ], [ -166576.238148577103857, 5355180.802796144038439 ], [ -166566.277725818828912, 5355176.702635121531785 ], [ -166551.769345264212461, 5355180.046010232530534 ], [ -166532.065795393806184, 5355196.102301535196602 ], [ -166517.70558108141995, 5355197.631473580375314 ], [ -166498.018172537151258, 5355193.077294134534895 ], [ -166472.948689252109034, 5355177.957318149507046 ], [ -166448.242218826519093, 5355160.778497253544629 ], [ -166414.994426511286292, 5355108.16707422863692 ], [ -166391.944612747698557, 5355085.875043402425945 ], [ -166360.952932552201673, 5355058.528461593203247 ], [ -166304.421889501274563, 5355021.728333004750311 ], [ -166256.485045097884722, 5354990.450371910817921 ], [ -166209.329997478256701, 5354965.983123829588294 ], [ -166185.300794834678527, 5354959.632937928661704 ], [ -166168.785657819506014, 5354952.084834425710142 ], [ -166156.653948393533938, 5354941.07142199203372 ], [ -166146.091287190007279, 5354922.19983615167439 ], [ -166138.682084521860816, 5354886.414818564429879 ], [ -166141.187663620541571, 5354841.295612880960107 ], [ -166143.302845265221549, 5354817.363945433869958 ], [ -166145.676956045266706, 5354794.501949070952833 ], [ -166140.201372932177037, 5354767.313262447714806 ], [ -166134.063327529263915, 5354759.611640407703817 ], [ -166123.691579252539668, 5354767.873525229282677 ], [ -166095.365221625223057, 5354792.659988276660442 ], [ -166076.724884211434983, 5354816.529969060793519 ], [ -166069.874616706481902, 5354823.941565902903676 ], [ -166056.780105004407233, 5354837.142235448583961 ], [ -166044.302637239947217, 5354849.941072284244001 ], [ -166019.126955160638317, 5354853.066583912819624 ], [ -165999.716509509366006, 5354850.792636480182409 ], [ -165971.777321071218466, 5354847.519718962721527 ], [ -165934.48083887581015, 5354853.733737044967711 ], [ -165876.174917863536393, 5354852.710147087462246 ], [ -165818.154420025646687, 5354849.786172934807837 ], [ -165778.02663790146471, 5354857.321960508823395 ], [ -165754.56449674392934, 5354879.133452959358692 ], [ -165732.450100661371835, 5354886.513905607163906 ], [ -165676.103625326097244, 5354889.037567301653326 ], [ -165627.765696797374403, 5354891.777294604107738 ], [ -165600.065733944793465, 5354916.197862099856138 ], [ -165586.339706771512283, 5354920.061199516057968 ], [ -165574.719176447018981, 5354911.850099409930408 ], [ -165565.870724082458764, 5354916.420197007246315 ], [ -165551.815413855249062, 5354956.351724805310369 ], [ -165556.621632870344911, 5354984.707236746326089 ], [ -165538.733147297374671, 5355025.780716433189809 ], [ -165509.440870448510395, 5355053.846513428725302 ], [ -165484.710911610309267, 5355051.399264428764582 ], [ -165465.266402194916736, 5355042.218875218182802 ], [ -165438.57399205348338, 5355045.240316526964307 ], [ -165407.710329272522358, 5355066.72180010098964 ], [ -165378.460687788814539, 5355093.077972259372473 ], [ -165365.115929871419212, 5355133.706791440024972 ], [ -165324.554224372055614, 5355141.814257195219398 ], [ -165280.719057926529786, 5355141.799883063882589 ], [ -165213.430767202022253, 5355148.89275539945811 ], [ -165183.722155457653571, 5355188.465773018077016 ], [ -165135.096466045128182, 5355188.49742685072124 ], [ -165083.629123991442611, 5355179.546277727000415 ], [ -165057.54396167237428, 5355168.768852378241718 ], [ -165029.747484821273247, 5355171.351004851050675 ], [ -165027.131142829137389, 5355151.735166171565652 ], [ -165034.15184047431103, 5355120.769175266847014 ], [ -165027.106986499566119, 5355085.769531792029738 ], [ -165028.338291387248319, 5355045.376716451719403 ], [ -165035.573835649847751, 5355004.210331425070763 ], [ -165018.519021743355552, 5354977.927503737621009 ], [ -165011.251528786960989, 5354952.939619144424796 ], [ -165004.335582782397978, 5354892.819238321855664 ], [ -164994.868194048875012, 5354856.97378075029701 ], [ -164970.980923755996628, 5354837.795472508296371 ], [ -164951.864472880057292, 5354837.558459992520511 ], [ -164940.549069279979449, 5354817.828488962724805 ], [ -164934.97007035970455, 5354788.273902788758278 ], [ -164931.890639286022633, 5354774.160734129138291 ], [ -164924.835321278922493, 5354764.343289193697274 ], [ -164902.057238392357249, 5354751.86170522030443 ], [ -164885.907117987517267, 5354741.303283300250769 ], [ -164875.218331801064778, 5354717.679985359311104 ], [ -164877.459081831242656, 5354692.173062364570796 ], [ -164846.239975916309049, 5354666.613455867394805 ], [ -164838.075025224912679, 5354644.82142226677388 ], [ -164827.536075073177926, 5354619.081514762714505 ], [ -164797.075166209979216, 5354588.515620002523065 ], [ -164758.883897947642254, 5354555.130991018377244 ], [ -164744.050019201880787, 5354540.974597697146237 ], [ -164741.259128248289926, 5354522.565446984022856 ], [ -164736.249305884615751, 5354512.463250832632184 ], [ -164716.23395012045512, 5354510.174248959869146 ], [ -164703.996041900129057, 5354498.460133966058493 ], [ -164690.073535825649742, 5354467.948458128608763 ], [ -164665.417938407219481, 5354449.673243719153106 ], [ -164653.657479482790222, 5354417.775496489368379 ], [ -164632.653161362628452, 5354399.096102203242481 ], [ -164587.648249707650393, 5354373.444182517006993 ], [ -164564.849906673829537, 5354355.91104092169553 ], [ -164557.322148747887695, 5354341.940269341692328 ], [ -164550.096066641999641, 5354305.217132854275405 ], [ -164542.168226466164924, 5354294.920375063084066 ], [ -164521.295154025458032, 5354293.534926699474454 ], [ -164490.730050118785584, 5354293.532327360473573 ], [ -164472.6346216124075, 5354288.549546669237316 ], [ -164452.3535462236905, 5354270.086615215986967 ], [ -164452.547242137719877, 5354246.639738940633833 ], [ -164449.041123455826892, 5354226.171743434853852 ], [ -164445.695527479489101, 5354220.644211974926293 ], [ -164441.22827631389373, 5354213.798217972740531 ], [ -164415.652400665218011, 5354210.054742387495935 ], [ -164392.661697551055113, 5354212.168904556892812 ], [ -164368.16283797568758, 5354205.281327746808529 ], [ -164345.005378264555475, 5354195.040642223320901 ], [ -164335.358876470418181, 5354175.341696390882134 ], [ -164329.366103003092576, 5354144.219480547122657 ], [ -164323.615672067127889, 5354128.156595035456121 ], [ -164290.254890468757367, 5354112.714202941395342 ], [ -164277.087909778230824, 5354115.485198924317956 ], [ -164265.524041074619163, 5354134.014793675392866 ], [ -164250.170634265377885, 5354140.873266759328544 ], [ -164231.176857468351955, 5354140.079257880337536 ], [ -164214.8118904462317, 5354135.317346614785492 ], [ -164174.652048308838857, 5354112.605338579975069 ], [ -164165.318688242114149, 5354100.16315951384604 ], [ -164150.455309831537306, 5354092.305215292610228 ], [ -164125.976933042518795, 5354087.096863495185971 ], [ -164091.201169396546902, 5354086.574866443872452 ], [ -164058.987089872767683, 5354086.01357439160347 ], [ -164034.87194858235307, 5354078.919830442406237 ], [ -164009.584056456165854, 5354060.237293992191553 ], [ -163990.366416163247777, 5354052.876303286291659 ], [ -163978.528924151120009, 5354041.519781365059316 ], [ -163976.409178407600848, 5354023.632236273959279 ], [ -163968.32838525128318, 5354015.675126020796597 ], [ -163948.347649848874426, 5354008.057761179283261 ], [ -163915.926070794259431, 5353993.853273048996925 ], [ -163896.496366871288046, 5353973.976933832280338 ], [ -163871.737910243304214, 5353964.075781205669045 ], [ -163844.291199232335202, 5353966.765544621273875 ], [ -163826.217032748681959, 5353963.649351641535759 ], [ -163803.902929499687161, 5353955.988759594969451 ], [ -163787.78453514983994, 5353937.732745445333421 ], [ -163762.727074369729962, 5353922.099396182224154 ], [ -163740.289851763838669, 5353903.688412030227482 ], [ -163722.747235848801211, 5353886.597565431147814 ], [ -163717.686317838815739, 5353880.543816237710416 ], [ -163706.395849804626778, 5353859.712735429406166 ], [ -163690.517348957480863, 5353815.070340858772397 ], [ -163686.730927797412733, 5353795.44298948161304 ], [ -163680.93852941354271, 5353786.736129128374159 ], [ -163670.944822127523366, 5353780.082489146851003 ], [ -163638.247838652838254, 5353781.043580377474427 ], [ -163619.346457033010665, 5353775.230248973704875 ], [ -163597.741904218244599, 5353762.227860110811889 ], [ -163571.263895416050218, 5353745.231455650180578 ], [ -163562.048979287792463, 5353732.456766586750746 ], [ -163541.546155473566614, 5353723.04421113897115 ], [ -163519.327453028090531, 5353704.118372540920973 ], [ -163508.968951770861167, 5353693.107354635372758 ], [ -163496.834236718452303, 5353669.79326662234962 ], [ -163486.82705977401929, 5353657.472617187537253 ], [ -163469.589125305181369, 5353655.224341994151473 ], [ -163441.842408266558778, 5353663.366907779127359 ], [ -163421.547640580596635, 5353671.755025463178754 ], [ -163409.453668461821508, 5353688.822849357500672 ], [ -163400.871158360590925, 5353690.115096182562411 ], [ -163396.578122198174242, 5353685.380630044266582 ], [ -163388.401594279828714, 5353664.728105370886624 ], [ -163367.983595917583443, 5353658.945119240321219 ], [ -163349.004401973681524, 5353649.189396131783724 ], [ -163323.327114268904552, 5353633.135927126742899 ], [ -163303.767723138967995, 5353614.704721538349986 ], [ -163287.314479760854738, 5353611.096642754971981 ], [ -163280.272854051174363, 5353611.046341570094228 ], [ -163272.443420305178734, 5353601.411299663595855 ], [ -163261.667359638056951, 5353588.942436716519296 ], [ -163244.826835751300678, 5353573.796324019320309 ], [ -163228.807404428749578, 5353559.596321084536612 ], [ -163208.594233929557959, 5353545.462999890558422 ], [ -163180.600164982082788, 5353534.384133734740317 ], [ -163152.107384716160595, 5353525.496343325823545 ], [ -163127.440877987683052, 5353515.961074012331665 ], [ -163103.918290346657159, 5353519.113046125508845 ], [ -163085.23654208224616, 5353511.016014756634831 ], [ -163072.986722676432692, 5353501.784857189282775 ], [ -163049.858428671752336, 5353496.48754860367626 ], [ -163011.304704147361917, 5353498.508439063094556 ], [ -162974.0536403041624, 5353492.00682414509356 ], [ -162954.189233769779094, 5353480.479598199017346 ], [ -162934.674481755529996, 5353464.630526727065444 ], [ -162920.198606492311228, 5353461.168056158348918 ], [ -162896.573270961322123, 5353462.376947025768459 ], [ -162888.163751348824007, 5353457.570280446670949 ], [ -162873.338110245502321, 5353434.038611079566181 ], [ -162856.948541616002331, 5353427.340274193324149 ], [ -162825.676336303848075, 5353426.569106527604163 ], [ -162807.477714629436377, 5353418.480564530007541 ], [ -162787.868341048335424, 5353392.534899258986115 ], [ -162761.457123940606834, 5353379.449110012501478 ], [ -162730.661254729551729, 5353384.307106408290565 ], [ -162708.571905532502569, 5353383.026980157010257 ], [ -162672.621498619701015, 5353370.994291240349412 ], [ -162640.987727601546794, 5353371.990504275076091 ], [ -162615.362871376913972, 5353373.939510688185692 ], [ -162602.747033485298743, 5353382.621828569099307 ], [ -162585.116697811434278, 5353385.664135218597949 ], [ -162571.977880952093983, 5353407.055100049823523 ], [ -162556.485213460022351, 5353398.421530528925359 ], [ -162527.923860387585592, 5353397.71259053144604 ], [ -162498.400818234367762, 5353385.828336326405406 ], [ -162481.523781554686138, 5353400.439953481778502 ], [ -162455.944232362788171, 5353410.432697726413608 ], [ -162437.221963803604012, 5353399.329530318267643 ], [ -162425.897654644155409, 5353395.851948174647987 ], [ -162399.162609137798427, 5353400.078832786530256 ], [ -162379.775763218756765, 5353393.614896989427507 ], [ -162356.926324538537301, 5353386.408391299657524 ], [ -162320.34128520876402, 5353380.498070088215172 ], [ -162285.075604483834468, 5353376.356352590024471 ], [ -162269.450689436751418, 5353380.621603071689606 ], [ -162260.099295612541027, 5353400.798933767713606 ], [ -162242.869264827779261, 5353408.329266981221735 ], [ -162229.108617292687995, 5353406.602399312891066 ], [ -162224.819699951389339, 5353402.664928182028234 ], [ -162198.449337096972158, 5353371.65048311650753 ], [ -162178.228040274814703, 5353368.562467787414789 ], [ -162147.584122168860631, 5353378.266679422929883 ], [ -162116.174437285459135, 5353374.486541269347072 ], [ -162079.582273508334765, 5353358.049952745437622 ], [ -162043.659919107449241, 5353354.441820592619479 ], [ -162020.111394024948822, 5353363.111277769319713 ], [ -161987.450812023569597, 5353369.579626105725765 ], [ -161950.063715762837091, 5353370.533489236608148 ], [ -161926.042194164067041, 5353372.378073370084167 ], [ -161895.18532187200617, 5353382.694297187961638 ], [ -161877.548529667576076, 5353376.23694762121886 ], [ -161850.29373345876229, 5353371.685647174715996 ], [ -161821.477681391581427, 5353352.932062323205173 ], [ -161801.759659987292252, 5353338.935277053155005 ], [ -161783.071566511876881, 5353335.841462889686227 ], [ -161756.567954226949951, 5353316.226130177266896 ], [ -161740.729194437881233, 5353299.199504517018795 ], [ -161726.019214285392081, 5353274.796481822617352 ], [ -161711.379031453776406, 5353262.314296853728592 ], [ -161690.399203621404013, 5353247.59434812143445 ], [ -161675.451778995251516, 5353224.039053966291249 ], [ -161656.196401394583518, 5353215.779151439666748 ], [ -161637.152864785166457, 5353208.411796070635319 ], [ -161605.939881442172918, 5353187.878509495407343 ], [ -161594.282504366303328, 5353176.895774473436177 ], [ -161571.335995090048527, 5353169.782542914152145 ], [ -161551.682205032091588, 5353153.572125087492168 ], [ -161524.658508086082293, 5353145.754118410870433 ], [ -161502.594762371882098, 5353153.58068657387048 ], [ -161482.129453226021724, 5353148.063882572576404 ], [ -161458.601522249286063, 5353140.765378354117274 ], [ -161437.521618194761686, 5353147.912069225683808 ], [ -161392.842316050489899, 5353146.402191579341888 ], [ -161369.937551583338063, 5353144.530897632241249 ], [ -161344.052319069771329, 5353126.984936164692044 ], [ -161325.265485206036828, 5353124.697039526887238 ], [ -161302.378197898797225, 5353119.619332812726498 ], [ -161282.53371755318949, 5353106.652105806395411 ], [ -161264.626418986183126, 5353088.478938614949584 ], [ -161237.487283728289185, 5353062.163454320281744 ], [ -161230.094111066689948, 5353049.664584683254361 ], [ -161115.57129060634179, 5353057.412337770685554 ], [ -160982.545500983804232, 5353018.725922286510468 ], [ -160128.235200839873869, 5352636.023006187751889 ], [ -159015.045747562166071, 5352693.774361911229789 ], [ -158866.657868210138986, 5352712.632408829405904 ], [ -158143.032531436503632, 5353044.185909869149327 ], [ -157693.211063246562844, 5353561.938447837717831 ], [ -157311.432743248326005, 5353692.891623334027827 ], [ -157015.629916893696645, 5353448.943849815987051 ], [ -157010.373410538450116, 5353446.127032911404967 ], [ -156992.843039767292794, 5353444.690646198578179 ], [ -156987.81284593680175, 5353449.552498869597912 ], [ -156983.984012051019818, 5353448.928560968488455 ], [ -156980.207275686814683, 5353445.551255092956126 ], [ -156967.043968539655907, 5353445.299906527623534 ], [ -156958.649811016919557, 5353453.953547943383455 ], [ -156947.027388261136366, 5353459.240282996557653 ], [ -156936.089246415183879, 5353457.378863895311952 ], [ -156929.011219232110307, 5353454.48926947824657 ], [ -156921.797604909254005, 5353458.758530880324543 ], [ -156917.441116636968218, 5353457.022633424960077 ], [ -156912.071175720629981, 5353450.860459981486201 ], [ -156897.31466402093065, 5353447.824247553013265 ], [ -156878.097135047399206, 5353448.558876634575427 ], [ -156869.723794269491918, 5353456.111111569218338 ], [ -156861.402662332722684, 5353460.90998007170856 ], [ -156851.519717940100236, 5353461.272020461969078 ], [ -156835.64522459442378, 5353459.316115768626332 ], [ -156829.517977182142204, 5353464.156877432949841 ], [ -156819.635032789548859, 5353464.518917950801551 ], [ -156808.717819007986691, 5353461.555934746749699 ], [ -156794.117933832021663, 5353450.259455267339945 ], [ -156784.485792252118699, 5353437.405210595577955 ], [ -156776.796732384042116, 5353437.809141462668777 ], [ -156755.965182113344781, 5353436.860163861885667 ], [ -156751.53555693582166, 5353438.978889887221158 ], [ -156743.360810129350284, 5353436.068202605471015 ], [ -156732.537661317473976, 5353428.149205290712416 ], [ -156725.449281421722844, 5353425.810169973410666 ], [ -156701.201558617729461, 5353431.406028953380883 ], [ -156686.225524882291211, 5353439.93352457601577 ], [ -156647.748722125979839, 5353443.604679895564914 ], [ -156619.624298055103282, 5353440.573973814956844 ], [ -156619.108554854203248, 5353420.471013328060508 ], [ -156610.056499140860979, 5353405.975253645330667 ], [ -156595.890426020545419, 5353400.746340404264629 ], [ -156586.237579015170923, 5353388.993412683717906 ], [ -156558.49587135357433, 5353376.343357171863317 ], [ -156550.226948258088669, 5353378.388683503493667 ], [ -156517.758392378367716, 5353354.630788838490844 ], [ -156422.310277984943241, 5353219.536292415112257 ], [ -156389.27488325824379, 5353212.258218672126532 ], [ -156359.292202927405015, 5353201.222251099534333 ], [ -156331.08161757059861, 5353183.612735824659467 ], [ -156323.216895546065643, 5353164.190816246904433 ], [ -156300.672026992717292, 5353137.32962999958545 ], [ -156299.318938582116971, 5353121.886741863563657 ], [ -156263.202220350096468, 5353087.056978068314493 ], [ -156248.955774557456607, 5353085.682717080228031 ], [ -156216.292854846804403, 5353071.291285997256637 ], [ -156207.131817351968493, 5353062.30609334167093 ], [ -156205.114930817740969, 5353052.907210738398135 ], [ -156182.235324555455009, 5353043.658773340284824 ], [ -156178.897186985064764, 5353017.165920509025455 ], [ -156198.35472078085877, 5353004.324810360558331 ], [ -156207.375607036723522, 5352991.833968224003911 ], [ -156200.902156008058228, 5352957.022272451780736 ], [ -156174.611275269970065, 5352925.134228251874447 ], [ -156154.419589432363864, 5352890.059523850679398 ], [ -156144.367328094405821, 5352841.414834843948483 ], [ -156142.424023743515136, 5352828.163336156867445 ], [ -156130.519628717651358, 5352819.125635302625597 ], [ -156116.294444947649026, 5352816.650385815650225 ], [ -156109.804073356383014, 5352811.570554019883275 ], [ -156113.442439593549352, 5352793.471038644202054 ], [ -156121.376291021908401, 5352780.409176317974925 ], [ -156123.389392693265108, 5352761.177360220812261 ], [ -156142.454970561986556, 5352740.070243577472866 ], [ -156154.250717764924048, 5352725.981431148014963 ], [ -156163.617251039861003, 5352695.328500185161829 ], [ -156163.253458943916485, 5352656.78102502040565 ], [ -156167.398551503109047, 5352640.893761751241982 ], [ -156168.21975538667175, 5352626.59443776588887 ], [ -156161.899813935859129, 5352602.923307836055756 ], [ -156086.639934475853806, 5352598.254519361071289 ], [ -156078.819962886482244, 5352597.309143487364054 ], [ -156074.779288009740412, 5352597.514148176647723 ], [ -156068.402017021173378, 5352596.916561813093722 ], [ -156063.488819975493243, 5352595.596949391998351 ], [ -156055.933677454915596, 5352597.125846979208291 ], [ -156049.687429506884655, 5352598.553541895002127 ], [ -156045.884755701466929, 5352597.985001618042588 ], [ -156038.719787996029481, 5352599.650875171646476 ], [ -156027.673888883087784, 5352603.417398489080369 ], [ -156017.916512876108754, 5352605.40966032166034 ], [ -156005.647546517837327, 5352607.510157835669816 ], [ -155995.90809294875362, 5352610.563829557970166 ], [ -155984.140954855043674, 5352613.127080086618662 ], [ -155967.510490847402252, 5352612.695667559280992 ], [ -155942.075656993547454, 5352621.918299418874085 ], [ -155918.497854885004926, 5352627.300567267462611 ], [ -155910.283367020456353, 5352626.591686014086008 ], [ -155899.384966232726583, 5352622.800540458410978 ], [ -155884.68923497517244, 5352620.936078297905624 ], [ -155871.674205389688723, 5352617.919246003031731 ], [ -155852.66551178068039, 5352607.642088661901653 ], [ -155850.610665300191613, 5352604.944157114252448 ], [ -155841.754865848924965, 5352599.998511850833893 ], [ -155839.524023253528867, 5352588.942326585762203 ], [ -155837.507693316903897, 5352585.338161621242762 ], [ -155829.338178526522825, 5352582.138656153343618 ], [ -155827.025738744181581, 5352578.239599538035691 ], [ -155820.928547594492557, 5352574.267776481807232 ], [ -155820.349129644891946, 5352570.126723557710648 ], [ -155806.752678358956473, 5352558.026139639317989 ], [ -155798.226384600566234, 5352554.833675757981837 ], [ -155792.705049176875036, 5352552.318443642929196 ], [ -155783.39250585497939, 5352551.506225456483662 ], [ -155774.14764478354482, 5352548.588936441577971 ], [ -155767.034106682956917, 5352546.12568305619061 ], [ -155758.238865034800256, 5352546.961596190929413 ], [ -155750.692962031811476, 5352545.591236807405949 ], [ -155745.1472476394556, 5352540.025720832869411 ], [ -155744.659334311319981, 5352533.980338426306844 ], [ -155738.409412820299622, 5352530.831451710313559 ], [ -155736.563179065560689, 5352526.94143611844629 ], [ -155733.588388313073665, 5352524.681509943678975 ], [ -155732.399273512361106, 5352519.427409194409847 ], [ -155728.639791669207625, 5352516.601854130625725 ], [ -155725.916249007626902, 5352513.572978683747351 ], [ -155722.190274331194814, 5352510.971231568604708 ], [ -155721.374525102699408, 5352508.241377583704889 ], [ -155717.31036181334639, 5352506.472178250551224 ], [ -155714.619324442814104, 5352503.722146356478333 ], [ -155706.544653858669335, 5352501.309200032614172 ], [ -155699.893982200679602, 5352499.033687051385641 ], [ -155694.483632309187669, 5352495.020010652951896 ], [ -155688.655166410317179, 5352489.910697115585208 ], [ -155685.577405128831742, 5352488.736481809057295 ], [ -155682.90217512610252, 5352485.160789965651929 ], [ -155679.228743249288527, 5352479.777075601741672 ], [ -155671.386173803475685, 5352474.752156038768589 ], [ -155669.554634221509332, 5352468.659731347113848 ], [ -155662.245730414462741, 5352464.939888627268374 ], [ -155659.219176098704338, 5352459.650508124381304 ], [ -155656.25807764363708, 5352456.675003603100777 ], [ -155651.102092788525624, 5352453.712494165636599 ], [ -155648.702155886567198, 5352450.086979487910867 ], [ -155643.876122002198827, 5352444.212260625325143 ], [ -155643.032988178922096, 5352439.515576221980155 ], [ -155638.463657040440012, 5352435.999829050153494 ], [ -155623.353928596450714, 5352427.022587629035115 ], [ -155622.42852966953069, 5352422.324230313301086 ], [ -155614.203021175257163, 5352417.760708061046898 ], [ -155608.291622255754191, 5352412.691183519549668 ], [ -155606.102413149841595, 5352406.639157495461404 ], [ -155602.914779530954547, 5352404.052574533969164 ], [ -155599.497493802657118, 5352403.422439008019865 ], [ -155597.535376457934035, 5352399.860538356006145 ], [ -155591.806207544752397, 5352395.303753454238176 ], [ -155591.005709086399293, 5352391.254808568395674 ], [ -155585.952694760315353, 5352387.206629797816277 ], [ -155580.813407828885829, 5352380.499874151311815 ], [ -155573.212179039022885, 5352374.847167665138841 ], [ -155567.171983468637336, 5352366.471225657500327 ], [ -155564.182387223874684, 5352359.255120179615915 ], [ -155556.269018581748242, 5352354.147104147821665 ], [ -155551.785069492703769, 5352349.036033511161804 ], [ -155541.805054504075088, 5352340.102444003336132 ], [ -155540.699429321481148, 5352336.226572195999324 ], [ -155538.398789405211573, 5352334.585510766133666 ], [ -155533.354235360369785, 5352334.642072731629014 ], [ -155527.348548832233064, 5352328.535828585736454 ], [ -155519.978530624735868, 5352323.713543425314128 ], [ -155511.801557428552769, 5352318.049711931496859 ], [ -155504.434544847230427, 5352310.198775819502771 ], [ -155498.288150482694618, 5352305.950678740628064 ], [ -155487.476244939491153, 5352297.482771266251802 ], [ -155486.984435429010773, 5352293.068205115385354 ], [ -155483.373899064550642, 5352291.071424063295126 ], [ -155481.669041063141776, 5352285.532048097811639 ], [ -155472.927566729078535, 5352276.097720004618168 ], [ -155471.551880461891415, 5352267.991986532695591 ], [ -155467.362037467450136, 5352261.854142244905233 ], [ -155462.596227427595295, 5352255.705295443534851 ], [ -155455.617385910707526, 5352246.210002968087792 ], [ -155453.87356608742266, 5352239.844093067571521 ], [ -155444.295191821613116, 5352234.304594724439085 ], [ -155437.195234698825516, 5352234.016437564976513 ], [ -155433.518129278963897, 5352231.192497840151191 ], [ -155429.779575500200735, 5352220.107552889734507 ], [ -155424.177422126027523, 5352212.847687736153603 ], [ -155420.430964663246414, 5352208.860428079031408 ], [ -155416.046089921088424, 5352203.261635390110314 ], [ -155413.888940828386694, 5352198.043334332294762 ], [ -155412.401489792449865, 5352193.67222982365638 ], [ -155409.113334673340432, 5352188.968028470873833 ], [ -155403.143381701636827, 5352183.024225386790931 ], [ -155397.715665969473775, 5352180.026796375401318 ], [ -155390.722130279900739, 5352177.238338312134147 ], [ -155382.092977312073344, 5352171.166745498776436 ], [ -155374.325325883604819, 5352162.631851901300251 ], [ -155367.164588318730239, 5352152.530230266973376 ], [ -155363.675278879789403, 5352145.895644132979214 ], [ -155360.470390739879804, 5352139.668147455900908 ], [ -155357.851822358061327, 5352137.389512691646814 ], [ -155352.39271452956018, 5352133.555610832758248 ], [ -155347.646274081023876, 5352127.792990263551474 ], [ -155344.760761560028186, 5352123.83221298828721 ], [ -155343.999224923754809, 5352120.720153046771884 ], [ -155341.299949910928262, 5352118.463994313962758 ], [ -155335.455899283202598, 5352117.372220972552896 ], [ -155322.134518459031824, 5352110.769608999602497 ], [ -155309.640909368230496, 5352106.29826510977 ], [ -155303.150537777022691, 5352105.606238845735788 ], [ -155297.762451783724828, 5352100.543151865713298 ], [ -155296.95560811451287, 5352097.371787598356605 ], [ -155292.437483941670507, 5352092.174947184510529 ], [ -155287.196896273497259, 5352086.563689673319459 ], [ -155284.141844168159878, 5352082.925324411131442 ], [ -155280.554239618795691, 5352077.900007663294673 ], [ -155277.442859851202229, 5352074.342970447614789 ], [ -155270.919203732279129, 5352070.132280288264155 ], [ -155265.465216600365238, 5352068.511902662925422 ], [ -155260.171974813041743, 5352065.65468842536211 ], [ -155255.969107438198989, 5352061.253837290219963 ], [ -155252.0514405988215, 5352056.175029285252094 ], [ -155246.614707987901056, 5352050.377909026108682 ], [ -155239.887225881248014, 5352044.787925011478364 ], [ -155234.905344709899509, 5352038.855984636582434 ], [ -155231.259074788860744, 5352035.25524288136512 ], [ -155227.748392007721122, 5352033.070034329779446 ], [ -155219.605705214780755, 5352028.642600066028535 ], [ -155212.97251071681967, 5352025.705602492205799 ], [ -155208.737249370111385, 5352023.336040917783976 ], [ -155204.864555604901398, 5352020.117467671632767 ], [ -155200.977501625311561, 5352016.341702803038061 ], [ -155195.149481004336849, 5352010.085859958082438 ], [ -155192.280777726555243, 5352006.333487472496927 ], [ -155188.63829266835819, 5351999.992047133855522 ], [ -155187.021599703497486, 5351997.29459747299552 ], [ -155181.881422216218198, 5351993.613770761527121 ], [ -155179.19261123551405, 5351990.806871947832406 ], [ -155178.872011102037504, 5351985.96978107187897 ], [ -155176.972343991772505, 5351980.851422280073166 ], [ -155174.738718408916611, 5351975.539387268014252 ], [ -155172.272212451440282, 5351969.827309723012149 ], [ -155170.62657641901751, 5351961.096781939268112 ], [ -155167.302242465462768, 5351954.054949916899204 ], [ -155158.157457616180182, 5351943.564210704527795 ], [ -155142.02514833008172, 5351926.722462501376867 ], [ -155128.536676950141555, 5351915.028567146509886 ], [ -155123.69973375563859, 5351909.838248807936907 ], [ -155121.336754924617708, 5351905.112025773152709 ], [ -155120.660155059478711, 5351900.041098991408944 ], [ -155119.271333092503482, 5351890.467139285989106 ], [ -155102.31948971489328, 5351873.471860259771347 ], [ -155085.810475271748146, 5351854.832119600847363 ], [ -155069.646662569517503, 5351846.8059356296435 ], [ -155064.158611673599808, 5351839.812341631390154 ], [ -155053.823042231233558, 5351828.1793944966048 ], [ -155042.591462207608856, 5351813.222944246605039 ], [ -155032.922139917936875, 5351806.900896043516695 ], [ -155023.799841605854454, 5351799.222665898501873 ], [ -155010.287881813535932, 5351795.931255303323269 ], [ -155005.193790595221799, 5351789.968901303596795 ], [ -154987.533398658793885, 5351772.020870710723102 ], [ -154977.781699945917353, 5351767.753147372975945 ], [ -154961.115836340119131, 5351751.156294257380068 ], [ -154947.376784786581993, 5351730.110778051428497 ], [ -154935.259658213704824, 5351718.443268807604909 ], [ -154910.691001317580231, 5351683.944195098243654 ], [ -154903.104911978502059, 5351679.114142380654812 ], [ -154896.31253060878953, 5351668.651533463038504 ], [ -154886.578197736409493, 5351661.438109069131315 ], [ -154870.473273044946836, 5351643.219460517168045 ], [ -154866.793829915579408, 5351634.883308777585626 ], [ -154854.373691688786494, 5351624.725243728607893 ], [ -154813.284888400550699, 5351622.2784378612414 ], [ -154803.520165307301795, 5351616.885592565871775 ], [ -154796.58151012667804, 5351610.465237 ], [ -154791.270791179296793, 5351597.60894763469696 ], [ -154776.201916988531593, 5351582.578426157124341 ], [ -154768.549703871889506, 5351565.790525614283979 ], [ -154746.191184146155138, 5351545.907907626591623 ], [ -154738.025342898909003, 5351542.719612346962094 ], [ -154730.890320136590162, 5351535.831871069036424 ], [ -154715.223548960813787, 5351516.244177710264921 ], [ -154707.027985409687972, 5351507.867021273821592 ], [ -154560.431347983976593, 5351396.697073037736118 ], [ -154513.966815165855223, 5351227.223034017719328 ], [ -154241.561564664327307, 5350844.268217602744699 ], [ -153904.018938639404951, 5350576.227653347887099 ], [ -153795.070330361049855, 5349264.421833386644721 ], [ -153435.193340939702466, 5347942.138883692212403 ], [ -153406.244150761514902, 5347354.510781722143292 ], [ -153435.877621849591378, 5347315.829267296940088 ], [ -153441.044961292791413, 5347303.822142072021961 ], [ -153441.172422109782929, 5347297.220498691312969 ], [ -153435.35531079894281, 5347286.100174841471016 ], [ -153435.019682534155436, 5347275.086662457324564 ], [ -153432.448981533321785, 5347266.231125907041132 ], [ -153435.971798138838494, 5347254.191979415714741 ], [ -153426.594021595432423, 5347228.6934311427176 ], [ -153425.438525281031616, 5347203.355072342790663 ], [ -153422.889086302922806, 5347193.39924085047096 ], [ -153426.832467944681412, 5347187.972597544081509 ], [ -153421.520969761098968, 5347179.063668900169432 ], [ -153410.600416394736385, 5347176.649657805450261 ], [ -153405.038560676242923, 5347152.326391943730414 ], [ -153399.370283524622209, 5347133.504356942139566 ], [ -153390.434445359540405, 5347113.518295138143003 ], [ -153394.947337516350672, 5347107.002040339633822 ], [ -153384.031570888211718, 5347075.970521101728082 ], [ -153389.220061034575338, 5347062.863510200753808 ], [ -153384.414287297520787, 5347056.16578402929008 ], [ -153377.224606665113242, 5347059.327944990247488 ], [ -153370.731897364603356, 5347054.798830011859536 ], [ -153367.176130189734977, 5347011.803515277802944 ], [ -153386.051685687561985, 5346971.446182084269822 ], [ -153395.842680180794559, 5346918.805096653290093 ], [ -153412.860869974771049, 5346889.418583938851953 ], [ -153416.936387852183543, 5346848.773790614679456 ], [ -153431.804330362152541, 5346817.144388621672988 ], [ -153438.093547633325215, 5346775.442375068552792 ], [ -153472.77903117222013, 5346739.796220767311752 ], [ -153485.347892238729401, 5346713.625483201816678 ], [ -153504.787392276979517, 5346700.796121005900204 ], [ -153512.843583825655514, 5346681.141445289365947 ], [ -153511.496729306556517, 5346665.706361096352339 ], [ -153526.699743483681232, 5346645.090182390995324 ], [ -153554.254657039768063, 5346637.92174625210464 ], [ -153587.401037298957817, 5346596.742570761591196 ], [ -153587.090678558626678, 5346556.013806190341711 ], [ -153578.830549702775897, 5346529.438426113687456 ], [ -153591.547465691866819, 5346495.56677033752203 ], [ -153594.670311367197428, 5346475.816585693508387 ], [ -153606.877495408029063, 5346468.349606926552951 ], [ -153609.766681472130585, 5346460.701597251929343 ], [ -153606.75404209268163, 5346446.335223522037268 ], [ -153642.151747733762022, 5346430.51416493486613 ], [ -153692.811578201421071, 5346419.392126099206507 ], [ -153729.114199982839637, 5346413.493865318596363 ], [ -153749.121986021607881, 5346399.574730221182108 ], [ -153785.887808204453904, 5346398.087640450336039 ], [ -153831.33855441986816, 5346401.171511077322066 ], [ -153837.010505114885746, 5346391.376184529624879 ], [ -153836.002507125667762, 5346358.338860800489783 ], [ -153859.280748484452488, 5346316.968429597094655 ], [ -153887.467288831307087, 5346305.409142411313951 ], [ -153900.416083319869358, 5346259.435971685685217 ], [ -153905.960684517252957, 5346256.241847771219909 ], [ -153904.909939843666507, 5346225.405195069499314 ], [ -153913.343504466320155, 5346214.563122518360615 ], [ -153911.426694154099096, 5346200.218516206368804 ], [ -153928.566110873623984, 5346192.847086480818689 ], [ -153949.375619885133347, 5346165.736523838713765 ], [ -153953.424198445718503, 5346154.809428568929434 ], [ -153950.474788537190761, 5346137.143116760998964 ], [ -153958.468863810121547, 5346092.175071473233402 ], [ -153960.537068629433634, 5346070.204046585597098 ], [ -153975.102333443937823, 5346082.592875105328858 ], [ -153995.636104076664196, 5346069.784394707530737 ], [ -153995.911508496908937, 5346055.482480643317103 ], [ -154010.921828635357087, 5346044.768166285008192 ], [ -154026.228703897388186, 5346018.651780695654452 ], [ -154043.455061139335157, 5345978.26544819585979 ], [ -154040.884137499408098, 5345969.41114473156631 ], [ -154052.375314575445373, 5345942.120358454063535 ], [ -154066.204534916701959, 5345935.785338870249689 ], [ -154068.54513853014214, 5345928.126920217648149 ], [ -154066.543391446612077, 5345918.183145468123257 ], [ -154068.968709192646202, 5345906.124354519881308 ], [ -154057.334486570762238, 5345883.887958678416908 ], [ -154061.994431774888653, 5345869.671419655904174 ], [ -154072.725630687375087, 5345853.371356846764684 ], [ -154077.512702749925666, 5345832.554106468334794 ], [ -154073.31862961492152, 5345822.568118329159915 ], [ -154097.100146391458111, 5345783.410083813592792 ], [ -154112.260636523133144, 5345736.381613779813051 ], [ -154107.121126952784834, 5345690.060206821188331 ], [ -154111.190522258140845, 5345678.033485505729914 ], [ -154101.327726693387376, 5345649.229085931554437 ], [ -154101.835900168807711, 5345622.826773413456976 ], [ -154101.859499900921946, 5345593.11347265727818 ], [ -154093.238695894891862, 5345585.242847465910017 ], [ -154089.27772577360156, 5345563.156157767400146 ], [ -154077.138112663466018, 5345538.709857692010701 ], [ -154068.792713077680673, 5345516.538191990926862 ], [ -154090.105942784954095, 5345491.640003783628345 ], [ -154079.780058138421737, 5345458.425159628503025 ], [ -154069.66356545407325, 5345442.822235903702676 ], [ -154073.332989829155849, 5345423.084671070799232 ], [ -154064.249096741405083, 5345410.803191085346043 ], [ -154066.232030830957228, 5345393.23406864143908 ], [ -154063.642628155706916, 5345356.868073255755007 ], [ -154049.753295289323432, 5345337.890648304484785 ], [ -154044.172181298868963, 5345286.060450912453234 ], [ -154025.668321580858901, 5345250.486750138923526 ], [ -154025.101816692185821, 5345222.964204809628427 ], [ -154021.413801962189609, 5345215.189515977166593 ], [ -154012.097028499701992, 5345215.008808802813292 ], [ -154005.120858650683658, 5345207.170275777578354 ], [ -154007.103904059767956, 5345189.60153743904084 ], [ -153993.045476886967663, 5345179.424686700105667 ], [ -153980.401029886124888, 5345152.768609570339322 ], [ -153975.259627884341171, 5345135.061733280308545 ], [ -153968.495299026399152, 5345116.22284778021276 ], [ -153947.839522231632145, 5345107.018493490293622 ], [ -153935.70091099711135, 5345082.573237842880189 ], [ -153919.281063466070918, 5345081.154179837554693 ], [ -153901.177842595265247, 5345053.291959131136537 ], [ -153900.336155925469939, 5345040.070329448208213 ], [ -153907.73600775655359, 5345025.908235422335565 ], [ -153919.456614302995149, 5345015.131408623419702 ], [ -153915.938250477105612, 5344998.556516920216382 ], [ -153915.033000377938151, 5344988.635119498707354 ], [ -153901.883274208375951, 5344959.768697218969464 ], [ -153900.914460680127377, 5344953.1473303521052 ], [ -153889.006169471918838, 5344945.21324413921684 ], [ -153875.838632183964364, 5344888.83624351862818 ], [ -153860.242771523917327, 5344873.127656016498804 ], [ -153845.679399140906753, 5344860.740283409133554 ], [ -153830.377199297421612, 5344858.242403800599277 ], [ -153805.465233091788832, 5344842.353015206754208 ], [ -153771.869790006836411, 5344821.893313567154109 ], [ -153748.520638132438762, 5344781.824994220398366 ], [ -153733.179699106200133, 5344752.916596787981689 ], [ -153709.824647298810305, 5344728.901943075470626 ], [ -153689.547356772905914, 5344704.016094124875963 ], [ -153704.74268990510609, 5344664.479220955632627 ], [ -153793.981848380004521, 5344564.822202792391181 ], [ -153901.961531810462475, 5344415.074052231386304 ], [ -153914.592509152920684, 5344356.999966696836054 ], [ -153919.548452883056598, 5344327.386470868252218 ], [ -153955.718604470457649, 5344299.479003110900521 ], [ -153960.92579629123793, 5344285.275421103462577 ], [ -153985.333819162187865, 5344270.344064993783832 ], [ -153994.249842457706109, 5344262.814551554620266 ], [ -154011.785333925567102, 5344263.154545680619776 ], [ -154023.483676573901903, 5344253.478311588056386 ], [ -154027.594816688535502, 5344239.253569231368601 ], [ -154069.117098073707893, 5344218.051668641157448 ], [ -154068.275077445548959, 5344204.831224455498159 ], [ -154077.423869796301005, 5344185.202587278559804 ], [ -154077.804916413297178, 5344165.40384344290942 ], [ -154090.453259596135467, 5344134.839719321578741 ], [ -154088.727028252498712, 5344110.59893078636378 ], [ -154084.260890281933825, 5344086.305206352844834 ], [ -154092.228916793974349, 5344071.055106672458351 ], [ -154090.987147874140646, 5344050.124844855628908 ], [ -154112.047571017639711, 5343981.212950327433646 ], [ -154119.848395654553315, 5343946.154206263832748 ], [ -154133.740288869070355, 5343907.912661196663976 ], [ -154158.339558625040809, 5343854.474525727331638 ], [ -154160.764208454173058, 5343842.418100732378662 ], [ -154173.999873270397075, 5343838.273445737548172 ], [ -154176.57246670263703, 5343818.51789828389883 ], [ -154192.126916512206662, 5343807.816236954182386 ], [ -154202.370981332991505, 5343788.20951302908361 ], [ -154196.21857571581495, 5343766.084472383372486 ], [ -154194.028698692913167, 5343737.434589984826744 ], [ -154186.169097365142079, 5343718.577454268932343 ], [ -154189.078098298487021, 5343709.831597690470517 ], [ -154174.285407764225965, 5343680.937675960361958 ], [ -154182.843204938602867, 5343663.49903826136142 ], [ -154181.28595658193808, 5343630.460697693750262 ], [ -154191.743643505411455, 5343625.936304297298193 ], [ -154194.461954151222017, 5343572.401583225466311 ], [ -154172.044880373199703, 5343483.946549001149833 ], [ -154163.70092794066295, 5343461.779773524962366 ], [ -154145.451878537103767, 5343441.621679736301303 ], [ -154144.061943374894327, 5343428.391646690666676 ], [ -154145.411692200868856, 5343415.214933041483164 ], [ -154126.278432081860956, 5343384.037337035872042 ], [ -154109.694610940961866, 5343362.811267123557627 ], [ -154106.809098420053488, 5343341.850830174051225 ], [ -154099.413142771285493, 5343327.404352379962802 ], [ -154104.558440955093829, 5343287.89561871252954 ], [ -154097.900978808349464, 5343263.561583070084453 ], [ -154070.337716290436219, 5343243.223096521571279 ], [ -154069.138360096607357, 5343220.095212103798985 ], [ -154046.294932668854017, 5343210.850580303929746 ], [ -154036.646427123923786, 5343171.055533117614686 ], [ -154043.729575003409991, 5343144.787611626088619 ], [ -154022.995874565240229, 5343111.379240174777806 ], [ -153990.859273407229921, 5343100.854170275852084 ], [ -153973.370870084123453, 5343069.709238925017416 ], [ -153971.097280804184265, 5343045.460684226825833 ], [ -153955.379859260079684, 5343007.748946673236787 ], [ -153950.281983179185772, 5342987.84641414694488 ], [ -153954.456241444859188, 5342970.324316087178886 ], [ -153951.907247744646156, 5342960.373160841874778 ], [ -153999.998826240363996, 5342939.301841165870428 ], [ -154030.181102418049704, 5342880.476891801692545 ], [ -154039.566337367316009, 5342791.544171975925565 ], [ -154010.741936338366941, 5342751.379212496802211 ], [ -154010.553917718381854, 5342732.672661891207099 ], [ -154029.07892813970102, 5342709.928283565677702 ], [ -154025.288499478221638, 5342679.050224700942636 ], [ -154009.023719997960143, 5342641.32943316269666 ], [ -154013.324659844191046, 5342617.209506813436747 ], [ -154003.129019001935376, 5342577.406305461190641 ], [ -153986.885501544282306, 5342538.586264728568494 ], [ -153984.087820101733087, 5342484.625015297904611 ], [ -153973.892401898425305, 5342444.822380341589451 ], [ -153965.171410350740189, 5342413.849605223163962 ], [ -153943.510418554156786, 5342400.227963301353157 ], [ -153951.738821355131222, 5342393.966971573419869 ], [ -153961.148323953471845, 5342395.069363933987916 ], [ -153975.520115492778132, 5342388.747292879968882 ], [ -153994.656047279626364, 5342362.715217924676836 ], [ -154016.846140615933109, 5342348.843823204748333 ], [ -154038.300300798582612, 5342316.256197853013873 ], [ -154056.909134796529543, 5342289.113852090202272 ], [ -154069.82753906401922, 5342272.862505278550088 ], [ -154073.36872338570538, 5342259.729877722449601 ], [ -154082.936410980502842, 5342246.713935031555593 ], [ -154095.052980955806561, 5342243.648389674723148 ], [ -154093.33721364417579, 5342231.946185382083058 ], [ -154087.173453439085279, 5342225.893900816328824 ], [ -154093.159993014880456, 5342199.607418075203896 ], [ -154111.535612679552287, 5342184.56197517644614 ], [ -154155.407069279288407, 5342183.211769759654999 ], [ -154187.648422078200383, 5342159.633904109708965 ], [ -154208.048052724567242, 5342124.825880145654082 ], [ -154248.424188632692676, 5342077.203541656024754 ], [ -154273.102272588177584, 5342019.376590860076249 ], [ -154284.147281145356828, 5341957.985829453915358 ], [ -154283.833582820167067, 5341917.277036217041314 ], [ -154309.141846412967425, 5341883.664784854277968 ], [ -154311.251796041469788, 5341830.902341326698661 ], [ -154338.583514018595451, 5341777.528339810669422 ], [ -154336.478128489019582, 5341744.485997480340302 ], [ -154343.222642477834597, 5341707.214860921725631 ], [ -154357.164406824245816, 5341690.472085858695209 ], [ -154361.029419544647681, 5341664.657567164860666 ], [ -154354.393442059517838, 5341639.22821599803865 ], [ -154359.853440443897853, 5341583.232032898813486 ], [ -154332.570591723284451, 5341520.002364852465689 ], [ -154301.916654863103759, 5341461.107891683466733 ], [ -154168.709748428984312, 5341178.02820345852524 ], [ -154140.754641303617973, 5341121.387707504443824 ], [ -154057.009099699353101, 5341059.26646117027849 ], [ -153984.387269532016944, 5341017.159950079396367 ], [ -153970.613041019125376, 5341013.765621523372829 ], [ -153907.798680629843147, 5340979.246327674016356 ], [ -153863.746775135572534, 5340944.366981755942106 ], [ -153846.040408249595203, 5340927.373039508238435 ], [ -153824.700795823038789, 5340911.756479466333985 ], [ -153812.651685458869906, 5340900.663624385371804 ], [ -153804.923441130114952, 5340891.403124311007559 ], [ -153796.443456279987004, 5340880.802999122068286 ], [ -153818.020958458364476, 5340863.238752888515592 ], [ -153843.346253933326807, 5340857.130559579469264 ], [ -153852.161867048329441, 5340769.306065530516207 ], [ -153866.639857381902402, 5340728.889350074343383 ], [ -153889.567442344588926, 5340676.537432907149196 ], [ -153900.210810178890824, 5340636.046612783335149 ], [ -153891.491488423518604, 5340605.079696472734213 ], [ -153907.503906618076144, 5340598.790749347768724 ], [ -153924.318159104936058, 5340579.318262461572886 ], [ -153926.215488506131805, 5340566.156111899763346 ], [ -153939.110515680600656, 5340551.007348340936005 ], [ -154002.757323222205741, 5340546.741710381582379 ], [ -154028.923303491639672, 5340553.848359883762896 ], [ -154181.771754839719506, 5340555.709644301794469 ], [ -154214.743586137250531, 5340550.848411726765335 ], [ -154231.451417190983193, 5340536.873145586811006 ], [ -154276.979530452488689, 5340534.454595346003771 ], [ -154282.668401709961472, 5340523.565554343163967 ], [ -154317.979055509029422, 5340511.050066251307726 ], [ -154363.297108891478274, 5340491.028587525710464 ], [ -154411.774966020253487, 5340477.667472584173083 ], [ -154436.551011127565289, 5340471.54716526158154 ], [ -154474.178891447023489, 5340452.476480141282082 ], [ -154503.631468362669693, 5340459.645196635276079 ], [ -154523.28770744940266, 5340463.32497909385711 ], [ -154612.426121785276337, 5340444.149117643944919 ], [ -154665.917586140218191, 5340426.484012921340764 ], [ -154682.919300649664365, 5340425.712547061033547 ], [ -154728.952359121409245, 5340425.501397797837853 ], [ -154753.159450311417459, 5340391.871930938214064 ], [ -154785.224473036825657, 5340377.092311087064445 ], [ -154831.341577724262606, 5340372.482778335921466 ], [ -154899.474004147283267, 5340334.201087744906545 ], [ -154925.9343131504138, 5340297.315135532058775 ], [ -154968.258206188998884, 5340261.835134152323008 ], [ -154972.892770549224224, 5340248.725951104424894 ], [ -155006.810706198972184, 5340222.982753987424076 ], [ -155029.87866503954865, 5340191.531105756759644 ], [ -155066.935476371261757, 5340173.547398120164871 ], [ -155101.61082983657252, 5340136.819942594505847 ], [ -155176.165055044490146, 5340077.763525969348848 ], [ -155223.542741645534988, 5340035.781446559354663 ], [ -155232.663815443142084, 5340017.259426306933165 ], [ -155250.718278376967646, 5340018.706872880458832 ], [ -155267.992280360864243, 5340003.641439808532596 ], [ -155277.108678739925381, 5339980.897004036232829 ], [ -155291.037752664386062, 5339973.289278988726437 ], [ -155300.727446420962224, 5339953.678561244159937 ], [ -155338.645536653028103, 5339919.213115629740059 ], [ -155429.859280255506746, 5339848.378411584533751 ], [ -155478.267228743992746, 5339809.71522721927613 ], [ -155513.065590246551437, 5339766.39106445107609 ], [ -155571.415705096558668, 5339723.519597107544541 ], [ -155606.889330630132463, 5339702.204770119860768 ], [ -155614.767077035212424, 5339691.357920386828482 ], [ -155626.754071123286849, 5339694.88763726875186 ], [ -155654.26323236853932, 5339660.22193973697722 ], [ -155673.622025776043301, 5339650.695513423532248 ], [ -155704.899240465339972, 5339590.80681518651545 ], [ -155717.242345604376169, 5339575.646508041769266 ], [ -155734.215562324156053, 5339518.782943254336715 ], [ -155758.733902810403379, 5339497.257608888670802 ], [ -155780.387881478876807, 5339482.276218011043966 ], [ -155811.34961673131329, 5339438.878774492070079 ], [ -155822.911036406061612, 5339407.207043911330402 ], [ -155862.527639428473776, 5339340.880681194365025 ], [ -155879.862199215422152, 5339322.516972952522337 ], [ -155922.621240143460454, 5339292.54348043166101 ], [ -155940.293988543358864, 5339285.183925461024046 ], [ -155949.392019206454279, 5339267.762060814537108 ], [ -155963.168140150519321, 5339263.627225500531495 ], [ -155995.035459460603306, 5339230.145446554757655 ], [ -156020.92358628087095, 5339222.94317561481148 ], [ -156063.004468870989513, 5339170.961354667320848 ], [ -156077.913599592488026, 5339136.054886289872229 ], [ -156094.54517679483979, 5339068.189425117336214 ], [ -156098.583959240379045, 5339028.676152573898435 ], [ -156093.809800238755997, 5338934.007859810255468 ], [ -156099.366089982737321, 5338901.122599204070866 ], [ -156091.272383765608538, 5338865.776595533825457 ], [ -156084.49580976361176, 5338761.174275542609394 ], [ -156077.648547884862637, 5338744.003579137846828 ], [ -156079.452034955233103, 5338718.083498477935791 ], [ -156083.129140375123825, 5338682.714528692886233 ], [ -156088.503200112754712, 5338659.507288071326911 ], [ -156106.379774500179337, 5338595.911871384829283 ], [ -156121.81188418934471, 5338546.183061804622412 ], [ -156139.005624820332741, 5338477.562496595084667 ], [ -156144.118529032537481, 5338398.721853724680841 ], [ -156153.576010331191355, 5338376.628227414563298 ], [ -156153.609851456567412, 5338362.870528863742948 ], [ -156155.166320576739963, 5338350.36465791426599 ], [ -156155.33040550610167, 5338339.256076061166823 ], [ -156161.113341733289417, 5338325.781122719869018 ], [ -156171.695149889128515, 5338315.165750778280199 ], [ -156181.984744381712517, 5338297.267172737047076 ], [ -156187.590793938201386, 5338285.433767911978066 ], [ -156193.975634652044391, 5338268.912055044434965 ], [ -156200.941006510460284, 5338262.092735751532018 ], [ -156214.053997247945517, 5338259.183582323603332 ], [ -156222.779664214234799, 5338259.940520788542926 ], [ -156224.633579013869166, 5338230.972824196331203 ], [ -156215.861269180983072, 5338222.50167618971318 ], [ -156207.833241463289596, 5338212.464921998791397 ], [ -156201.025943281914806, 5338195.862898072227836 ], [ -156190.786219921312295, 5338186.881970551796257 ], [ -156189.41431851676316, 5338172.580397862009704 ], [ -156181.344657309702598, 5338164.739086386747658 ], [ -156172.13786750411964, 5338159.072257790714502 ], [ -156171.230168376117945, 5338149.172029838897288 ], [ -156170.891089207172627, 5338138.184423870407045 ], [ -156165.054051707556937, 5338128.189735685475171 ], [ -156161.788717083953088, 5338127.029082607477903 ], [ -156159.70214454876259, 5338121.498734475113451 ], [ -156157.412302623066353, 5338121.744480167515576 ], [ -156154.16244140881463, 5338124.686865600757301 ], [ -156149.75986686735996, 5338125.700681451708078 ], [ -156144.303653345734347, 5338124.49820611346513 ], [ -156143.860267813841347, 5338118.999150075949728 ], [ -156145.899974843545351, 5338098.174292263574898 ], [ -156139.682224685471738, 5338079.387481764890254 ], [ -156139.039688584423857, 5338057.834333267062902 ], [ -156136.98027800489217, 5338048.589173370040953 ], [ -156134.914633533655433, 5338041.960962595418096 ], [ -156136.745616518193856, 5338032.113213030621409 ], [ -156144.095374578406336, 5338020.174978981725872 ], [ -156149.035176982346456, 5338014.838999007828534 ], [ -156153.264204437611625, 5338007.767406926490366 ], [ -156160.953264305571793, 5338006.814200071617961 ], [ -156166.070955255941954, 5337997.008156997151673 ], [ -156165.414615538116777, 5337973.886419815011322 ], [ -156163.855029472120805, 5337969.45482621062547 ], [ -156172.597728320542956, 5337970.722609164193273 ], [ -156178.179510227841092, 5337965.327282668091357 ], [ -156179.927226233296096, 5337959.858694770373404 ], [ -156184.392584967543371, 5337955.542346777394414 ], [ -156189.322145978367189, 5337955.636674807406962 ], [ -156192.75479379639728, 5337947.999465147964656 ], [ -156191.784755753702484, 5337941.378194426186383 ], [ -156196.0787937916175, 5337917.250891509465873 ], [ -156196.793687561439583, 5337908.461177011020482 ], [ -156194.201501898787683, 5337900.708615102805197 ], [ -156197.780423527758103, 5337885.371101881377399 ], [ -156196.55546385110938, 5337863.339134785346687 ], [ -156199.967183604923775, 5337856.801872201263905 ], [ -156199.586693585501052, 5337847.991304028779268 ], [ -156205.314749303768622, 5337834.895894333720207 ], [ -156205.398350241361186, 5337830.495809054933488 ], [ -156208.747285802382976, 5337827.258630951866508 ], [ -156206.828249100508401, 5337812.916399306617677 ], [ -156207.267181852832437, 5337789.81602923758328 ], [ -156203.240867190208519, 5337771.031976977363229 ], [ -156201.72313725281856, 5337764.400453022681177 ], [ -156196.833317300188355, 5337766.158459672704339 ], [ -156182.929624219512334, 5337744.233310671523213 ], [ -156182.294212566077476, 5337720.012192323803902 ], [ -156185.304514236107934, 5337705.76445117034018 ], [ -156186.671740222111112, 5337691.485442638397217 ], [ -156191.178732445870992, 5337684.969210860319436 ], [ -156186.458452077757102, 5337673.874853285029531 ], [ -156188.310697085136781, 5337662.906275669112802 ], [ -156183.527632524055662, 5337655.111944861710072 ], [ -156177.544766491453629, 5337652.796556562185287 ], [ -156176.61658457716112, 5337643.975649771280587 ], [ -156178.953737286268733, 5337636.317632600665092 ], [ -156180.237251015321817, 5337626.438564695417881 ], [ -156178.109156309772516, 5337623.096754010766745 ], [ -156179.961401317064883, 5337612.128236139193177 ], [ -156179.559983233339153, 5337604.417740887962282 ], [ -156182.465755901415832, 5337595.670294164679945 ], [ -156180.061811497842427, 5337578.017913050949574 ], [ -156176.227856915385928, 5337577.944498900324106 ], [ -156171.971778823790373, 5337571.260760864242911 ], [ -156173.464350556285353, 5337550.38187532313168 ], [ -156174.873321351391496, 5337533.903132386505604 ], [ -156168.040753645414952, 5337528.053687031380832 ], [ -156162.949445414502406, 5337527.072598421946168 ], [ -156160.273658814228838, 5337523.720139445737004 ], [ -156156.66980161939864, 5337511.546900178305805 ], [ -156157.342950580146862, 5337504.957533217035234 ], [ -156160.691886141168652, 5337501.720468146726489 ], [ -156159.659175225096988, 5337498.399612050503492 ], [ -156161.650124317908194, 5337491.200815728865564 ], [ -156167.771583116758848, 5337483.037729918956757 ], [ -156180.53113447088981, 5337466.853827506303787 ], [ -156186.952376658387948, 5337446.085829647257924 ], [ -156186.697121066012187, 5337430.687556158751249 ], [ -156181.997991401178297, 5337418.50283882394433 ], [ -156180.647352019383106, 5337403.083701223134995 ], [ -156166.637905422452604, 5337390.72075383272022 ], [ -156171.33258230771753, 5337374.317995023913682 ], [ -156174.952803467720514, 5337356.795000770129263 ], [ -156180.65915188533836, 5337344.809554792940617 ], [ -156185.437318388576386, 5337324.010235626250505 ], [ -156197.00085313373711, 5337320.933030676096678 ], [ -156203.672564175445586, 5337286.97593851480633 ], [ -156200.006145426712465, 5337278.109743479639292 ], [ -156207.965711657481734, 5337262.86910174973309 ], [ -156206.59425553077017, 5337248.549258135259151 ], [ -156215.080585592077114, 5337234.418230616487563 ], [ -156217.099475877039367, 5337214.665840903297067 ], [ -156223.208466892800061, 5337182.222379789687693 ], [ -156224.882489395444281, 5337151.044108505360782 ], [ -156229.618688450660557, 5337132.443419915623963 ], [ -156239.38808696277556, 5337108.441680368036032 ], [ -156241.928954339964548, 5337061.212473812513053 ], [ -156246.287669002078474, 5337047.541114886291325 ], [ -156247.85037201383966, 5336951.378357850946486 ], [ -156247.235331827047048, 5336926.078919839113951 ], [ -156240.321612212370383, 5336915.19134605769068 ], [ -156248.048520707379794, 5336911.052517712116241 ], [ -156261.919374538090779, 5336901.44022988434881 ], [ -156276.718187644146383, 5336900.625865067355335 ], [ -156318.050557978393044, 5336881.772179590538144 ], [ -156322.665307469171239, 5336878.469095225445926 ], [ -156327.716985961509636, 5336857.676615801639855 ], [ -156329.568674371257657, 5336846.717850124463439 ], [ -156332.599124869011575, 5336831.383902130648494 ], [ -156334.270920981914969, 5336815.4743129350245 ], [ -156338.774907579296269, 5336794.671443532221019 ], [ -156341.038589424628299, 5336790.866896167397499 ], [ -156341.437558479665313, 5336784.278038535267115 ], [ -156339.351319902518298, 5336778.741008717566729 ], [ -156340.230298601876711, 5336746.874879229813814 ], [ -156342.796546823316021, 5336727.134510600939393 ], [ -156340.172969064180506, 5336721.037573390640318 ], [ -156340.621586611989187, 5336697.408965244889259 ], [ -156336.102126605459489, 5336690.176449288614094 ], [ -156336.58213624972268, 5336664.8993910998106 ], [ -156333.58574951600167, 5336635.158172430470586 ], [ -156330.224234852445079, 5336624.649722748436034 ], [ -156329.694910673802951, 5336609.248074867762625 ], [ -156326.059550062986091, 5336598.734312965534627 ], [ -156326.732365065254271, 5336592.150779913179576 ], [ -156321.010877197055379, 5336576.100127806887031 ], [ -156320.838777264259988, 5336556.307775009423494 ], [ -156318.035418527637376, 5336545.260391167365015 ], [ -156317.939015848620329, 5336535.913718563504517 ], [ -156313.998528513475321, 5336527.043201550841331 ], [ -156311.909840907726903, 5336507.21432632766664 ], [ -156298.244928134838119, 5336476.720021682791412 ], [ -156288.956763781607151, 5336459.741700219921768 ], [ -156300.199587073759176, 5336445.518776285462081 ], [ -156282.409173972147983, 5336401.737768162041903 ], [ -156282.028683952521533, 5336392.932390135712922 ], [ -156252.928878503211308, 5336339.037382543087006 ], [ -156228.711434600758366, 5336287.873589375987649 ], [ -156207.535795783944195, 5336249.088891385123134 ], [ -156198.98267402840429, 5336223.631122563965619 ], [ -156193.229571424657479, 5336194.927808120846748 ], [ -156178.073088794684736, 5336156.696689520031214 ], [ -156173.509100991592277, 5336123.067511045373976 ], [ -156163.840223979816074, 5336098.68838581815362 ], [ -156150.773653470008867, 5336094.589139088056982 ], [ -156145.066859774466138, 5336092.280547655187547 ], [ -156125.125531471800059, 5336089.699253767728806 ], [ -156106.753474030760117, 5336090.997149303555489 ], [ -156101.803764192038216, 5336083.761441215872765 ], [ -156088.798753360752016, 5335701.922252879478037 ], [ -156128.335762947273906, 5335689.746356185525656 ], [ -156132.536626571352826, 5335684.88064091373235 ], [ -156152.933140272012679, 5335678.126844323240221 ], [ -156163.358099265256897, 5335677.227284582331777 ], [ -156172.518580162606668, 5335670.807833468541503 ], [ -156179.068730320374016, 5335672.03242415189743 ], [ -156183.532975859649014, 5335667.721255276352167 ], [ -156188.902026220079279, 5335659.031170534901321 ], [ -156202.886314611998387, 5335658.199670787900686 ], [ -156215.496697848604526, 5335650.07420239970088 ], [ -156234.907254819234367, 5335645.07345989253372 ], [ -156245.319300751551054, 5335630.434580236673355 ], [ -156261.4079727975477, 5335619.751166861504316 ], [ -156264.513563951622928, 5335614.864582451991737 ], [ -156277.14966199058108, 5335612.908148773945868 ], [ -156282.583834253193345, 5335615.210212499834597 ], [ -156288.933164049492916, 5335612.583882253617048 ], [ -156297.115591900801519, 5335614.389093191362917 ], [ -156306.645319549104897, 5335621.997534676454961 ], [ -156325.339646915992489, 5335628.118168703280389 ], [ -156329.321433782170061, 5335634.789069245569408 ], [ -156351.110109034663765, 5335641.25076478626579 ], [ -156367.40205047064228, 5335648.706478990614414 ], [ -156373.678466000652406, 5335649.925573294050992 ], [ -156386.369444548588945, 5335659.510629590600729 ], [ -156397.952237565477844, 5335655.335582762956619 ], [ -156405.344630990643054, 5335655.476887317374349 ], [ -156421.370518843672471, 5335648.089378370903432 ], [ -156431.563488018175121, 5335644.986785057932138 ], [ -156440.26232698734384, 5335648.450421904213727 ], [ -156453.951952686969889, 5335648.71197247132659 ], [ -156475.286889695038553, 5335650.218863999471068 ], [ -156485.302638240216766, 5335656.455337464809418 ], [ -156492.403263279877137, 5335671.978557421825826 ], [ -156500.332884567527799, 5335672.679587965831161 ], [ -156507.464901703817304, 5335686.554784837178886 ], [ -156523.292863502225373, 5335689.604898517020047 ], [ -156530.778987938538194, 5335684.8019007621333 ], [ -156549.903008539840812, 5335687.3653812892735 ], [ -156569.352749971236335, 5335687.187300324440002 ], [ -156577.777854312502313, 5335690.645611941814423 ], [ -156590.667092873540241, 5335689.792593158781528 ], [ -156597.595284022041596, 5335685.528263412415981 ], [ -156609.558901017095195, 5335690.153180516324937 ], [ -156619.687638845207402, 5335691.461244461126626 ], [ -156629.376219407044118, 5335685.035984855145216 ], [ -156661.725552112067817, 5335683.455230670981109 ], [ -156671.57688176917145, 5335679.512120716273785 ], [ -156688.037917511828709, 5335668.020192625932395 ], [ -156710.014277425798355, 5335664.592561367899179 ], [ -156725.745391267322702, 5335658.298095696605742 ], [ -156737.241466401086655, 5335644.228838086128235 ], [ -156758.892550762859173, 5335600.127936310134828 ], [ -156768.471926904050633, 5335586.022296123206615 ], [ -156779.420310143090319, 5335571.94277108181268 ], [ -156804.477548284106888, 5335550.438449908047915 ], [ -156822.786710212967591, 5335529.625279465690255 ], [ -156833.946600484399823, 5335520.432829720899463 ], [ -156848.760107763344422, 5335519.066193486563861 ], [ -156856.220740036224015, 5335501.067234547808766 ], [ -156854.723938163078856, 5335493.342462466098368 ], [ -156861.98697833987535, 5335485.784634540788829 ], [ -156872.815693126351107, 5335463.452081540599465 ], [ -156875.920505043992307, 5335458.563747913576663 ], [ -156876.31902882095892, 5335451.974610896781087 ], [ -156882.76075379474787, 5335444.40109939314425 ], [ -156888.454077831847826, 5335432.965462696738541 ], [ -156892.896282111905748, 5335429.75170064996928 ], [ -156902.31457894993946, 5335409.591285869479179 ], [ -156911.670536873221863, 5335392.728130873292685 ], [ -156926.061030087032123, 5335384.756401628255844 ], [ -156934.410103216010612, 5335374.128355457447469 ], [ -156950.188527841062751, 5335368.72446021810174 ], [ -156968.044174164300784, 5335365.766311853192747 ], [ -156982.171285462914966, 5335357.239934343844652 ], [ -156987.39317145649693, 5335356.240000146441162 ], [ -156989.960755511681782, 5335350.79155848827213 ], [ -157000.477219126507407, 5335344.94500844925642 ], [ -157010.719948113284772, 5335339.093121373094618 ], [ -157025.072370061185211, 5335347.612310477532446 ], [ -157034.674121420277515, 5335346.695844945497811 ], [ -157044.379733863868751, 5335340.283945759758353 ], [ -157047.051290323463036, 5335329.340391314588487 ], [ -157044.438510555104585, 5335322.69397128559649 ], [ -157046.489794811903266, 5335315.586578128859401 ], [ -157070.21843483048724, 5335306.143479770980775 ], [ -157074.130313056433806, 5335287.527549849823117 ], [ -157082.456788328738185, 5335281.63907705899328 ], [ -157085.686055437108735, 5335270.15648952126503 ], [ -157097.751307127386099, 5335269.286724259145558 ], [ -157102.47759874802432, 5335265.528728905133903 ], [ -157106.531743283034302, 5335268.354549617506564 ], [ -157122.145303742290707, 5335268.102012552320957 ], [ -157128.763247470051283, 5335251.186775007285178 ], [ -157137.238668221019907, 5335251.897844865918159 ], [ -157151.396726338134613, 5335241.722684448584914 ], [ -157163.194811250228668, 5335226.005323671735823 ], [ -157162.61238767451141, 5335213.350917398929596 ], [ -157166.822268177289516, 5335207.933840045705438 ], [ -157168.305266433570068, 5335201.915106262080371 ], [ -157172.483977479132591, 5335198.146609401330352 ], [ -157185.803688510903157, 5335203.347614601254463 ], [ -157189.951230098959059, 5335201.227691549807787 ], [ -157190.602560439525405, 5335195.742871642112732 ], [ -157196.884207985567627, 5335182.119566466659307 ], [ -157203.058320903393906, 5335159.69878152012825 ], [ -157206.890605693479301, 5335159.771718870848417 ], [ -157208.941778630716726, 5335152.664449881762266 ], [ -157212.278469047887484, 5335149.979350764304399 ], [ -157217.687037827592576, 5335139.088052233681083 ], [ -157225.413946322543779, 5335135.936800038442016 ], [ -157233.663611146126641, 5335119.602399311959743 ], [ -157249.845123647421133, 5335118.261151414364576 ], [ -157254.938435629213927, 5335109.562728598713875 ], [ -157257.020555384835461, 5335100.806940945796669 ], [ -157270.506132458074717, 5335097.215486525557935 ], [ -157280.072595538396854, 5335083.654733510687947 ], [ -157293.145511259150226, 5335072.909080602228642 ], [ -157308.466635416145436, 5335044.6157989455387 ], [ -157313.409554765821667, 5335027.707985740154982 ], [ -157314.054539895354537, 5335000.764769428409636 ], [ -157301.814850563183427, 5334976.326018003746867 ], [ -157299.14218090873328, 5334943.842889969237149 ], [ -157303.434883112640819, 5334934.029844461940229 ], [ -157303.999050292011816, 5334918.649146237410605 ], [ -157299.522114330844488, 5334909.219114323146641 ], [ -157315.325697160646087, 5334913.367429994046688 ], [ -157330.169372021511663, 5334910.3514439528808 ], [ -157343.159020763298031, 5334904.002099211327732 ], [ -157356.231713845190825, 5334893.256653307937086 ], [ -157363.943816847808193, 5334876.362694484181702 ], [ -157381.649070538871456, 5334866.804687513038516 ], [ -157389.437872670736397, 5334860.356345601379871 ], [ -157395.320996439695591, 5334853.322239750064909 ], [ -157404.049112434877316, 5334855.137069067917764 ], [ -157412.354325684544165, 5334850.347775846719742 ], [ -157418.878093122941209, 5334838.378368138335645 ], [ -157433.483098995522596, 5334848.000736208632588 ], [ -157452.086255699454341, 5334848.903877967968583 ], [ -157462.224455684365239, 5334848.546832558698952 ], [ -157475.564538183243712, 5334852.648125500418246 ], [ -157493.197100246849004, 5334846.936466381885111 ], [ -157526.247634424391435, 5334836.776853547431529 ], [ -157541.720932325231843, 5334836.403024439699948 ], [ -157567.035095850966172, 5334816.855597508139908 ], [ -157613.776591562345857, 5334781.024908699095249 ], [ -157632.695005064073484, 5334756.682859764434397 ], [ -157644.655839071929222, 5334739.719265911728144 ], [ -157652.610729884007014, 5334732.359794482588768 ], [ -157663.457367108436301, 5334730.395916860550642 ], [ -157669.884620548225939, 5334724.676398376002908 ], [ -157678.231355967931449, 5334722.99891775008291 ], [ -157673.464098774857121, 5334711.225435235537589 ], [ -157674.217731727374485, 5334688.875359249301255 ], [ -157676.8434245569224, 5334681.915536990389228 ], [ -157677.496536009304691, 5334664.904321440495551 ], [ -157668.92137299454771, 5334652.224280117079616 ], [ -157661.559926387795713, 5334645.742366348393261 ], [ -157655.625595653138589, 5334642.959456730633974 ], [ -157644.996254074620083, 5334624.565938773564994 ], [ -157632.472811360494234, 5334600.795860811136663 ], [ -157622.809611642616801, 5334584.089646420441568 ], [ -157615.762642597575905, 5334560.924188809469342 ], [ -157609.170079713745508, 5334548.94950714148581 ], [ -157605.425514682487119, 5334535.860560801811516 ], [ -157584.959648938995088, 5334527.627892264164984 ], [ -157564.892306972848019, 5334515.897988557815552 ], [ -157544.897322675387841, 5334500.330919508822262 ], [ -157529.84915391006507, 5334478.181988256983459 ], [ -157523.737379906960996, 5334461.639098498038948 ], [ -157514.493186752544716, 5334458.165527169592679 ], [ -157507.84719051324646, 5334447.595600693486631 ], [ -157508.276327150262659, 5334439.358585342764854 ], [ -157502.167336134472862, 5334429.348483883775771 ], [ -157502.907276789832395, 5334404.62743797339499 ], [ -157494.598278677469352, 5334395.125299571081996 ], [ -157491.784344589075772, 5334384.628223253414035 ], [ -157482.896819083107403, 5334376.764006153680384 ], [ -157469.061810128390789, 5334369.905269327573478 ], [ -157459.374008803279139, 5334360.926500347442925 ], [ -157444.717907284240937, 5334354.052212478592992 ], [ -157430.144738786038943, 5334342.781931082718074 ], [ -157426.855915750114946, 5334328.428274703212082 ], [ -157417.819222126563545, 5334313.965244308114052 ], [ -157414.457930101954844, 5334303.457731686532497 ], [ -157404.27464572316967, 5334291.721396641805768 ], [ -157403.893153828161303, 5334282.919536487199366 ], [ -157403.65370560347219, 5334273.278832229785621 ], [ -157404.908944181835977, 5334266.313827442005277 ], [ -157401.121632466034498, 5334260.936206493526697 ], [ -157387.565812794142403, 5334248.530279009602964 ], [ -157382.395356405322673, 5334239.322766566649079 ], [ -157374.047841749124927, 5334225.204842594452202 ], [ -157367.179651806131005, 5334213.931970580480993 ], [ -157359.213963003508979, 5334199.791809399612248 ], [ -157348.741470587585354, 5334182.303158076480031 ], [ -157339.308702215639642, 5334169.581968032754958 ], [ -157319.345443973346846, 5334149.928985636681318 ], [ -157311.255633938300889, 5334142.645197567529976 ], [ -157303.958975275396369, 5334137.559517913497984 ], [ -157297.431422974157613, 5334135.236763997003436 ], [ -157294.808513132215012, 5334129.140758291818202 ], [ -157289.081459289358463, 5334127.932542792521417 ], [ -157270.171060790860793, 5334114.381285371258855 ], [ -157249.600443406612612, 5334098.813971057534218 ], [ -157240.984871416672831, 5334089.640477197244763 ], [ -157234.735951800947078, 5334087.050430735573173 ], [ -157229.112091126065934, 5334080.353937294334173 ], [ -157226.452668491110671, 5334076.184784775599837 ], [ -157220.751106811600039, 5334073.605269438587129 ], [ -157217.152258993679425, 5334061.18128265440464 ], [ -157211.512924909591675, 5334055.30807832069695 ], [ -157213.873788670374779, 5334046.292232451960444 ], [ -157212.433648417936638, 5334035.556776359677315 ], [ -157208.819215871422784, 5334023.956260595470667 ], [ -157197.556243751372676, 5334011.386483208276331 ], [ -157191.204687565186759, 5333999.733971265144646 ], [ -157185.839199428533902, 5333993.865992990322411 ], [ -157184.57939675115631, 5333988.076133951544762 ], [ -157177.829762066015974, 5333983.005490377545357 ], [ -157169.664811374765122, 5333980.379162030294538 ], [ -157166.80946643583593, 5333972.087786969728768 ], [ -157158.768970935343532, 5333962.87429209984839 ], [ -157150.893339600821491, 5333959.429589487612247 ], [ -157141.499755689525045, 5333949.366604028269649 ], [ -157134.202763068053173, 5333944.285454257391393 ], [ -157123.229221624264028, 5333930.89771194383502 ], [ -157113.944619494548533, 5333915.070880169048905 ], [ -157111.62761561316438, 5333892.787248197942972 ], [ -157103.024288767308462, 5333884.386559937149286 ], [ -157099.621585892135045, 5333876.084895611740649 ], [ -157089.829923481971491, 5333872.603761412203312 ], [ -157079.677697241131682, 5333859.231683854013681 ], [ -157070.150752580055268, 5333841.752977685071528 ], [ -157059.491354739118833, 5333840.726354163140059 ], [ -157053.077904916135594, 5333832.36736355163157 ], [ -157046.312796821584925, 5333828.120207672007382 ], [ -157041.439118195266929, 5333810.730048390105367 ], [ -157040.789123688358814, 5333801.657226546667516 ], [ -157032.108095837815199, 5333797.373621305450797 ], [ -157025.311929605406476, 5333794.773128928616643 ], [ -157021.13488835238968, 5333783.985784729011357 ], [ -157009.107040011265781, 5333782.933078767731786 ], [ -157006.329730035446119, 5333770.525040884502232 ], [ -156993.08905584202148, 5333761.212424837052822 ], [ -156982.311770660453476, 5333751.946655715815723 ], [ -156971.409918968362035, 5333749.268062460236251 ], [ -156955.752609949326143, 5333737.438291938044131 ], [ -156949.308101988426642, 5333730.726182718761265 ], [ -156933.787715943035437, 5333729.701097069308162 ], [ -156922.489789502928033, 5333715.792500791139901 ], [ -156923.694266393256839, 5333710.27209138404578 ], [ -156939.89036174773355, 5333700.445087231695652 ], [ -156964.925447310291929, 5333688.538943802937865 ], [ -156985.151085592573509, 5333676.512900008819997 ], [ -157006.287428628798807, 5333656.651028453372419 ], [ -157021.018448165123118, 5333632.174759194254875 ], [ -157032.006238503818167, 5333615.89928781054914 ], [ -157045.653562797117047, 5333603.795530468225479 ], [ -157053.95944396359846, 5333599.008405407890677 ], [ -157058.345988498302177, 5333584.255721308290958 ], [ -157057.453540140588302, 5333573.523695689626038 ], [ -157068.988577096257359, 5333557.258700890466571 ], [ -157073.188216205860954, 5333552.393335251137614 ], [ -157072.037506629450945, 5333540.832171176560223 ], [ -157075.248406022001291, 5333531.272023836150765 ], [ -157075.43809443427017, 5333520.291230920702219 ], [ -157073.957879165071063, 5333497.184710499830544 ], [ -157083.856964883831097, 5333466.052778264507651 ], [ -157090.71368891937891, 5333436.511392035521567 ], [ -157090.891466146189487, 5333412.612377281300724 ], [ -157122.064485791983316, 5333313.874379571527243 ], [ -157121.772940045659197, 5333215.509665603749454 ], [ -157147.261986491503194, 5333141.777581322006881 ], [ -157186.612981209007557, 5333027.172426849603653 ], [ -157213.571556252863957, 5332981.688190908171237 ], [ -157255.672810309944907, 5332926.380581455305219 ], [ -157284.032897742727073, 5332902.991328412666917 ], [ -157298.814567647350486, 5332888.420213438570499 ], [ -157301.526199123531114, 5332875.269830700941384 ], [ -157317.253194143791916, 5332854.115881059318781 ], [ -157333.583095526235411, 5332844.524859515018761 ], [ -157343.744338645861717, 5332828.215828333981335 ], [ -157362.35640090907691, 5332813.717444067820907 ], [ -157378.092301488533849, 5332806.59060557000339 ], [ -157381.288729347259505, 5332796.749908622354269 ], [ -157391.631868514872622, 5332789.028901527635753 ], [ -157392.045531742624007, 5332777.411935080774128 ], [ -157411.956024546350818, 5332767.074567868374288 ], [ -157446.059863745729672, 5332744.642349561676383 ], [ -157444.289549883687869, 5332722.35312335472554 ], [ -157454.976888916804455, 5332692.881976271048188 ], [ -157474.112709384149639, 5332680.056949039921165 ], [ -157474.274011326400796, 5332656.980121015571058 ], [ -157486.504349821276264, 5332647.32111341971904 ], [ -157497.005006068386137, 5332627.737848684191704 ], [ -157509.188701696810313, 5332620.550743632018566 ], [ -157513.253866861545248, 5332608.263848608359694 ], [ -157492.064647067076294, 5332584.781882184557617 ], [ -157490.960135079425527, 5332570.74837957508862 ], [ -157472.150925997993909, 5332566.26977536547929 ], [ -157471.743274022650439, 5332558.843678002245724 ], [ -157482.620524107012898, 5332548.334633783437312 ], [ -157485.848900659650099, 5332536.856326018460095 ], [ -157479.756718886928866, 5332528.887494941242039 ], [ -157470.110551051184302, 5332486.394042020663619 ], [ -157469.708910328481579, 5332464.124500918202102 ], [ -157463.175792052672477, 5332447.510131046175957 ], [ -157458.073685831128387, 5332427.624943731352687 ], [ -157460.823277253803099, 5332397.994862238876522 ], [ -157449.18215282363235, 5332376.336467134766281 ], [ -157445.769319874903886, 5332354.009985242038965 ], [ -157454.613096820976352, 5332335.214302419684827 ], [ -157453.328135938703781, 5332316.2264544358477 ], [ -157466.76428715797374, 5332288.80995311960578 ], [ -157467.849652193137445, 5332255.19761641509831 ], [ -157473.225381723139435, 5332231.403525182977319 ], [ -157469.953701888764044, 5332201.677203882485628 ], [ -157464.073695065511856, 5332194.149499964900315 ], [ -157470.310926134610781, 5332182.731881246902049 ], [ -157469.492393918771995, 5332139.044402819126844 ], [ -157467.778852997114882, 5332128.299853645265102 ], [ -157472.647967524302658, 5332116.856383921578526 ], [ -157482.942794032889651, 5332107.987933346070349 ], [ -157480.977114464621991, 5332081.582762386649847 ], [ -157486.971669043647125, 5332068.512684217654169 ], [ -157486.321674537059152, 5332059.436370455659926 ], [ -157473.849661427462706, 5332038.599870916455984 ], [ -157480.876592964283191, 5332028.845405012369156 ], [ -157480.758260345464805, 5332020.603356039151549 ], [ -157495.153651616914431, 5331982.973254567012191 ], [ -157504.565380605083192, 5331977.384008799679577 ], [ -157507.198754479293711, 5331968.370323620736599 ], [ -157506.806798552192049, 5331960.122989306226373 ], [ -157503.327396548032993, 5331955.936937575228512 ], [ -157504.334615300613223, 5331946.068308614194393 ], [ -157515.946907982695848, 5331910.857719823718071 ], [ -157517.243223453056999, 5331900.170634183101356 ], [ -157513.067184075538535, 5331889.379531840793788 ], [ -157501.105682150810026, 5331885.032587392255664 ], [ -157494.192407813912723, 5331871.486723416484892 ], [ -157494.504102388193132, 5331857.716043121181428 ], [ -157490.617271047609393, 5331846.106642799451947 ], [ -157491.975702793861274, 5331832.124892672523856 ], [ -157488.04233990618377, 5331822.986575008369982 ], [ -157480.794439180113841, 5331815.433245887048542 ], [ -157472.163059822487412, 5331808.677522017620504 ], [ -157464.688178654672811, 5331798.647973320446908 ], [ -157450.0683672898449, 5331790.130652233958244 ], [ -157448.03478283205186, 5331781.852358683012426 ], [ -157430.787608845537761, 5331767.5172856207937 ], [ -157423.286233638762496, 5331758.63955754507333 ], [ -157419.317359833657974, 5331751.644093151204288 ], [ -157413.561919520579977, 5331737.52734068967402 ], [ -157407.424208076117793, 5331729.171149709261954 ], [ -157403.295034204231342, 5331715.909374584443867 ], [ -157402.815915115905227, 5331697.773152755573392 ], [ -157399.55414271610789, 5331682.055966364219785 ], [ -157407.970452817564365, 5331656.673045382834971 ], [ -157413.010220124269836, 5331636.169962867163122 ], [ -157418.395189171889797, 5331626.384801435284317 ], [ -157418.51942172361305, 5331619.795472920872271 ], [ -157421.684457485738676, 5331611.616170316003263 ], [ -157420.275820649287198, 5331599.230086530558765 ], [ -157414.763056826312095, 5331586.766076277941465 ], [ -157416.802652536571259, 5331580.213230424560606 ], [ -157424.789826000953326, 5331563.062004528939724 ], [ -157430.665825322503224, 5331541.751026816666126 ], [ -157447.268570776825072, 5331532.179047795943916 ], [ -157457.429034660104662, 5331515.893054652027786 ], [ -157460.062297214753926, 5331506.879815330728889 ], [ -157457.145837875403231, 5331501.880683521740139 ], [ -157470.548815886519151, 5331473.297293201088905 ], [ -157475.308725993236294, 5331467.620038936845958 ], [ -157476.120022442250047, 5331453.628484110347927 ], [ -157490.952899312454974, 5331421.776577546261251 ], [ -157491.294538829737576, 5331403.656485250219703 ], [ -157504.159732380678179, 5331389.070018786936998 ], [ -157519.894742404198041, 5331381.953267626464367 ], [ -157540.80299180423026, 5331361.751876091584563 ], [ -157553.584584417549195, 5331366.114134445786476 ], [ -157574.042657796555432, 5331369.798261494375765 ], [ -157592.952277058589971, 5331368.50925918854773 ], [ -157604.309536787244724, 5331361.309396783821285 ], [ -157611.898520433198428, 5331350.742216194979846 ], [ -157629.424549744144315, 5331350.250776471570134 ], [ -157643.21313847109559, 5331344.744884001091123 ], [ -157652.66505379541195, 5331351.515677097253501 ], [ -157676.922572714625858, 5331356.919380872510374 ], [ -157694.040950050461106, 5331349.004636745899916 ], [ -157703.865117751905927, 5331336.00818723347038 ], [ -157711.624531538080191, 5331316.381002043373883 ], [ -157722.568573317024857, 5331316.588589575141668 ], [ -157738.907046300300863, 5331321.017938168719411 ], [ -157754.182195507368306, 5331323.779418444260955 ], [ -157765.843914043391123, 5331314.9373460393399 ], [ -157780.938391716976184, 5331312.751652802340686 ], [ -157791.531331821955973, 5331317.072096189484 ], [ -157794.917670731869293, 5331326.199394042603672 ], [ -157809.34100319549907, 5331330.5924460189417 ], [ -157820.574141691962723, 5331329.98142700176686 ], [ -157835.498189225181704, 5331336.855622058734298 ], [ -157846.715854312467854, 5331337.068243405781686 ], [ -157852.797015455522342, 5331333.887770199216902 ], [ -157862.904825219477061, 5331334.903136 ], [ -157880.518462969834218, 5331344.300117606297135 ], [ -157894.792182037752355, 5331342.098707295954227 ], [ -157919.617652999033453, 5331331.857954083010554 ], [ -157957.152581543661654, 5331315.266344011761248 ], [ -157980.563404415966943, 5331291.494478171691298 ], [ -158012.67796431487659, 5331275.529665375128388 ], [ -158042.588620935217477, 5331257.129669100046158 ], [ -158054.56214536484913, 5331231.793356413953006 ], [ -158095.779967942944495, 5331223.502593700774014 ], [ -158115.363738041342003, 5331171.922705624252558 ], [ -158139.408414094155887, 5331145.165567984804511 ], [ -158161.325663358526072, 5331115.06979010719806 ], [ -158185.761961379874265, 5331052.862344573251903 ], [ -158204.735589349205839, 5331004.570066548883915 ], [ -158215.846721683687065, 5331010.55223305337131 ], [ -158236.870854673470603, 5331013.423588925041258 ], [ -158246.706599602010101, 5331014.434039188548923 ], [ -158256.52675980181084, 5331016.268864621408284 ], [ -158264.705180151475361, 5331018.072728681378067 ], [ -158268.887230781430844, 5331014.028791422955692 ], [ -158276.626607059472008, 5331010.052117564715445 ], [ -158287.025072013901081, 5331010.24871678929776 ], [ -158295.492477761668852, 5331011.233238176442683 ], [ -158303.929048010410042, 5331013.866509301587939 ], [ -158313.124705866764998, 5331019.812381794676185 ], [ -158318.303733856591862, 5331035.577564420178533 ], [ -158325.206766800169135, 5331032.409700713120401 ], [ -158331.200764781940961, 5331019.329348145984113 ], [ -158334.747292439191369, 5331005.378273459151387 ], [ -158340.571194238931639, 5331001.365455907769501 ], [ -158349.358754842163762, 5330999.882345820777118 ], [ -158357.005290664645145, 5331000.851309016346931 ], [ -158367.145494400523603, 5331000.218348630703986 ], [ -158376.052055539534194, 5331006.983248444274068 ], [ -158388.350632882327773, 5331008.040216822177172 ], [ -158392.682519546971889, 5331010.595853984355927 ], [ -158403.142878138489323, 5331007.49510786216706 ], [ -158418.771466728852829, 5331006.141029284335673 ], [ -158426.94988707837183, 5331007.944738866761327 ], [ -158438.262062413385138, 5331003.210802691988647 ], [ -158442.123958187876269, 5331001.634502232074738 ], [ -158447.338608414662303, 5331000.90835171379149 ], [ -158450.136846454668557, 5330997.662866828963161 ], [ -158456.16290444979677, 5330998.648149493150413 ], [ -158459.074465731449891, 5331002.779169351793826 ], [ -158470.216544884460745, 5331007.112433462403715 ], [ -158481.069638639339246, 5331012.264888589270413 ], [ -158489.020744588895468, 5331011.590441782027483 ], [ -158495.90819280379219, 5331009.246655617840588 ], [ -158503.342998954787618, 5331006.9132414534688 ], [ -158507.282150455925148, 5331001.215528169646859 ], [ -158515.491406304528937, 5331001.370489086024463 ], [ -158523.912614463653881, 5331004.827826435677707 ], [ -158535.540269235323649, 5331012.468656334094703 ], [ -158548.143416705017444, 5331011.88190894946456 ], [ -158560.535279781208374, 5331014.451426558196545 ], [ -158584.118091266660485, 5330934.490603091195226 ], [ -158589.27084785659099, 5330921.507542583160102 ], [ -158595.120687097805785, 5330908.520534639246762 ], [ -158600.623988764069509, 5330895.885558307170868 ], [ -158606.824261762405513, 5330883.246481083333492 ], [ -158615.470669251313666, 5330871.643326357007027 ], [ -158625.511242042703088, 5330860.031797557137907 ], [ -158634.852617112657754, 5330848.07437218632549 ], [ -158644.542533508327324, 5330836.114979406818748 ], [ -158651.439889157772996, 5330823.471865168772638 ], [ -158657.986588411527919, 5330810.480723194777966 ], [ -158665.234600456955377, 5330798.185535571537912 ], [ -158672.482501183025306, 5330785.890516669489443 ], [ -158681.130689783778507, 5330774.637356731109321 ], [ -158689.081795733160106, 5330763.388328317552805 ], [ -158695.979040063160937, 5330750.745160111226141 ], [ -158701.482119090680499, 5330738.110397429205477 ], [ -158708.37724835035624, 5330725.11723907943815 ], [ -158714.22864606443909, 5330712.479765813797712 ], [ -158719.818776933505433, 5330704.88371616974473 ], [ -158724.743217247712892, 5330695.438268506899476 ], [ -158731.883583345741499, 5330684.643373945727944 ], [ -158737.054151054093381, 5330668.45113177690655 ], [ -158744.617308578075608, 5330637.088579731993377 ], [ -158821.102370353852166, 5330471.252503274008632 ], [ -158837.758215205249144, 5330347.817031717859209 ], [ -158844.652342589717591, 5330292.49559982586652 ], [ -158847.815931198478211, 5330239.410112393088639 ], [ -158848.968310567259323, 5330154.786782504059374 ], [ -158845.030049621826038, 5330135.27890180144459 ], [ -158843.250718880997738, 5330115.379883705638349 ], [ -158842.258973537624115, 5330099.382464282214642 ], [ -158840.432109374087304, 5330085.041588091291487 ], [ -158838.603241459932178, 5330070.350581599399447 ], [ -158836.63021480498719, 5330055.227093695662916 ], [ -158832.124558415205684, 5330043.050177492201328 ], [ -158829.371850046998588, 5330029.178949829190969 ], [ -158829.135518767958274, 5330018.810008636675775 ], [ -158828.876033034874126, 5329998.730673932470381 ], [ -158828.927128681098111, 5329983.719087497331202 ], [ -158830.583451384824002, 5329969.007652522064745 ], [ -158832.938860490481602, 5329954.642271126620471 ], [ -158834.601305765856523, 5329940.981019359081984 ], [ -158836.954711120837601, 5329926.265686683356762 ], [ -158840.695936567470198, 5329910.492008003406227 ], [ -158845.138363486592425, 5329895.414224925450981 ], [ -158849.589028047921602, 5329881.736589619889855 ], [ -158854.381888723932207, 5329867.006862672977149 ], [ -158859.523402045218972, 5329852.275176449678838 ], [ -158863.969836466043489, 5329837.897622130811214 ], [ -158867.70894684214727, 5329821.773949812166393 ], [ -158869.71369955202681, 5329807.060787629336119 ], [ -158871.373027881723829, 5329785.111944661475718 ], [ -158875.940800547454273, 5329770.947079486213624 ], [ -158878.890878372912994, 5329760.009294089861214 ], [ -158902.341553623031359, 5329754.27863959223032 ], [ -158915.943904842046322, 5329746.55603236053139 ], [ -158933.231933081551688, 5329743.308391231112182 ], [ -158946.096013437781949, 5329737.981719319708645 ], [ -158961.405783006572165, 5329733.690524508245289 ], [ -158979.99880963677424, 5329728.858567394316196 ], [ -158993.509878873359412, 5329724.845078772865236 ], [ -159008.119448845129227, 5329720.750919555313885 ], [ -159024.131533081206726, 5329715.870169279165566 ], [ -159040.947566679911688, 5329714.027364556677639 ], [ -159060.521318024053471, 5329706.611924476921558 ], [ -159074.063668037619209, 5329698.130825201049447 ], [ -159086.917173042078502, 5329691.053945911116898 ], [ -159100.465756947000045, 5329683.6228166827932 ], [ -159215.35437325402745, 5329608.564153013750911 ], [ -159227.530833115451969, 5329602.217348207719624 ], [ -159367.028403974341927, 5329556.923042547889054 ], [ -159393.483480961294845, 5329551.65793327614665 ], [ -159574.331567231216468, 5329510.767048018984497 ], [ -159593.828842085116776, 5329504.741466564126313 ], [ -159654.007045613077935, 5329486.920938551425934 ], [ -159669.679382763511967, 5329483.36016143951565 ], [ -159701.578873406222556, 5329473.994332901202142 ], [ -159718.986013500980334, 5329468.326682200655341 ], [ -159752.831368842889788, 5329450.157467111945152 ], [ -159766.932987978012534, 5329432.285042555071414 ], [ -159781.018354467552854, 5329415.275771996937692 ], [ -159790.706155792780919, 5329403.366251161321998 ], [ -159802.27492255406105, 5329382.855309802107513 ], [ -159809.03969669007347, 5329367.551315817981958 ], [ -159819.406546909129247, 5329340.857451698742807 ], [ -159826.529435847041896, 5329328.036268703639507 ], [ -159833.112981852085795, 5329317.861010283231735 ], [ -159840.381476683949586, 5329304.533277599141002 ], [ -159846.354101323435316, 5329280.043566947802901 ], [ -159853.627939490863355, 5329268.115767128765583 ], [ -159858.130812893476104, 5329260.748563902452588 ], [ -159863.45333170669619, 5329239.772683503106236 ], [ -159877.666715610655956, 5329215.857120436616242 ], [ -159889.487954976997571, 5329208.1113226050511 ], [ -159905.482562053162837, 5329197.89944458194077 ], [ -159919.042500546318479, 5329189.096899169497192 ], [ -159977.258475409966195, 5329135.676415363326669 ], [ -159990.469761257816572, 5329126.87530105188489 ], [ -160057.679015143658035, 5329105.170363771729171 ], [ -160074.731157382455422, 5329098.103845943696797 ], [ -160179.859948653756874, 5329064.468691229820251 ], [ -160247.082115600554971, 5329053.321146868169308 ], [ -160342.82133046243689, 5329025.102078600786626 ], [ -160426.122262020478956, 5329014.522446990944445 ], [ -160674.575565605104202, 5328977.292699782177806 ], [ -160600.187874355382519, 5328844.041221003979445 ], [ -160532.706666953425156, 5328719.251261534169316 ], [ -160384.392703743273159, 5328368.5647256616503 ], [ -160603.988433090446051, 5328310.659263163805008 ], [ -160747.659816937055439, 5328239.841156654059887 ], [ -160888.804025703779189, 5328111.134610259905457 ], [ -160916.056038925366011, 5328096.789470287971199 ], [ -160975.152217002614634, 5328102.25746307335794 ], [ -161084.689928026287816, 5328060.42637818865478 ], [ -161183.629355609533377, 5327989.999124754220247 ], [ -161236.323549771419493, 5327963.965740265324712 ], [ -161343.883113443589536, 5327934.355622926726937 ], [ -161374.547291697206674, 5327925.474069751799107 ], [ -161388.131497839174699, 5327920.164597109891474 ], [ -161401.356921262369724, 5327912.404779990203679 ], [ -161414.237810861377511, 5327905.697012283839285 ], [ -161425.717522029939573, 5327897.593997510150075 ], [ -161436.493805336242076, 5327888.092689905315638 ], [ -161446.91553606436355, 5327877.191873989999294 ], [ -161456.639516224095132, 5327866.293662781827152 ], [ -161466.01317394641228, 5327855.046767289750278 ], [ -161474.690639573236695, 5327844.153003541752696 ], [ -161484.064297295495635, 5327832.906134728342295 ], [ -161490.993045041279402, 5327820.968596598133445 ], [ -161499.315846770565258, 5327808.675212440080941 ], [ -161518.064498048974201, 5327786.531640512868762 ], [ -161528.844788856862579, 5327778.081254795193672 ], [ -161541.373686226113932, 5327770.674366278573871 ], [ -161595.321337854402373, 5327758.742701504379511 ], [ -161623.884138080116827, 5327625.041921813972294 ], [ -161619.633737282565562, 5327511.18189927842468 ], [ -161605.902478093310492, 5327471.721821862272918 ], [ -161793.276558191369986, 5327310.025782136246562 ], [ -161805.108372909337049, 5327302.972057812847197 ], [ -161863.459600954287453, 5327285.532004195265472 ], [ -161876.347837640059879, 5327280.925582733936608 ], [ -161890.981675260700285, 5327276.662197923287749 ], [ -161905.967171152762603, 5327273.097690164111555 ], [ -161919.561730007495498, 5327270.589881390333176 ], [ -161934.201244922180194, 5327267.727452297694981 ], [ -161948.14167343484587, 5327264.517568807117641 ], [ -161962.080654793826398, 5327260.95733454823494 ], [ -161977.414914650726132, 5327257.39146064966917 ], [ -161991.355343163275393, 5327254.181580712087452 ], [ -162005.289983062306419, 5327249.570600940845907 ], [ -162018.87719483053661, 5327245.311346851289272 ], [ -162032.813281882816227, 5327241.050722573883832 ], [ -162046.396152190951398, 5327235.740724470466375 ], [ -162060.325003476551501, 5327229.728655848652124 ], [ -162096.319158949190751, 5327200.89642387162894 ], [ -162108.144739775685593, 5327192.441384728997946 ], [ -162210.878046924510272, 5327148.652551887556911 ], [ -162240.32817481138045, 5327100.128461195155978 ], [ -162292.837355979601853, 5327030.251042650081217 ], [ -162339.75473648624029, 5327005.214038305915892 ], [ -162394.652388648770284, 5326981.490804953500628 ], [ -162478.317780219746055, 5327002.589673232287169 ], [ -162661.280046258849325, 5326971.424517763778567 ], [ -162855.114775644207839, 5326912.678249369375408 ], [ -162901.192695870762691, 5326901.968377226032317 ], [ -163031.687302911654115, 5326804.692200254648924 ], [ -163065.349760329991113, 5326707.251170864328742 ], [ -163182.676718763395911, 5326584.552554655820131 ], [ -163308.523959702783031, 5326461.074720566160977 ], [ -163402.523028284398606, 5326325.893846558406949 ], [ -163510.631731004919857, 5326251.416309653781354 ], [ -163596.602215271675959, 5326207.233406555838883 ], [ -163635.594315950787859, 5326182.899994404986501 ], [ -163620.258942899032263, 5326081.849419742822647 ], [ -163635.87584294291446, 5326034.418834062293172 ], [ -163689.868245006538928, 5325998.283744103275239 ], [ -163731.070705494872527, 5325955.871083621867001 ], [ -163782.330436698364792, 5325833.352765881456435 ], [ -163770.35880469987751, 5325734.71504978928715 ], [ -163781.444778829638381, 5325583.600283334963024 ], [ -163997.454573419934604, 5325182.322612260468304 ], [ -163951.138874760974431, 5325063.794681295752525 ], [ -163915.45006865169853, 5324944.877140965312719 ], [ -163891.392924815794686, 5324848.617570791393518 ], [ -163862.159535977465566, 5324800.605215853080153 ], [ -163890.522517717356095, 5324707.032124033197761 ], [ -163902.807736721093534, 5324655.121061710640788 ], [ -163829.513870788010536, 5324356.864195047877729 ], [ -163819.301977300172439, 5324277.149677131325006 ], [ -163596.47341862070607, 5323906.869146256707609 ], [ -163084.103198346594581, 5323102.640339768491685 ], [ -162849.342860046454007, 5322763.075081738643348 ], [ -162507.576661221479299, 5322195.218578810803592 ], [ -162166.220118122495478, 5321691.385841619223356 ], [ -161980.753608818544308, 5321477.392283069901168 ], [ -161775.62796612107195, 5321129.778446509502828 ], [ -161616.181497234210838, 5320883.561582444235682 ], [ -161276.197857415099861, 5320304.097665616311133 ], [ -161037.981048925925279, 5320043.594009471125901 ], [ -160439.049349208304193, 5319017.60179265961051 ], [ -159762.072111093031708, 5318822.795428792946041 ], [ -159216.496622549166204, 5318658.84546410664916 ], [ -158391.80688043255941, 5318439.846044851467013 ], [ -157641.345420054596616, 5318228.896422933787107 ], [ -156858.757488592556911, 5318001.908447635360062 ], [ -156278.665499496797565, 5317846.943543998524547 ], [ -155958.844825086678611, 5317749.186525442637503 ], [ -154893.621381918928819, 5317435.265550056472421 ], [ -154336.468221054470632, 5317287.776844876818359 ], [ -153273.387566764955409, 5316976.352350806817412 ], [ -151985.195079720549984, 5316643.075382394716144 ], [ -151387.076457563613076, 5316477.104016361758113 ], [ -150881.194827768893447, 5316323.295993042178452 ], [ -150714.68157496736967, 5316279.966042376123369 ], [ -150722.117605632927734, 5316409.911878208629787 ], [ -150647.660896298883017, 5316559.027905210852623 ], [ -150638.152096714824438, 5316571.04730281047523 ], [ -150630.055941468890524, 5316584.435912976972759 ], [ -150625.083299815101782, 5316597.769110390916467 ], [ -150620.451629761693766, 5316610.747653334401548 ], [ -150614.784799763321644, 5316624.093223443254828 ], [ -150607.748183430783683, 5316638.508775312453508 ], [ -150601.36890869148192, 5316650.821274129673839 ], [ -150595.695956121140625, 5316663.818317419849336 ], [ -150591.770496917335549, 5316677.481633616611362 ], [ -150588.192020566144492, 5316691.138878302648664 ], [ -150583.560239193349844, 5316704.11755089648068 ], [ -150577.564682738709962, 5316718.514647115953267 ], [ -150572.957280334288953, 5316732.887247186154127 ], [ -150568.337744105228921, 5316746.562847387045622 ], [ -150562.323708615207579, 5316759.914702944457531 ], [ -150554.19938953811652, 5316771.354749384336174 ], [ -150547.390644203289412, 5316786.055155757814646 ], [ -150530.952428956341464, 5316826.308468057774007 ], [ -150479.610989246401004, 5316910.882228483445942 ], [ -150481.694778794655576, 5317010.772926037199795 ], [ -150480.878472968674032, 5317030.02085938770324 ], [ -150481.135843631462194, 5317044.656186698935926 ], [ -150480.352043096645502, 5317059.310116676613688 ], [ -150483.473886896652402, 5317075.383900031447411 ], [ -150482.893578391056508, 5317090.297995571047068 ], [ -150481.409466939774575, 5317104.615732429549098 ], [ -150479.578372635674896, 5317118.939735275693238 ], [ -150480.7535725000198, 5317133.23436728771776 ], [ -150477.881195679074153, 5317147.57668933365494 ], [ -150476.551929639506852, 5317162.51283051352948 ], [ -150472.67467177513754, 5317181.41673728171736 ], [ -150468.079180556291249, 5317196.486800095066428 ], [ -150463.452965157863218, 5317209.814626542851329 ], [ -150458.938959806255298, 5317223.564788022078574 ], [ -150455.049790756427683, 5317239.319641491398215 ], [ -150449.126925929245772, 5317253.165488401427865 ], [ -150443.127139333868399, 5317270.93694943189621 ], [ -150438.767534115962917, 5317283.893582672812045 ], [ -150430.846484429028351, 5317298.620381104759872 ], [ -150424.148168029118096, 5317307.651289739646018 ], [ -150419.041386388998944, 5317318.083494113758206 ], [ -150415.468587331910385, 5317332.089979261159897 ], [ -150409.80721198869287, 5317345.784884271211922 ], [ -150403.445525728951907, 5317359.143535507842898 ], [ -150397.765671350090997, 5317371.792953384108841 ], [ -150391.763213086960604, 5317385.842619464732707 ], [ -150387.149131513055181, 5317399.867481991648674 ], [ -150382.900511827436276, 5317414.931805093772709 ], [ -150378.274073790118564, 5317428.259943057782948 ], [ -150373.659992216271348, 5317442.28502154070884 ], [ -150368.339365834282944, 5317455.625382473692298 ], [ -150363.018739452265436, 5317468.965762448497117 ], [ -150358.045207242714241, 5317482.300069465301931 ], [ -150353.784231093508424, 5317496.667447525076568 ], [ -150349.52325494447723, 5317511.034999972209334 ], [ -150344.555845306633273, 5317524.71783085167408 ], [ -150339.594446921604685, 5317538.749146117828786 ], [ -150335.345604597037891, 5317553.8135407846421 ], [ -150330.372072387428489, 5317567.147968864068389 ], [ -150324.016174741031136, 5317580.855402442626655 ], [ -150317.982880979077891, 5317593.162746079266071 ], [ -150313.009237449790817, 5317606.497230298817158 ], [ -150307.062884210114134, 5317625.181806057691574 ], [ -150297.554529904125957, 5317675.319237678311765 ], [ -150247.973273982730461, 5317756.231058335863054 ], [ -150235.066001664235955, 5317778.866566093638539 ], [ -150231.139540584990755, 5317792.531207900494337 ], [ -150225.812457672524033, 5317805.523594478145242 ], [ -150220.479140868585091, 5317818.167372025549412 ], [ -150213.872106451075524, 5317832.357068833895028 ], [ -150204.948847388557624, 5317843.962766072712839 ], [ -150194.492718937835889, 5317856.69173470325768 ], [ -150185.657847551105078, 5317867.65457759052515 ], [ -150179.073522309656255, 5317877.488081472925842 ], [ -150165.863683615112677, 5317885.954644607380033 ], [ -150150.993514715431957, 5317897.891980112530291 ], [ -150144.033263553632423, 5317913.550646242685616 ], [ -150140.712157865287736, 5317926.912545987404883 ], [ -150139.108934558869805, 5317942.1536337537691 ], [ -150138.33671125114779, 5317957.505778678692877 ], [ -150141.441634488466661, 5317978.41810388956219 ], [ -150148.435504136519739, 5318020.883809757418931 ], [ -150148.692429521324812, 5318035.52068883087486 ], [ -150148.943121014424833, 5318049.809107402339578 ], [ -150149.212291543313768, 5318065.142999737523496 ], [ -150147.729627245367737, 5318153.911493777297437 ], [ -150119.594182544911746, 5318294.357806206680834 ], [ -150115.738743300666101, 5318309.535521622747183 ], [ -150112.592520532401977, 5318325.030988009646535 ], [ -150111.467525758547708, 5318339.041419428773224 ], [ -150110.780907139152987, 5318355.126542850397527 ], [ -150110.048647528747097, 5318370.166664738208055 ], [ -150108.954042975849006, 5318384.87369869556278 ], [ -150109.21697961303289, 5318398.822989256121218 ], [ -150109.495278340036748, 5318413.120492976158857 ], [ -150109.758214977395255, 5318427.069825701415539 ], [ -150106.262894285842776, 5318442.029031493701041 ], [ -150101.890821284934646, 5318457.638497508130968 ], [ -150101.544061071122997, 5318471.160193199291825 ], [ -150077.728146571811521, 5318566.709609249606729 ], [ -150058.638189734774642, 5318632.354618242941797 ], [ -150046.673570864339126, 5318663.275361960753798 ], [ -150034.807247104094131, 5318698.003591752611101 ], [ -150030.942011744831689, 5318708.993925330229104 ], [ -150023.984098292246927, 5318720.818681437522173 ], [ -150017.750652085844195, 5318733.309549279510975 ], [ -150018.162311562831746, 5318742.715334278531373 ], [ -150018.795051548600895, 5318757.17238700017333 ], [ -150019.246340764104389, 5318787.343818722292781 ], [ -150020.800138216582127, 5318802.909992996603251 ], [ -150023.757229170150822, 5318835.338527074083686 ], [ -149995.371426934725605, 5318885.83736402913928 ], [ -149981.545434858708177, 5318903.45686524361372 ], [ -149974.649971640435979, 5318918.22521092183888 ], [ -149968.936832734034397, 5318930.693494118750095 ], [ -149964.657711507839849, 5318944.145653097890317 ], [ -149962.320670118293492, 5318956.068651086650789 ], [ -149958.411352240567794, 5318970.028086128644645 ], [ -149956.923678565624868, 5318983.706198830157518 ], [ -149952.729048832959961, 5318998.025008985772729 ], [ -149949.090459956933046, 5319010.455012802034616 ], [ -149948.832532696716953, 5319024.428086022846401 ], [ -149947.699522919487208, 5319038.265305968932807 ], [ -149945.382296399096958, 5319052.852749651297927 ], [ -149943.215796469390625, 5319066.909970097243786 ], [ -149941.207481535937404, 5319080.611225844360888 ], [ -149939.199166602600599, 5319094.312501681037247 ], [ -149937.387330570287304, 5319108.528813308104873 ], [ -149935.220719321019715, 5319122.586117514409125 ], [ -149932.344780276238453, 5319136.325688951648772 ], [ -149928.624037616158603, 5319150.626149074174464 ], [ -149923.990029853273882, 5319163.919594934210181 ], [ -149919.891802799858851, 5319177.538583715446293 ], [ -149915.959441787534161, 5319190.975865294225514 ], [ -149909.5569012745691, 5319203.597449748776853 ], [ -149903.222822248382727, 5319216.128415973857045 ], [ -149896.84599653785699, 5319230.84074199385941 ], [ -149891.895284823724069, 5319244.846438463777304 ], [ -149887.465214368014131, 5319258.82915426697582 ], [ -149883.019781822833465, 5319272.463666625320911 ], [ -149869.554464897053549, 5319314.095002478919923 ], [ -149861.95535117739928, 5319347.462142231874168 ], [ -149854.902927477261983, 5319369.06535136885941 ], [ -149813.743881590315141, 5319457.05227814335376 ], [ -149811.268024795659585, 5319471.996376388706267 ], [ -149807.38286324730143, 5319490.493200435303152 ], [ -149807.268760769395158, 5319557.215910634025931 ], [ -149746.558338756032754, 5319642.479942345060408 ], [ -149719.613122050883248, 5319730.10871088411659 ], [ -149666.169970354967518, 5319860.422289754264057 ], [ -149621.485547514108475, 5319943.336805430240929 ], [ -149582.53007094739587, 5320020.092743535526097 ], [ -149537.843866994779091, 5320066.388010304421186 ], [ -149530.756377654877724, 5320079.267017076723278 ], [ -149527.170220259111375, 5320092.690056623890996 ], [ -149524.32378087946563, 5320107.127717951312661 ], [ -149523.559906533715548, 5320121.473691129125655 ], [ -149522.116983293934027, 5320136.198716212064028 ], [ -149521.715453890617937, 5320150.87790912296623 ], [ -149522.355095684732078, 5320165.511269654147327 ], [ -149521.244015847187256, 5320179.872566873207688 ], [ -149517.356405270227697, 5320194.356218514963984 ], [ -149514.479464350122726, 5320208.097213770262897 ], [ -149497.607771005918039, 5320251.197821308858693 ], [ -149591.408468255162006, 5320366.987346849404275 ], [ -149657.872994747711346, 5320437.267398253083229 ], [ -149724.055437650560634, 5320521.946060542017221 ], [ -149751.082028903241735, 5320563.074114772491157 ], [ -149744.564829314913368, 5320670.870397797785699 ], [ -149745.189554297132418, 5320685.156143455766141 ], [ -149746.207125762564829, 5320700.471813135780394 ], [ -149743.264172384457197, 5320717.436877875588834 ], [ -149741.685439365945058, 5320731.373349521309137 ], [ -149740.53294867783552, 5320745.754865468479693 ], [ -149735.938904612179613, 5320758.698340165428817 ], [ -149734.873799724271521, 5320774.105999633669853 ], [ -149734.15590032824548, 5320789.498296777717769 ], [ -149734.177830267988611, 5320805.905450025573373 ], [ -149733.067084388691001, 5320820.26773170940578 ], [ -149730.991087204951327, 5320836.418221464380622 ], [ -149728.522354857705068, 5320851.5386678352952 ], [ -149726.702169863739982, 5320865.583359298296273 ], [ -149725.953657607489731, 5320880.278933838941157 ], [ -149724.194364374910947, 5320895.717417307198048 ], [ -149722.087976970302407, 5320911.171009516343474 ], [ -149720.282931427005678, 5320925.564228962175548 ], [ -149718.477885883796262, 5320939.957318229600787 ], [ -149716.657589570473647, 5320954.001990265212953 ], [ -149714.898185018537333, 5320969.440595566295087 ], [ -149713.409843426488806, 5320983.121635735966265 ], [ -149711.650438874552492, 5320998.560136809013784 ], [ -149709.528689380007563, 5321013.665609869174659 ], [ -149707.723643836798146, 5321028.058834875933826 ], [ -149705.918598293646937, 5321042.452082057483494 ], [ -149704.159193741477793, 5321057.89083353895694 ], [ -149701.659848534269258, 5321072.314750736579299 ], [ -149698.481565752590541, 5321087.117606304585934 ], [ -149695.318422421842115, 5321102.269082609564066 ], [ -149692.788575673970627, 5321115.996177421882749 ], [ -149690.003028055944014, 5321131.829204301349819 ], [ -149687.217480437771883, 5321147.662410376593471 ], [ -149684.763887541106669, 5321163.131807724945247 ], [ -149681.978228603577008, 5321178.964914496056736 ], [ -149679.131789223960368, 5321193.40425468608737 ], [ -149675.968534573563375, 5321208.555903380736709 ], [ -149673.106844423717121, 5321222.64683988224715 ], [ -149670.305934715957846, 5321238.131749882362783 ], [ -149663.653481946035754, 5321249.270424610935152 ], [ -149658.579094277753029, 5321264.011549419723451 ], [ -149653.922377338865772, 5321279.634110737591982 ], [ -149647.560802398598753, 5321293.476651908829808 ], [ -149643.627105552412104, 5321306.916672410443425 ], [ -149639.346314533962868, 5321320.372100862674415 ], [ -149634.703067253372865, 5321333.494179044850171 ], [ -149629.426523389847716, 5321348.040869258344173 ], [ -149623.833386894431897, 5321363.299575385637581 ], [ -149617.137742162303766, 5321377.210499359294772 ], [ -149609.702268094260944, 5321390.106549725867808 ], [ -149602.659529189608293, 5321404.032750009559095 ], [ -149596.673434891708894, 5321418.261566168628633 ], [ -149576.84231288486626, 5321456.897374868392944 ], [ -149603.41360742028337, 5321768.857501872815192 ], [ -149587.725796860759147, 5321836.647388713434339 ], [ -149585.637109254923416, 5321898.595673017203808 ], [ -149606.282644656457705, 5322053.248076342977583 ], [ -149607.583969503932167, 5322098.930205435492098 ], [ -149606.791597368428484, 5322136.499456034973264 ], [ -149603.258762008539634, 5322190.948982345871627 ], [ -149602.227052967937198, 5322215.086551466956735 ], [ -149598.455325980758062, 5322276.006660183891654 ], [ -149600.15595384160406, 5322338.781162862665951 ], [ -149596.661412386718439, 5322399.54802206158638 ], [ -149604.230358524335315, 5322467.793687204830348 ], [ -149608.040602055116324, 5322558.934259373694658 ], [ -149612.064801647153217, 5322619.164179297164083 ], [ -149617.858758504065918, 5322688.04597953800112 ], [ -149612.696317118534353, 5322782.625470082275569 ], [ -149628.687473290308844, 5322871.186293158680201 ], [ -149636.1315189593588, 5322969.852893020957708 ], [ -149640.37490662880009, 5323011.219550043344498 ], [ -149642.400698722398374, 5323093.364878016524017 ], [ -149640.908238309290027, 5323115.615425704047084 ], [ -149607.396507481404115, 5323175.825924387201667 ], [ -149552.460338774893899, 5323263.972458708100021 ], [ -149500.646347826754209, 5323347.966129856184125 ], [ -149472.177723890257766, 5323393.044092334806919 ], [ -149441.550169749243651, 5323426.083369477652013 ], [ -149410.883319828106323, 5323469.978951312601566 ], [ -149385.677247527841246, 5323522.072399905882776 ], [ -149382.144189528946299, 5323540.735892484895885 ], [ -149379.439571180613711, 5323554.474039061926305 ], [ -149377.602910902147414, 5323568.173953649587929 ], [ -149376.340436556987697, 5323583.07098576053977 ], [ -149375.047460671485169, 5323597.270965571515262 ], [ -149352.317690443829633, 5323707.179198238067329 ], [ -149386.301972510205815, 5323892.061516247689724 ], [ -149384.245678876090096, 5323952.277173545211554 ], [ -149364.251028537371894, 5324039.646141487173736 ], [ -149348.893836865405319, 5324115.675231827422976 ], [ -149277.410693769546924, 5324212.600287817418575 ], [ -149238.003260070225224, 5324266.195008161477745 ], [ -149193.846602935140254, 5324325.242709755897522 ], [ -149201.859936479944736, 5324353.869908284395933 ], [ -149215.757506988564273, 5324372.320619228295982 ], [ -149249.720415712567046, 5324417.10098678804934 ], [ -149290.182044989633141, 5324479.232368766330183 ], [ -149352.445262580295093, 5324572.573030270636082 ], [ -149463.520407091185916, 5324710.691218186169863 ], [ -149490.747039468958974, 5324757.493974002078176 ], [ -149527.85394457160146, 5324840.201699731871486 ], [ -149558.114367031812435, 5324913.256560332141817 ], [ -149594.655769121163758, 5325001.758789071813226 ], [ -149626.086159429542022, 5325080.218338099308312 ], [ -149676.456113943248056, 5325184.990059414878488 ], [ -149688.95873991274857, 5325293.668296663090587 ], [ -149696.967398038832471, 5325332.292399451136589 ], [ -149723.105325796583202, 5325431.195359647274017 ], [ -149734.38332604788593, 5325497.855192574672401 ], [ -149772.965437042439589, 5325576.155503466725349 ], [ -149788.452427240496036, 5325620.648059541359544 ], [ -149792.427200978825567, 5325634.396430900320411 ], [ -149802.280645706370706, 5325651.198211132548749 ], [ -149807.472141479083803, 5325664.743891047313809 ], [ -149814.383412065042648, 5325677.199232947081327 ], [ -149822.194366775336675, 5325690.860190563835204 ], [ -149827.393766231805785, 5325704.756069049239159 ], [ -149832.240505541471066, 5325718.484747808426619 ], [ -149841.401988314348273, 5325733.54541957564652 ], [ -149848.770670687867096, 5325752.764537225477397 ], [ -149844.09480679675471, 5325792.748891887255013 ], [ -149829.698191010742448, 5325903.932346074841917 ], [ -149792.034020537306787, 5326026.782993112690747 ], [ -149767.951607176975813, 5326122.825897082686424 ], [ -149750.459864269330865, 5326181.887170704081655 ], [ -149725.451718023483409, 5326292.315480107441545 ], [ -149706.672119926719461, 5326358.124112513847649 ], [ -149491.815817900031107, 5326561.936553323641419 ], [ -149326.853134285862325, 5326697.350130578503013 ], [ -149237.254859133594437, 5326850.766820766031742 ], [ -149125.39724992174888, 5327038.63870186265558 ], [ -149027.429864132223884, 5327261.201422164216638 ], [ -148981.25598650451866, 5327329.297085452824831 ], [ -148924.106007084716111, 5327375.05366919003427 ], [ -148813.9305466983933, 5327408.940701802261174 ], [ -148800.437956497073174, 5327414.15276537835598 ], [ -148788.007465557777323, 5327420.041458507999778 ], [ -148775.251810385816498, 5327426.989005154930055 ], [ -148739.966092152608326, 5327440.754978303797543 ], [ -148726.473390631872462, 5327445.967059643007815 ], [ -148713.329453076177742, 5327451.171063381247222 ], [ -148700.217018936004024, 5327457.77604953572154 ], [ -148687.825823776918696, 5327465.41595786716789 ], [ -148672.869270952302031, 5327473.417209615930915 ], [ -148659.564031454181531, 5327478.726428144611418 ], [ -148647.149125243595336, 5327485.315577631816268 ], [ -148634.020772416319232, 5327491.220019369386137 ], [ -148621.954630170337623, 5327497.801249579526484 ], [ -148609.927895023924066, 5327506.133527291938663 ], [ -148598.234227793989703, 5327513.757618987932801 ], [ -148587.261688225524267, 5327522.416488273069263 ], [ -148576.33645944064483, 5327533.176927995868027 ], [ -148565.419134339579614, 5327544.287590151652694 ], [ -148556.316428257938242, 5327556.708391188643873 ], [ -148545.443296994606499, 5327567.839054202660918 ], [ -148535.540760371630313, 5327577.52497542835772 ], [ -148525.669727164466167, 5327588.611905860714614 ], [ -148515.798582638002699, 5327599.698849460110068 ], [ -148506.973952644388191, 5327610.762174127623439 ], [ -148499.575993244652636, 5327623.194803455844522 ], [ -148493.589008390845265, 5327636.296315915882587 ], [ -148489.028694130887743, 5327650.767142361961305 ], [ -148485.847851001017261, 5327664.506001643836498 ], [ -148476.161496829183307, 5327713.694275063462555 ], [ -148458.387113734177547, 5327820.339206163771451 ], [ -148453.47324877162464, 5327914.595318351872265 ], [ -148457.295848765963456, 5327987.300991610623896 ], [ -148446.420045834907796, 5328094.865564603358507 ], [ -148415.555269859090913, 5328180.743379757739604 ], [ -148378.225837094389135, 5328286.302375018596649 ], [ -148332.122869982471457, 5328371.289042698219419 ], [ -148318.710652453679359, 5328401.239047585055232 ], [ -147915.70815834068344, 5328496.068098047748208 ], [ -147819.925194918934721, 5328572.703311000950634 ], [ -147768.009569275687682, 5328625.104281497187912 ], [ -147709.578302516747499, 5328671.189413611777127 ], [ -147636.71535433238023, 5328720.021912130527198 ], [ -147583.039322261640336, 5328770.612198101356626 ], [ -147551.883000539528439, 5328782.404260977171361 ], [ -147482.581608143576887, 5328819.853723966516554 ], [ -147424.473613185924478, 5328863.02444429975003 ], [ -147384.485314383753575, 5328905.288070599548519 ], [ -147363.524410864716629, 5328911.080113271251321 ], [ -147342.494377941999119, 5328906.944529782049358 ], [ -147321.825354128144681, 5328917.451455849222839 ], [ -147309.686854212894104, 5328935.456320453435183 ], [ -147302.540031584590906, 5328947.922126796096563 ], [ -147292.714528049167711, 5328958.369933963753283 ], [ -147278.603001479234081, 5328967.479371268302202 ], [ -147265.700293259869795, 5328972.124899516813457 ], [ -147249.98075664541102, 5328979.643447523936629 ], [ -147242.278115799534135, 5328991.081850475631654 ], [ -147234.984351443214109, 5329004.611639526672661 ], [ -147227.913114749157103, 5329020.852535883896053 ], [ -147225.841904303437332, 5329031.108289324678481 ], [ -147222.806333108979743, 5329049.741779083386064 ], [ -147215.123729771235958, 5329061.880649404600263 ], [ -147202.125843387388159, 5329069.701807929202914 ], [ -147187.62581179451081, 5329074.270837536081672 ], [ -147169.028777662664652, 5329081.269479621201754 ], [ -147155.882391077786451, 5329089.442752280272543 ], [ -147142.149573415779741, 5329097.549241706728935 ], [ -147135.076444290112704, 5329104.525637769140303 ], [ -147121.09683131694328, 5329116.349077983759344 ], [ -147107.461863486998482, 5329128.675445130094886 ], [ -147093.698989562253701, 5329135.731311798095703 ], [ -147080.922517645434709, 5329140.655523352324963 ], [ -147066.750767231045756, 5329145.619994931854308 ], [ -147052.551854860881576, 5329148.17420713044703 ], [ -147038.875030902592698, 5329146.551252993755043 ], [ -147017.858801596798003, 5329146.545153382234275 ], [ -147002.640536649443675, 5329151.539516204036772 ], [ -146990.915922600979684, 5329156.556907755322754 ], [ -146970.461188806715654, 5329160.722185016609728 ], [ -146961.495850976614747, 5329165.464793466031551 ], [ -146947.676538070169045, 5329168.127736914902925 ], [ -146930.421349080192158, 5329168.552880795672536 ], [ -146916.907162897958187, 5329172.096001362428069 ], [ -146899.409074779076036, 5329172.940342365764081 ], [ -146883.761895833828021, 5329175.142613406293094 ], [ -146870.541704426752403, 5329183.177354072220623 ], [ -146859.136354677873896, 5329187.535086784511805 ], [ -146847.822509550605901, 5329192.353039426729083 ], [ -146832.848590885521844, 5329195.962197668850422 ], [ -146814.942516833019909, 5329199.138892437331378 ], [ -146800.640745253331261, 5329199.549703562632203 ], [ -146786.37882605131017, 5329201.361450985074043 ], [ -146773.533224730723305, 5329201.53971316665411 ], [ -146761.154942632536404, 5329201.502657811157405 ], [ -146745.670735421677819, 5329201.633952712640166 ], [ -146730.877154331712518, 5329198.779470840469003 ], [ -146715.498923275910784, 5329198.169506350532174 ], [ -146700.439511242031585, 5329196.498813803307712 ], [ -146687.074381857906701, 5329193.026744794100523 ], [ -146674.96449105188367, 5329189.069298305548728 ], [ -146660.595927777874749, 5329189.216604583896697 ], [ -146647.02864219842013, 5329190.407864133827388 ], [ -146631.136226414819248, 5329192.991824346594512 ], [ -146616.732040903531015, 5329196.338698155246675 ], [ -146602.898813060484827, 5329200.942100276239216 ], [ -146589.47312587351189, 5329204.328624656423926 ], [ -146576.048551881336607, 5329211.023449053056538 ], [ -146563.31170970320818, 5329217.348029047250748 ], [ -146548.790750046231551, 5329222.321690914221108 ], [ -146534.209900503105018, 5329225.193869006820023 ], [ -146519.97792624408612, 5329228.055983536876738 ], [ -146505.397076701163314, 5329230.928010902367532 ], [ -146491.082614699465921, 5329231.446482539176941 ], [ -146476.860547875141492, 5329234.658719956874847 ], [ -146462.638481050817063, 5329237.87095848005265 ], [ -146449.720076783385593, 5329240.387072979472578 ], [ -146435.119189731864026, 5329242.558556583710015 ], [ -146420.333623645245098, 5329247.389651937410235 ], [ -146404.815130031143781, 5329245.005441030487418 ], [ -146389.620019537891494, 5329242.951223089359701 ], [ -146376.480534761707531, 5329239.341131725348532 ], [ -146362.611350723280339, 5329233.013182008638978 ], [ -146347.085955300659407, 5329225.709747969172895 ], [ -146333.200295977614587, 5329221.60940308496356 ], [ -146319.31942339258967, 5329219.144683270715177 ], [ -146305.695698831434129, 5329216.573525093495846 ], [ -146291.179525912506506, 5329213.222221778705716 ], [ -146274.235140940843849, 5329211.569520516321063 ], [ -146260.966191596904537, 5329211.35649012029171 ], [ -146246.694253640715033, 5329212.817052230238914 ], [ -146231.44559847243363, 5329216.759564628824592 ], [ -146218.299879804602824, 5329220.992117505520582 ], [ -146204.117554038530216, 5329225.604986261576414 ], [ -146188.918658682523528, 5329231.298565628007054 ], [ -146175.792866203701124, 5329236.231672126799822 ], [ -146156.877680967038032, 5329244.299251141957939 ], [ -146141.370987219037488, 5329248.642830643802881 ], [ -146131.395313690620242, 5329251.816950981505215 ], [ -146116.724629318487132, 5329251.53621322195977 ], [ -146101.984258945070906, 5329248.803862134926021 ], [ -146087.831878121913178, 5329242.198675840161741 ], [ -146073.340752088523004, 5329235.95367968827486 ], [ -146059.617062624398386, 5329232.140472120605409 ], [ -146045.275327347713755, 5329231.149123803712428 ], [ -146030.973444448522059, 5329231.558716404251754 ], [ -146017.409053175826557, 5329233.349273694679141 ], [ -146001.801503969210899, 5329236.951128187589347 ], [ -145986.59247853938723, 5329242.294135729782283 ], [ -145973.845283648726763, 5329248.267547979019582 ], [ -145961.107996192731662, 5329254.591390755027533 ], [ -145946.985226354183396, 5329261.305312723852694 ], [ -145933.879137425072258, 5329266.938526945188642 ], [ -145921.151757403917145, 5329273.612504804506898 ], [ -145898.867599097895436, 5329289.738737374544144 ], [ -145876.011815206642495, 5329309.434399295598269 ], [ -145652.279564901022241, 5329422.024730874225497 ], [ -145376.640037913777633, 5329511.006467096507549 ], [ -145239.208779443288222, 5329548.649780015461147 ], [ -145139.733459831448272, 5329566.052888755686581 ], [ -145100.304207511886489, 5329557.026892993599176 ], [ -145055.738451248296769, 5329543.872360058128834 ], [ -145004.770933708059601, 5329531.055168048478663 ], [ -144991.01574082809384, 5329527.152934440411627 ], [ -144977.252310305950232, 5329521.936945808120072 ], [ -144963.47908366844058, 5329516.370676042512059 ], [ -144950.044713561102981, 5329510.444213509559631 ], [ -144916.770872485038126, 5329509.293934585526586 ], [ -144756.299262407497736, 5329537.380879918113351 ], [ -144716.405585172440624, 5329546.7594293076545 ], [ -144693.64497944584582, 5329552.849544090218842 ], [ -144677.047020729631186, 5329555.569936934858561 ], [ -144666.94132603588514, 5329560.170161324553192 ], [ -144652.057576158200391, 5329564.236038126982749 ], [ -144639.484707590105245, 5329566.191661145538092 ], [ -144625.426948334265035, 5329569.16139077115804 ], [ -144611.713722902524751, 5329571.947514678351581 ], [ -144563.060537575918715, 5329586.274182594381273 ], [ -144455.357149121555267, 5329609.419818346388638 ], [ -144441.460914446855895, 5329611.860089079476893 ], [ -144428.628894104011124, 5329615.731858521699905 ], [ -144414.101811875065323, 5329620.11663287319243 ], [ -144321.280280867009424, 5329639.639601472765207 ], [ -144274.580418645287864, 5329629.676738233305514 ], [ -144228.537230099667795, 5329624.279982065781951 ], [ -144192.835399609844899, 5329629.002238851971924 ], [ -144151.045283529761946, 5329647.090215479023755 ], [ -144106.412178974103881, 5329659.359334180131555 ], [ -144075.68287881865399, 5329665.54376667458564 ], [ -144060.710741265356774, 5329666.784649132750928 ], [ -144046.580624340567738, 5329666.77992167044431 ], [ -144030.797190338373184, 5329666.534093648195267 ], [ -144016.258976160286693, 5329664.089081155136228 ], [ -144002.737220252660336, 5329660.394037610851228 ], [ -143989.712951149354922, 5329655.636537763290107 ], [ -143976.518585864105262, 5329651.058378599584103 ], [ -143963.783636117266724, 5329643.84367644879967 ], [ -143951.750333121046424, 5329636.786815602332354 ], [ -143940.214628248621011, 5329628.667810397222638 ], [ -143929.014885599404806, 5329620.015374190174043 ], [ -143918.300050652062055, 5329609.776053305715322 ], [ -143905.575453617871972, 5329598.383251298218966 ], [ -143894.528886588144815, 5329588.852152518928051 ], [ -143882.470202747819712, 5329580.745693800039589 ], [ -143869.548458895500517, 5329573.01042040809989 ], [ -143857.395487446774496, 5329569.764059647917747 ], [ -143842.355667643016204, 5329568.20614848099649 ], [ -143828.072597737889737, 5329569.079804779030383 ], [ -143812.91778490022989, 5329569.974810767918825 ], [ -143743.285439658211544, 5329584.874256013892591 ], [ -143716.872107480216073, 5329591.454675260931253 ], [ -143703.349906294723041, 5329594.934974881820381 ], [ -143688.578032505320152, 5329598.063463713973761 ], [ -143675.034569296956761, 5329600.669038977473974 ], [ -143661.492441922455328, 5329605.391131314449012 ], [ -143649.181508116074838, 5329610.78802905511111 ], [ -143631.940456701471703, 5329612.873285040259361 ], [ -143617.491298115986865, 5329616.946504706516862 ], [ -143603.930357747507514, 5329620.164059755392373 ], [ -143588.602109143394046, 5329624.656042343936861 ], [ -143574.779011374106631, 5329630.052798727527261 ], [ -143562.93205720547121, 5329634.616155253723264 ], [ -143550.196884819626575, 5329640.0350296581164 ], [ -143537.398482963180868, 5329645.447959768585861 ], [ -143524.496442660834873, 5329652.938228030689061 ], [ -143511.724980120983673, 5329658.689255116507411 ], [ -143501.352786566392751, 5329663.323690050281584 ], [ -143488.05689790553879, 5329667.708486761897802 ], [ -143475.091294173907954, 5329672.575029455125332 ], [ -143462.111886825412512, 5329679.299469583667815 ], [ -143446.503669701720355, 5329686.844054699875414 ], [ -143425.851009852747666, 5329696.251119162887335 ], [ -143385.552463629661361, 5329713.539976013824344 ], [ -143337.790836104890332, 5329707.657765606418252 ], [ -143323.801204377319664, 5329706.248365851119161 ], [ -143309.964748269179836, 5329703.95995981991291 ], [ -143295.609432014549384, 5329701.859281046316028 ], [ -143281.347958090394968, 5329701.133994170464575 ], [ -143267.524192404234782, 5329699.370491999201477 ], [ -143253.398305619950406, 5329699.539461233653128 ], [ -143239.47212600230705, 5329700.75350833311677 ], [ -143226.405110214574961, 5329707.80065758433193 ], [ -143215.450159125670325, 5329716.468120141886175 ], [ -143207.530890550464392, 5329728.037051058374345 ], [ -143200.439838987018447, 5329738.63258908316493 ], [ -143192.197075971635059, 5329751.1057208487764 ], [ -143183.381462856865255, 5329763.171083335764706 ], [ -143178.162471169984201, 5329778.764714776538312 ], [ -143176.685150207631523, 5329793.268906188197434 ], [ -143175.454067959042732, 5329811.820804691873491 ], [ -143173.885910292156041, 5329826.030872320756316 ], [ -143159.319309643760789, 5329839.882277804426849 ], [ -143145.806570614950033, 5329850.699527909047902 ], [ -143133.210436273249798, 5329856.431766637600958 ], [ -143119.729868577123852, 5329861.660294897854328 ], [ -143107.154773619113257, 5329868.267139683477581 ], [ -143094.18883592900238, 5329873.13317696005106 ], [ -143081.704355036490597, 5329876.382388295605779 ], [ -143068.840831277891994, 5329878.270518242381513 ], [ -143056.648564048722619, 5329878.947018169797957 ], [ -143044.288093069015304, 5329872.771899376995862 ], [ -143030.392303672269918, 5329868.034269027411938 ], [ -143016.091867926559644, 5329868.20705386903137 ], [ -143001.79132086125901, 5329868.379838711582124 ], [ -142987.503464217938017, 5329869.077383210882545 ], [ -142973.440695585042704, 5329871.869696747511625 ], [ -142959.403196476429002, 5329875.711531135253608 ], [ -142901.277613039448624, 5329888.497018532827497 ], [ -142842.010336904524593, 5329874.545041955076158 ], [ -142821.510630036122166, 5329870.842747476883233 ], [ -142759.720297642372316, 5329873.352780055254698 ], [ -142724.224185571627459, 5329875.72144377976656 ], [ -142652.491018899308983, 5329912.029998454265296 ], [ -142629.236822550563375, 5329927.038877010345459 ], [ -142616.495527592749568, 5329933.999117857776582 ], [ -142603.770930558850523, 5329941.658896362408996 ], [ -142591.41201805183664, 5329950.009979060851038 ], [ -142580.132793286058586, 5329959.734973740763962 ], [ -142568.836647958058165, 5329968.760291499085724 ], [ -142556.834737058146857, 5329977.452702071517706 ], [ -142545.147748997726012, 5329984.737203958444297 ], [ -142531.675084985530702, 5329990.314885905943811 ], [ -142517.496655401628232, 5329995.559654622338712 ], [ -142503.666878462885506, 5330000.795886046253145 ], [ -142489.412528986344114, 5330002.892056988552213 ], [ -142474.418684132338967, 5330003.255932183004916 ], [ -142459.773491923639085, 5330003.611114643514156 ], [ -142445.808795762015507, 5330003.249832008965313 ], [ -142431.852559881750494, 5330003.238394191488624 ], [ -142417.913244564231718, 5330003.926646006293595 ], [ -142404.049737819703296, 5330007.763349614106119 ], [ -142392.37944768302259, 5330015.74741318821907 ], [ -142365.527628030802589, 5330038.626468176953495 ], [ -142337.105646960902959, 5330057.945345423184335 ], [ -142275.03022535139462, 5330025.182260051369667 ], [ -142257.645571793749696, 5329991.835961556993425 ], [ -142227.301103117730236, 5329974.825671066530049 ], [ -142185.678745510231238, 5330010.837380275130272 ], [ -141987.352497310435865, 5330029.189625157043338 ], [ -141967.867578919889638, 5330031.411618880927563 ], [ -141907.603436745237559, 5330034.504872932098806 ], [ -141757.546766906627454, 5330040.57258281018585 ], [ -141393.223565703490749, 5329998.175711162388325 ], [ -141381.445963577745715, 5329995.133558039553463 ], [ -141373.906739744212246, 5329991.263613733462989 ], [ -141394.020501938153757, 5329929.548162190243602 ], [ -141399.289253437425941, 5329916.469508052803576 ], [ -141405.948496696219081, 5329903.182248634286225 ], [ -141411.213018054841086, 5329889.92855866625905 ], [ -141415.252913695207098, 5329876.529552920721471 ], [ -141419.118483012891375, 5329863.134683972224593 ], [ -141419.833154143794673, 5329849.290869060903788 ], [ -141419.663614559307462, 5329834.943362139165401 ], [ -141419.838497479329817, 5329820.412570727989078 ], [ -141420.20718763282639, 5329803.911336092278361 ], [ -141423.981141009746352, 5329783.927471723407507 ], [ -141429.419877371314215, 5329770.669681119732559 ], [ -141436.814051908440888, 5329758.939962051808834 ], [ -141447.031400051404489, 5329748.542193609289825 ], [ -141498.019511697406415, 5329735.398370700888336 ], [ -141654.339795324223815, 5329669.872902356088161 ], [ -141667.774722029134864, 5329662.722387618385255 ], [ -141679.436663204134675, 5329654.389709344133735 ], [ -141690.550467206630856, 5329645.020201689563692 ], [ -141700.76737007155316, 5329634.622255185618997 ], [ -141708.161210650025168, 5329622.892402126453817 ], [ -141714.849285656935535, 5329610.829660971648991 ], [ -141722.413111097819638, 5329598.920805558562279 ], [ -141729.271059647639049, 5329579.287514060735703 ], [ -141733.301938409276772, 5329565.538973440416157 ], [ -141735.58521248496254, 5329551.657628280110657 ], [ -141738.91878595619346, 5329537.925903001800179 ], [ -141742.405646366358269, 5329523.315513447858393 ], [ -141746.610740130941849, 5329509.56278539635241 ], [ -141752.567668722331291, 5329496.117662010714412 ], [ -141758.333461748057744, 5329481.977177326567471 ], [ -141763.759062409808394, 5329468.194926058873534 ], [ -141771.310197428712854, 5329455.761516226455569 ], [ -141779.940908869408304, 5329444.701951634138823 ], [ -141789.613459424377652, 5329433.442174262367189 ], [ -141798.77549879468279, 5329422.719802090898156 ], [ -141806.692095701902872, 5329410.977558326907456 ], [ -141813.724259254900971, 5329398.731640334241092 ], [ -141819.851172708673403, 5329385.107648466713727 ], [ -141822.287622403644491, 5329370.347749121487141 ], [ -141821.203481882752385, 5329356.518847148865461 ], [ -141820.202719660592265, 5329341.643707961775362 ], [ -141822.290516710461816, 5329326.892416977323592 ], [ -141825.56731724133715, 5329313.575193414464593 ], [ -141834.352874093630817, 5329299.121002706699073 ], [ -141844.766812457470223, 5329290.161446911282837 ], [ -141855.599868704070104, 5329283.49050706718117 ], [ -141868.54042555030901, 5329277.577001792378724 ], [ -141882.75592452447745, 5329273.907882492057979 ], [ -141896.343804209725931, 5329269.382825415581465 ], [ -141909.960181684669806, 5329265.845462616533041 ], [ -141923.316628148459131, 5329262.722117400728166 ], [ -141937.502738777315244, 5329257.828492350876331 ], [ -141949.920205336180516, 5329251.92750768084079 ], [ -141964.245131370058516, 5329247.582096746191382 ], [ -141978.057208509620978, 5329243.765224622562528 ], [ -141992.102499982633162, 5329238.157185532152653 ], [ -142005.676910009380663, 5329234.287097658030689 ], [ -142019.165604028356029, 5329229.410261595621705 ], [ -142032.82428290968528, 5329224.354250514879823 ], [ -142048.99032200165675, 5329220.905959811992943 ], [ -142061.569424461136805, 5329214.476005860604346 ], [ -142075.396529732097406, 5329209.731695098802447 ], [ -142087.483711361972382, 5329204.083266288042068 ], [ -142099.870676380494842, 5329197.685652039945126 ], [ -142111.378440060856519, 5329190.231584548950195 ], [ -142122.873624638537876, 5329182.252801952883601 ], [ -142134.891788184031611, 5329174.261216957122087 ], [ -142147.290219110145699, 5329164.031839557923377 ], [ -142156.660759886668529, 5329152.866334892809391 ], [ -142166.03041010722518, 5329142.563633152283728 ], [ -142176.412177138205152, 5329131.811707135289907 ], [ -142185.548279067064868, 5329120.039941385388374 ], [ -142193.999654808081686, 5329108.809681249782443 ], [ -142203.169486542581581, 5329098.437035469338298 ], [ -142213.049091350665549, 5329088.572343157604337 ], [ -142223.426516921259463, 5329077.645421797409654 ], [ -142234.156713958305772, 5329066.885031190700829 ], [ -142244.20229612707044, 5329056.6662932112813 ], [ -142253.355095979612088, 5329045.594087547622621 ], [ -142263.047684042889159, 5329035.208855489268899 ], [ -142273.798920463741524, 5329025.322881647385657 ], [ -142284.898698210163275, 5329015.428531431593001 ], [ -142297.443736905610422, 5329007.599184038117528 ], [ -142310.047552292206092, 5329002.218493856489658 ], [ -142323.323514764168067, 5328995.771306961774826 ], [ -142335.719385342061287, 5328988.99566600844264 ], [ -142349.152753574075177, 5328981.844605536200106 ], [ -142359.72098075208487, 5328971.613151732832193 ], [ -142364.170977396512171, 5328960.830010290257633 ], [ -142364.390722071228083, 5328948.224508579820395 ], [ -142360.222809016529936, 5328934.500228104181588 ], [ -142350.775012513418915, 5328920.736778754740953 ], [ -142342.733626456960337, 5328905.012832774780691 ], [ -142343.077158405561931, 5328890.304318089038134 ], [ -142348.058482979598921, 5328879.858416951261461 ], [ -142357.0535431135213, 5328869.490142752416432 ], [ -142367.468483352800831, 5328860.137434075586498 ], [ -142388.116245144134155, 5328854.197664573788643 ], [ -142400.370628648990532, 5328847.70940887928009 ], [ -142414.893592056963826, 5328841.898039905354381 ], [ -142428.245029143698048, 5328838.599021082744002 ], [ -142442.974267568119103, 5328834.566702176816761 ], [ -142457.529179669712903, 5328830.53850211109966 ], [ -142471.93280858345679, 5328828.65073661878705 ], [ -142485.331556453893427, 5328827.688860781490803 ], [ -142498.98522595805116, 5328822.457404631190002 ], [ -142512.120146635221317, 5328817.413660323247313 ], [ -142524.354047353932401, 5328811.166661142371595 ], [ -142536.362860062217806, 5328802.825136634521186 ], [ -142548.720325415779371, 5328794.475232935510576 ], [ -142560.401636182068614, 5328787.016607983969152 ], [ -142572.210853043303359, 5328777.629825489595532 ], [ -142582.78709522477584, 5328767.748089077882469 ], [ -142592.670262256317073, 5328758.058187910355628 ], [ -142602.378991645964561, 5328748.372413862496614 ], [ -142612.606581181986257, 5328738.499095026403666 ], [ -142622.13675410830183, 5328728.64271229878068 ], [ -142630.714588790870039, 5328716.587531261146069 ], [ -142638.912156092817895, 5328706.058721277862787 ], [ -142648.378988228912931, 5328693.578904594294727 ], [ -142656.007935571920825, 5328682.377366909757257 ], [ -142661.523705021332717, 5328668.074501456692815 ], [ -142668.100460537301842, 5328655.104047685861588 ], [ -142680.537853285233723, 5328642.909440559335053 ], [ -142691.21250189631246, 5328631.770786217413843 ], [ -142700.777072545373812, 5328621.701346785761416 ], [ -142710.119560810184339, 5328611.845697332173586 ], [ -142719.453032196121057, 5328602.426917442120612 ], [ -142730.489357832819223, 5328592.662472114898264 ], [ -142741.235250918311067, 5328582.601461335085332 ], [ -142751.296640454471344, 5328573.082226040773094 ], [ -142761.532244994101347, 5328563.558730995282531 ], [ -142771.414966747601284, 5328553.868736860342324 ], [ -142781.978073228965513, 5328543.462399740703404 ], [ -142789.165861430112273, 5328530.513008932583034 ], [ -142786.246507784060668, 5328519.719093597494066 ], [ -142783.812952395761386, 5328505.603570129722357 ], [ -142779.827269347326364, 5328492.225764214061201 ], [ -142775.833237337210448, 5328478.498189807869494 ], [ -142772.183627831749618, 5328464.587355675175786 ], [ -142768.699884367204504, 5328450.322486269287765 ], [ -142765.317998236918356, 5328434.744644952006638 ], [ -142765.788879682921106, 5328421.884299916215241 ], [ -142763.529650617390871, 5328407.764655019156635 ], [ -142762.669150953443022, 5328393.786073613911867 ], [ -142761.791730726981768, 5328379.107945260591805 ], [ -142763.018916793575045, 5328364.903740064240992 ], [ -142768.684076999488752, 5328353.916522530838847 ], [ -142779.124398082611151, 5328344.819577288813889 ], [ -142791.855006369180046, 5328337.510434236377478 ], [ -142803.874617068038788, 5328330.487343642860651 ], [ -142817.000298227503663, 5328325.093625855632126 ], [ -142830.98480925837066, 5328319.153891901485622 ], [ -142844.977780570596224, 5328313.564095669426024 ], [ -142857.178842039458686, 5328306.016198822297156 ], [ -142869.486324941623025, 5328300.153325140476227 ], [ -142883.541746488161152, 5328291.281182366423309 ], [ -142897.713162944157375, 5328285.862023705616593 ], [ -142911.162004585494287, 5328279.410299933515489 ], [ -142924.224233635031851, 5328271.393109639175236 ], [ -142936.808902069198666, 5328264.623483686707914 ], [ -142947.18065034589381, 5328257.628808428533375 ], [ -142958.42035669228062, 5328251.483732704073191 ], [ -142968.661304567271145, 5328239.504338366910815 ], [ -142978.491594840830658, 5328227.037800962105393 ], [ -142991.500501854345202, 5328218.786606347188354 ], [ -143004.232891252933769, 5328212.921500329859555 ], [ -143016.385306104231859, 5328203.351410519331694 ], [ -143028.741546943434514, 5328195.001280744560063 ], [ -143042.181705664290348, 5328188.199690527282655 ], [ -143054.937360836367588, 5328181.939694726839662 ], [ -143067.472046819282696, 5328173.760202937759459 ], [ -143078.051405946229352, 5328164.053383900783956 ], [ -143087.185392804618459, 5328152.281771406531334 ], [ -143096.302459100668784, 5328139.810776286758482 ], [ -143103.646873825200601, 5328126.15782237611711 ], [ -143110.123887077526888, 5328112.701121679507196 ], [ -143114.300260413612705, 5328098.77528047002852 ], [ -143119.714506487332983, 5328084.644536421634257 ], [ -143123.555696836818242, 5328070.377045760862529 ], [ -143126.878138358762953, 5328056.297118038870394 ], [ -143131.969891867775004, 5328042.349252508021891 ], [ -143137.935614698857535, 5328028.275161000899971 ], [ -143141.266516502510058, 5328014.545067046768963 ], [ -143144.597418305900646, 5328000.815145758911967 ], [ -143147.495955207239604, 5327986.317246603779495 ], [ -143150.652530688181287, 5327971.024995656684041 ], [ -143151.630583734251559, 5327954.295274983160198 ], [ -143152.700030082312878, 5327940.169933666475117 ], [ -143155.720573145430535, 5327924.456482854671776 ], [ -143157.980581447627628, 5327909.595518595539033 ], [ -143161.764108300791122, 5327894.876374934799969 ], [ -143171.216580222418997, 5327879.563080530613661 ], [ -143185.743105854053283, 5327871.5614806227386 ], [ -143203.026569994603051, 5327867.111051054671407 ], [ -143214.217184445646126, 5327866.061451953835785 ], [ -143228.285407733405009, 5327863.619198141619563 ], [ -143243.433207443187712, 5327862.550388300791383 ], [ -143256.918784516397864, 5327860.353763385675848 ], [ -143271.951145914092194, 5327859.570071410387754 ], [ -143285.456315217656083, 5327858.973306789062917 ], [ -143299.405537970014848, 5327857.949018495157361 ], [ -143313.175758981116815, 5327857.613586211577058 ], [ -143327.12631756727933, 5327853.930692995898426 ], [ -143341.110939917736687, 5327851.159718945622444 ], [ -143353.715757179743377, 5327850.415059831924736 ], [ -143366.785333315754542, 5327847.689522604458034 ], [ -143381.197867788781878, 5327845.063548440113664 ], [ -143395.163565825758269, 5327845.598104812204838 ], [ -143409.120803581405198, 5327845.782897266559303 ], [ -143423.695864511129912, 5327846.081584087572992 ], [ -143438.033926244679606, 5327846.4354647109285 ], [ -143453.037121935776668, 5327846.594794855453074 ], [ -143466.939367863000371, 5327844.506121746264398 ], [ -143478.818382045079488, 5327838.092057925648987 ], [ -143489.583867360721342, 5327828.905506382696331 ], [ -143496.621151610132074, 5327817.010054693557322 ], [ -143503.271711948647862, 5327803.549225644208491 ], [ -143507.626641748036491, 5327788.919443044811487 ], [ -143513.476147030713037, 5327774.386347998864949 ], [ -143516.632054594665533, 5327760.660744135268033 ], [ -143518.720964839390945, 5327746.086374425329268 ], [ -143521.761545410961844, 5327732.551853543147445 ], [ -143525.891387199895689, 5327717.822468846105039 ], [ -143527.278762013651431, 5327703.090210531838238 ], [ -143530.43043943689554, 5327689.189984932541847 ], [ -143534.644884038949385, 5327675.96352837048471 ], [ -143541.669255227432586, 5327663.543635904788971 ], [ -143549.943410339270486, 5327652.318177465349436 ], [ -143555.181882936944021, 5327640.849854699335992 ], [ -143564.072414069058141, 5327628.587048393674195 ], [ -143572.686650225135963, 5327617.003338562324643 ], [ -143580.939543314132607, 5327604.903548764996231 ], [ -143584.641918258304941, 5327591.412685081362724 ], [ -143585.357368625787785, 5327577.746963949874043 ], [ -143584.831606670632027, 5327563.236457496881485 ], [ -143580.367583770508645, 5327545.494496040046215 ], [ -143575.518172792973928, 5327532.489315751008689 ], [ -143569.963107563380618, 5327519.151477808132768 ], [ -143564.561217953189043, 5327504.935164446942508 ], [ -143561.267830818105722, 5327491.367146387696266 ], [ -143559.049901283462532, 5327475.468293798156083 ], [ -143562.537318291171687, 5327461.035244947299361 ], [ -143573.835467370226979, 5327451.220003865659237 ], [ -143585.438075256592128, 5327444.237067892216146 ], [ -143596.39425085982657, 5327435.745979688130319 ], [ -143608.914799267542548, 5327427.041604607366025 ], [ -143621.626705879491055, 5327419.03261704556644 ], [ -143634.359651875449345, 5327411.898005521856248 ], [ -143647.955546564044198, 5327404.392307387664914 ], [ -143661.028573604213307, 5327396.899269609712064 ], [ -143674.688922277942766, 5327391.50609127804637 ], [ -143689.409143823577324, 5327386.099651913158596 ], [ -143700.514042266615434, 5327376.554956076666713 ], [ -143708.564556521247141, 5327364.433218629099429 ], [ -143716.475142176117515, 5327349.962226232513785 ], [ -143723.040654423588421, 5327337.429336743429303 ], [ -143733.517154341097921, 5327325.194981779903173 ], [ -143746.937052914610831, 5327318.043976255692542 ], [ -143759.781541040400043, 5327312.251245005056262 ], [ -143773.428086097206688, 5327306.843936779536307 ], [ -143788.458221105218399, 5327305.345710309222341 ], [ -143802.703998980898177, 5327303.073138895444572 ], [ -143816.460750333673786, 5327302.212348875589669 ], [ -143830.279172684298828, 5327299.506943989545107 ], [ -143845.5291636865295, 5327296.036342890933156 ], [ -143860.458331916393945, 5327289.571276942268014 ], [ -143871.966652194067137, 5327282.291317700408399 ], [ -143886.289908435457619, 5327271.317113846540451 ], [ -143893.118023361719679, 5327258.027368883602321 ], [ -143898.721846528293099, 5327244.592501673847437 ], [ -143900.997105600632494, 5327230.539127723313868 ], [ -143900.815209552645683, 5327215.845905596390367 ], [ -143895.379701456142357, 5327203.533346298150718 ], [ -143889.114306555915391, 5327185.763253903947771 ], [ -143884.121293435338885, 5327169.97835055552423 ], [ -143883.437791761884, 5327156.17237542103976 ], [ -143883.447142599063227, 5327142.174476667307317 ], [ -143884.31532330767368, 5327127.630649319849908 ], [ -143889.275719817553181, 5327113.477592072449625 ], [ -143895.975483370973961, 5327101.444621231406927 ], [ -143903.253774318000069, 5327089.521587158553302 ], [ -143913.363810471899342, 5327079.462806298397481 ], [ -143922.172521778236842, 5327068.749541220255196 ], [ -143931.117376821901416, 5327056.458062428981066 ], [ -143940.226094156183535, 5327047.690466876141727 ], [ -143951.993788847437827, 5327036.137816591188312 ], [ -143963.42964013654273, 5327025.885169688612223 ], [ -143974.55925150658004, 5327017.389735901728272 ], [ -143984.34278759395238, 5327007.566118890419602 ], [ -143996.543626423896058, 5327000.094286002218723 ], [ -144005.059901428088779, 5326990.322826818563044 ], [ -144015.479517085768748, 5326981.31975054834038 ], [ -144025.520869113766821, 5326971.101161261089146 ], [ -144034.869257311685942, 5326961.074523464776576 ], [ -144044.362249527999666, 5326949.819571337662637 ], [ -144053.510819239978446, 5326938.747882737778127 ], [ -144062.995239855459658, 5326927.143228002823889 ], [ -144071.08115370804444, 5326915.397720356471837 ], [ -144080.364642642962281, 5326904.088092439807951 ], [ -144086.341942700993968, 5326891.694381748326123 ], [ -144089.465678932232549, 5326877.991876551881433 ], [ -144094.734096473024692, 5326864.996011116541922 ], [ -144098.737256681459257, 5326850.008978066034615 ], [ -144103.464772816427285, 5326836.4210259122774 ], [ -144106.512589154852321, 5326820.685345552861691 ], [ -144110.515749363141367, 5326805.6983836395666 ], [ -144114.936135023221141, 5326791.593531893566251 ], [ -144120.514911304344423, 5326774.017989535816014 ], [ -144127.540952285198728, 5326760.184701408259571 ], [ -144133.639479268778814, 5326749.171626495197415 ], [ -144142.577098545647459, 5326738.073801854625344 ], [ -144153.458356131770415, 5326726.863939107395709 ], [ -144165.128089670877671, 5326720.113879738375545 ], [ -144178.186979136080481, 5326709.242783476598561 ], [ -144184.325247177708661, 5326696.26483719330281 ], [ -144186.627890844887588, 5326679.277931181713939 ], [ -144186.124949385382934, 5326661.141737907193601 ], [ -144185.57770276881638, 5326645.188655232079327 ], [ -144184.257787566399202, 5326629.303439696319401 ], [ -144186.362282539776061, 5326615.429967041127384 ], [ -144185.990475440572482, 5326598.657398477196693 ], [ -144187.903723528695991, 5326584.088806560263038 ], [ -144188.57297630753601, 5326570.143598002381623 ], [ -144191.37032379154698, 5326556.078281282447278 ], [ -144194.856404965335969, 5326541.646348969079554 ], [ -144202.960909172979882, 5326528.272119705565274 ], [ -144213.659380155208055, 5326518.708940114825964 ], [ -144223.019568219024222, 5326515.578586763702333 ], [ -144235.584310464386363, 5326513.39554170332849 ], [ -144248.344529735681135, 5326519.01261523924768 ], [ -144255.859819878533017, 5326527.167485139332712 ], [ -144266.289788248919649, 5326537.917325930669904 ], [ -144273.978625478106551, 5326549.055158858187497 ], [ -144282.811604433518369, 5326560.911187756806612 ], [ -144295.685369585233275, 5326569.909132689237595 ], [ -144305.002922284184024, 5326571.846139537170529 ], [ -144315.008318116539158, 5326572.050267704762518 ], [ -144323.974323863483733, 5326570.332176415249705 ], [ -144332.772571137873456, 5326565.205954894423485 ], [ -144342.275693427945953, 5326557.974734095856547 ], [ -144350.944142176071182, 5326548.979392279870808 ], [ -144360.215608605765738, 5326538.29570103995502 ], [ -144371.85406136806705, 5326526.475678469985723 ], [ -144383.193287339323433, 5326510.892510428093374 ], [ -144394.001519339566585, 5326496.572391609661281 ], [ -144401.759152013837593, 5326478.823310545645654 ], [ -144408.3495998273429, 5326464.981313044205308 ], [ -144414.331686623598216, 5326448.94319570530206 ], [ -144419.265477774955798, 5326434.468591696582735 ], [ -144425.377140458469512, 5326419.250532299280167 ], [ -144431.073915399785619, 5326406.849385654553771 ], [ -144438.76776200599852, 5326393.36421687155962 ], [ -144445.598771239019698, 5326380.250118909403682 ], [ -144451.928063527157065, 5326368.023116135969758 ], [ -144458.74627101875376, 5326354.384491657838225 ], [ -144464.862943079380784, 5326340.588107106275856 ], [ -144469.951023044908652, 5326327.51676766294986 ], [ -144476.222763156431029, 5326315.247302069328725 ], [ -144482.699776408670004, 5326301.999925502575934 ], [ -144488.089309555420186, 5326287.973733444698155 ], [ -144495.531908070901409, 5326275.022897929884493 ], [ -144502.370264390163356, 5326264.135703651234508 ], [ -144509.541020709177246, 5326250.66354622412473 ], [ -144516.554593907203525, 5326237.894931569695473 ], [ -144524.299202201218577, 5326226.508226245641708 ], [ -144533.250959053344559, 5326214.566949406638741 ], [ -144541.310044908808777, 5326201.772926278412342 ], [ -144548.697540276130894, 5326190.044947406277061 ], [ -144556.760967591922963, 5326177.425656158477068 ], [ -144563.948533153976314, 5326164.652873304672539 ], [ -144575.078589801909402, 5326152.308468155562878 ], [ -144581.042086243192898, 5326139.390748131088912 ], [ -144589.70207470987225, 5326126.700182987377048 ], [ -144597.135545027151238, 5326114.185856590978801 ], [ -144602.362774356268346, 5326102.709667103365064 ], [ -144612.410916873253882, 5326090.476168001070619 ], [ -144623.513254968100227, 5326080.931577247567475 ], [ -144634.250242494075792, 5326073.061092981137335 ], [ -144646.045433099556249, 5326063.32475061994046 ], [ -144658.911739845381817, 5326054.611746540293097 ], [ -144670.910867758095264, 5326046.094940398819745 ], [ -144681.830419248872204, 5326036.204967169091105 ], [ -144688.358416828035843, 5326025.41927108168602 ], [ -144690.942142209329177, 5326009.449286905117333 ], [ -144690.372297735913889, 5326000.365906609222293 ], [ -144684.982207991677569, 5325986.67690471559763 ], [ -144673.14293486790848, 5325974.307887422852218 ], [ -144658.025525379227474, 5325965.187346365302801 ], [ -144646.2219858118915, 5325957.08586339186877 ], [ -144634.627838206797605, 5325949.408317661844194 ], [ -144624.634576198877767, 5325940.030943065881729 ], [ -144615.83154218638083, 5325929.399777499958873 ], [ -144609.40028124480159, 5325915.911487416364253 ], [ -144608.371355191309704, 5325902.290596378035843 ], [ -144611.499432882585097, 5325887.518215716816485 ], [ -144617.81113669113256, 5325874.592325595207512 ], [ -144630.408050269383239, 5325856.752050437964499 ], [ -144640.715121921966784, 5325844.324517287313938 ], [ -144649.160597729904111, 5325833.095758520066738 ], [ -144658.303044869797304, 5325821.850092864595354 ], [ -144667.449833469872829, 5325810.779132170602679 ], [ -144677.268101238325471, 5325798.642050012014806 ], [ -144686.219301492848899, 5325786.701167985796928 ], [ -144694.731012397940503, 5325774.646127265878022 ], [ -144705.279424706590362, 5325758.701876246370375 ], [ -144712.599015184736345, 5325744.096791210584342 ], [ -144721.077107603516197, 5325730.636207038536668 ], [ -144730.057918842736399, 5325719.919306958094239 ], [ -144738.834681455395184, 5325707.982793771661818 ], [ -144747.267132883047452, 5325696.229673845693469 ], [ -144755.521027847426012, 5325684.305995379574597 ], [ -144765.837561656575417, 5325674.737735350616276 ], [ -144774.282703506032703, 5325663.509180544875562 ], [ -144781.848087419988587, 5325651.952298128046095 ], [ -144796.028743393660989, 5325617.739796780049801 ], [ -144807.840631922794273, 5325593.087051148526371 ], [ -144820.407823196874233, 5325574.127091600559652 ], [ -144835.685644071782008, 5325553.125501700676978 ], [ -144838.107733552431455, 5325538.021068312227726 ], [ -144841.688324973743875, 5325518.877388767898083 ], [ -144839.247979096748168, 5325504.592021388933063 ], [ -144836.824776421155548, 5325491.006027290597558 ], [ -144833.670316010538954, 5325476.038424395956099 ], [ -144830.38004582101712, 5325462.648649391718209 ], [ -144827.255419033957878, 5325448.904951400123537 ], [ -144820.391459231730551, 5325428.838341149501503 ], [ -144820.892396940325852, 5325413.606220636516809 ], [ -144821.159007120644674, 5325396.836573202162981 ], [ -144825.51916893615271, 5325382.559623702429235 ], [ -144831.46051279862877, 5325368.768638310953975 ], [ -144838.851236431539292, 5325357.216236286796629 ], [ -144851.058086513745366, 5325349.188293983228505 ], [ -144868.571202763967449, 5325343.86717757768929 ], [ -144883.634733619168401, 5325341.334888780489564 ], [ -144895.875424826721428, 5325338.526705842465162 ], [ -144911.639823195931967, 5325333.606786000542343 ], [ -144927.909612053452292, 5325325.203281733207405 ], [ -144938.524927375896368, 5325316.685006951913238 ], [ -144944.190421540377429, 5325303.110718340612948 ], [ -144946.641676727653248, 5325290.444458815269172 ], [ -144946.832144376297947, 5325276.794604524970055 ], [ -144945.071737948863301, 5325261.793201415799558 ], [ -144945.632454224105459, 5325247.795094225555658 ], [ -144943.383355232072063, 5325234.205205851234496 ], [ -144939.701797032554168, 5325219.075985644944012 ], [ -144936.912909829814453, 5325204.799765231087804 ], [ -144933.945466163539095, 5325190.352849905379117 ], [ -144930.459496309427777, 5325176.093745058402419 ], [ -144925.910981915512821, 5325161.16079022269696 ], [ -144921.72381058888277, 5325146.743970133364201 ], [ -144918.909431222680723, 5325131.418721051886678 ], [ -144915.924955674505327, 5325116.272748284041882 ], [ -144911.781310268706875, 5325100.192897024564445 ], [ -144909.572063654486556, 5325079.742623234167695 ], [ -144910.110961309401318, 5325060.693014077842236 ], [ -144910.272708529548254, 5325045.575506763532758 ], [ -144910.785334784595761, 5325030.95675216242671 ], [ -144912.1677002212964, 5325016.355549074709415 ], [ -144912.65550222992897, 5324998.069248774088919 ], [ -144917.040933569718618, 5324984.841726835817099 ], [ -144923.674573345517274, 5324970.859277051873505 ], [ -144934.195044462074293, 5324958.909546216018498 ], [ -144947.311597423278727, 5324951.305678845383227 ], [ -144961.554703631292796, 5324946.707572783343494 ], [ -144978.075072662410093, 5324940.289097894914448 ], [ -144997.475944837380666, 5324939.703341785818338 ], [ -145009.450137184117921, 5324939.291498712264001 ], [ -145020.820421293174149, 5324936.465603372082114 ], [ -145030.273004534275969, 5324931.635824030265212 ], [ -145037.994569693692029, 5324926.333998250775039 ], [ -145045.298798082076246, 5324920.150418507866561 ], [ -145053.099511399341282, 5324910.920097008347511 ], [ -145058.099537647882244, 5324900.322721242904663 ], [ -145064.901047215942526, 5324886.705293183214962 ], [ -145070.828142183774617, 5324873.28847033996135 ], [ -145074.584841039468301, 5324859.609199083410203 ], [ -145077.267529448057758, 5324845.253050497733057 ], [ -145076.265097433613846, 5324831.501573325134814 ], [ -145074.695826571696671, 5324817.195918831042945 ], [ -145071.218316999002127, 5324803.286881376057863 ], [ -145068.607874939771136, 5324789.181853659451008 ], [ -145064.540149426873541, 5324775.125468875281513 ], [ -145065.931086464115651, 5324760.088291268795729 ], [ -145079.695741500851, 5324746.393944003619254 ], [ -145093.332824400946265, 5324739.029089155606925 ], [ -145109.057815670414129, 5324732.395237704738975 ], [ -145121.250416858034441, 5324724.748725318349898 ], [ -145132.477655421476811, 5324718.208163797855377 ], [ -145142.004711402085377, 5324709.66803734190762 ], [ -145153.488986669632141, 5324701.167699708603323 ], [ -145162.922645597631345, 5324690.312976418994367 ], [ -145173.727092734858161, 5324679.307829855941236 ], [ -145181.771484417637112, 5324668.772598312236369 ], [ -145187.210554737801431, 5324657.966076444834471 ], [ -145191.775321777182398, 5324647.360147586092353 ], [ -145196.33140589640243, 5324637.190904414281249 ], [ -145202.650679430284072, 5324626.250445034354925 ], [ -145205.562018072931096, 5324610.959429358132184 ], [ -145207.188507153070532, 5324597.74922155123204 ], [ -145203.51529791529174, 5324582.970826690085232 ], [ -145195.381628000963246, 5324565.557191507890821 ], [ -145190.39106390910456, 5324554.102566902525723 ], [ -145185.367549248214345, 5324539.562465818598866 ], [ -145180.775731572532095, 5324526.666790799237788 ], [ -145178.492234857840231, 5324511.679395627230406 ], [ -145175.894483220647089, 5324498.099266196601093 ], [ -145172.948190257797251, 5324484.527691708877683 ], [ -145170.329065278434427, 5324470.073355575092137 ], [ -145170.566621071920963, 5324454.5635772254318 ], [ -145170.229768292716471, 5324440.753081761300564 ], [ -145175.261297957069473, 5324430.436984794214368 ], [ -145184.526530495262705, 5324424.074952811002731 ], [ -145196.336749231937574, 5324422.210482900030911 ], [ -145216.058444179361686, 5324424.714935660362244 ], [ -145229.896124801918631, 5324427.348483078181744 ], [ -145246.23281667320407, 5324427.94700975716114 ], [ -145260.003037684538867, 5324425.425181027501822 ], [ -145275.223417702160077, 5324414.343682911247015 ], [ -145285.25085479390691, 5324402.538694350980222 ], [ -145287.678176290530246, 5324388.189040149562061 ], [ -145287.75788104601088, 5324377.167179462499917 ], [ -145286.018402682821034, 5324363.04130529332906 ], [ -145283.739024789305404, 5324348.22898920532316 ], [ -145280.945573487348156, 5324333.779283988289535 ], [ -145281.080381390784169, 5324317.960184416733682 ], [ -145281.131031759054167, 5324304.643093621358275 ], [ -145283.995393576595234, 5324292.038085971027613 ], [ -145288.816974681452848, 5324279.472874552942812 ], [ -145294.908043259114493, 5324268.679910521022975 ], [ -145304.745235340960789, 5324257.418296871706843 ], [ -145314.204720390640432, 5324250.295093202963471 ], [ -145327.898019633634249, 5324240.093057026155293 ], [ -145339.585786930489121, 5324232.251862934790552 ], [ -145348.925492207985371, 5324222.179852076806128 ], [ -145358.239816641696962, 5324210.930944509804249 ], [ -145366.222092048468767, 5324195.945884998887777 ], [ -145368.971015554183396, 5324177.392646383494139 ], [ -145370.205437387659913, 5324159.296518702991307 ], [ -145370.878141070454149, 5324144.121183727867901 ], [ -145369.193988494196674, 5324132.268375719897449 ], [ -145367.280183808528818, 5324118.147139439359307 ], [ -145364.482391046389239, 5324103.52297835983336 ], [ -145360.4990457072563, 5324090.327357492409647 ], [ -145357.926897553086746, 5324077.612296104431152 ], [ -145352.323519664438209, 5324065.274917298927903 ], [ -145345.976193618989782, 5324052.686997536569834 ], [ -145335.593090754293371, 5324041.572717031463981 ], [ -145321.204156013176544, 5324033.156049237586558 ], [ -145310.646838145330548, 5324022.046059363521636 ], [ -145297.883947206515586, 5324012.862652333453298 ], [ -145288.089167850586819, 5323999.500274760648608 ], [ -145283.37066859434708, 5323984.748583271168172 ], [ -145281.784143211581977, 5323969.744988395832479 ], [ -145282.335508649470285, 5323953.163716102950275 ], [ -145283.49100496378378, 5323938.996267061680555 ], [ -145288.722353114164434, 5323925.667676695622504 ], [ -145290.624803211831022, 5323910.753333535045385 ], [ -145293.746758331166347, 5323895.809142909944057 ], [ -145296.380243524879916, 5323882.276087595149875 ], [ -145298.014524969068589, 5323865.93531178496778 ], [ -145298.739437493233709, 5323851.540913398377597 ], [ -145300.183028649888001, 5323837.662423310801387 ], [ -145301.267725768178934, 5323823.210764845833182 ], [ -145301.562054501817329, 5323808.589504085481167 ], [ -145303.505915450077737, 5323793.085091637447476 ], [ -145307.171888920944184, 5323779.00216409843415 ], [ -145311.360618720325874, 5323764.906455997377634 ], [ -145317.117506186652463, 5323749.086034035310149 ], [ -145323.478413210134022, 5323735.679380132816732 ], [ -145330.029231284832349, 5323724.81130091752857 ], [ -145333.538021634652978, 5323711.431961735710502 ], [ -145337.076422969112173, 5323697.749820336699486 ], [ -145341.684493290493265, 5323684.962750541977584 ], [ -145345.484495428187074, 5323670.681560136377811 ], [ -145348.117869302339386, 5323657.148831062950194 ], [ -145353.215300105133792, 5323644.765830404125154 ], [ -145355.837875988800079, 5323633.711166676133871 ], [ -145362.381235657609068, 5323624.33703179191798 ], [ -145372.436279983026907, 5323616.162141583859921 ], [ -145386.590664556919364, 5323605.020339036360383 ], [ -145396.297724153992021, 5323597.870963049121201 ], [ -145404.483602909662295, 5323591.050927970558405 ], [ -145414.879062237858307, 5323582.529053415171802 ], [ -145420.207480984157883, 5323577.179225771687925 ], [ -145423.174702011281624, 5323570.253440747968853 ], [ -145422.733097591320984, 5323559.765484862960875 ], [ -145419.295663035067264, 5323546.815384847112 ], [ -145414.98670818543178, 5323535.28992523625493 ], [ -145411.089858090621419, 5323522.198128614574671 ], [ -145408.656302702467656, 5323513.416325400583446 ], [ -145407.735913152544526, 5323505.101935575716197 ], [ -145407.701849388482515, 5323490.865368009544909 ], [ -145407.57305273754173, 5323476.201041843742132 ], [ -145412.533671886281809, 5323462.531741663813591 ], [ -145420.392827936273534, 5323455.369368590414524 ], [ -145431.207961744978093, 5323452.091607106849551 ], [ -145442.620213301939657, 5323447.083376319147646 ], [ -145457.684968671528623, 5323444.332302330993116 ], [ -145471.342423038557172, 5323440.907786307856441 ], [ -145484.579089730192209, 5323437.45477329287678 ], [ -145494.939483418915188, 5323431.268979049287736 ], [ -145505.862040536070708, 5323422.572451156564057 ], [ -145512.281278972746804, 5323410.40966983512044 ], [ -145513.445012929354561, 5323397.43402193672955 ], [ -145514.569339786394266, 5323384.795035244897008 ], [ -145513.319333224237198, 5323371.23452718090266 ], [ -145513.024336573667824, 5323356.962198290973902 ], [ -145513.44623744385899, 5323343.293834616430104 ], [ -145514.774835566320689, 5323331.313726135529578 ], [ -145518.060319017589791, 5323319.373408149927855 ], [ -145523.763884448009776, 5323306.172342266887426 ], [ -145529.082507079001516, 5323290.434685721993446 ], [ -145536.385176994575886, 5323278.581894418224692 ], [ -145544.17119613927207, 5323264.88926237821579 ], [ -145550.522641005809419, 5323251.919607636518776 ], [ -145555.974735706462525, 5323238.905471908859909 ], [ -145562.773017009225441, 5323226.844271535985172 ], [ -145570.224743723025313, 5323213.242084634490311 ], [ -145576.201932461641263, 5323201.654707862995565 ], [ -145583.245784560946049, 5323187.892545018345118 ], [ -145590.856920785474358, 5323175.152805494144559 ], [ -145598.626242006401299, 5323162.056789546273649 ], [ -145605.677663831185782, 5323148.468869491480291 ], [ -145617.438901991961757, 5323138.184373632073402 ], [ -145628.694081747729797, 5323128.850967615842819 ], [ -145640.128263244405389, 5323119.911503897048533 ], [ -145651.768051840917906, 5323111.706881657242775 ], [ -145664.299175599910086, 5323103.986262362450361 ], [ -145675.047517713945126, 5323095.297506407834589 ], [ -145684.178053668263601, 5323086.686630504205823 ], [ -145687.2360000803601, 5323073.277574871666729 ], [ -145687.302680455410155, 5323053.077545755542815 ], [ -145686.841595124598825, 5323038.777967990376055 ], [ -145682.608782806666568, 5323022.10158072412014 ], [ -145680.576200224226341, 5323008.574058356694877 ], [ -145678.164797414618079, 5322994.287654254585505 ], [ -145675.367672569438582, 5322978.584048958495259 ], [ -145675.774767947295913, 5322964.245725970715284 ], [ -145677.215798755642027, 5322949.686613196507096 ], [ -145678.483282477827743, 5322935.135142559185624 ], [ -145684.008402764418861, 5322919.966215943917632 ], [ -145691.396900007413933, 5322907.500379067845643 ], [ -145699.536915132543072, 5322894.0847232285887 ], [ -145706.246474801097065, 5322881.404968176968396 ], [ -145711.032767627417343, 5322867.744157923385501 ], [ -145715.313669965195004, 5322854.4551932355389 ], [ -145717.638243572087958, 5322840.205902606248856 ], [ -145717.319869828352239, 5322825.201708191074431 ], [ -145716.661860318330582, 5322810.387411854229867 ], [ -145713.285651481914101, 5322794.383609469048679 ], [ -145710.996588792710099, 5322778.401778134517372 ], [ -145704.684328386880225, 5322767.795850279740989 ], [ -145692.255173281329917, 5322754.841514873318374 ], [ -145686.92508474260103, 5322740.585671250708401 ], [ -145676.866366874193773, 5322728.119921409524977 ], [ -145671.227589387388434, 5322714.751000737771392 ], [ -145669.476979075087002, 5322701.37722287978977 ], [ -145671.723072441003751, 5322687.015401038341224 ], [ -145675.882191256067017, 5322674.875216213054955 ], [ -145688.568939663266065, 5322660.506425444036722 ], [ -145703.616551831248216, 5322647.71346129104495 ], [ -145721.029480539582437, 5322636.278103424236178 ], [ -145734.798477036354598, 5322627.37095938809216 ], [ -145745.326183919503819, 5322617.644609175622463 ], [ -145756.35916997154709, 5322607.546453321352601 ], [ -145767.905338876211317, 5322597.250667188316584 ], [ -145778.023835311352741, 5322586.145737793296576 ], [ -145787.30509785618051, 5322575.776679032482207 ], [ -145796.547621218283894, 5322564.53615446574986 ], [ -145806.703854960796889, 5322549.93042616173625 ], [ -145810.795402844931232, 5322536.30103434342891 ], [ -145811.730820525990566, 5322522.114401002414525 ], [ -145809.730186637578299, 5322508.408401682972908 ], [ -145789.433860478515271, 5322489.406246718019247 ], [ -145776.095225133321946, 5322482.843326671980321 ], [ -145737.798314674117137, 5322461.986287982203066 ], [ -145717.625330511044012, 5322465.192844745703042 ], [ -145673.43338509745081, 5322463.902633327059448 ], [ -145658.945932607137365, 5322462.804422331042588 ], [ -145645.399575092073064, 5322459.393828101456165 ], [ -145631.505900765536353, 5322455.998930365778506 ], [ -145617.018448275281116, 5322454.900567918084562 ], [ -145602.831781049113488, 5322452.741024368442595 ], [ -145588.236014694295591, 5322449.202738596126437 ], [ -145573.956507012742804, 5322444.951768873259425 ], [ -145560.876800803118385, 5322440.297906290739775 ], [ -145547.639020916365553, 5322436.00046450458467 ], [ -145534.520686843374278, 5322430.475141573697329 ], [ -145521.672302535560448, 5322423.191503139212728 ], [ -145509.178804764116649, 5322416.066650746390224 ], [ -145495.896942359308014, 5322409.721381277777255 ], [ -145482.992453028040472, 5322402.474787403829396 ], [ -145471.893120559456293, 5322391.990580894052982 ], [ -145454.88172125449637, 5322377.494531073607504 ], [ -145446.693504789698636, 5322365.462328528054059 ], [ -145437.691320208163233, 5322354.688795108348131 ], [ -145428.870586396660656, 5322344.081976970657706 ], [ -145419.332175828079926, 5322332.983138975687325 ], [ -145409.114827685145428, 5322322.264042270369828 ], [ -145398.037202517269179, 5322311.757983263581991 ], [ -145386.650999720848631, 5322302.138779058121145 ], [ -145374.111415680556092, 5322293.968246030621231 ], [ -145360.357781273574801, 5322283.189004705287516 ], [ -145345.61195624517859, 5322280.181059175170958 ], [ -145330.785313266358571, 5322279.272123444825411 ], [ -145317.046818310191156, 5322279.362331312149763 ], [ -145303.331366488506319, 5322279.975196269340813 ], [ -145289.087481043883599, 5322280.437206880189478 ], [ -145274.11044543312164, 5322280.058699507266283 ], [ -145259.276121409493499, 5322278.975443185307086 ], [ -145235.273524124233518, 5322279.998662509955466 ], [ -145223.275620725966292, 5322282.061863099224865 ], [ -145209.402095227327663, 5322283.030988495796919 ], [ -145194.919095516728703, 5322285.948117497377098 ], [ -145181.042119113815716, 5322290.759157620370388 ], [ -145169.757884971128078, 5322299.121227582916617 ], [ -145163.111332134401891, 5322310.070084737613797 ], [ -145156.731055519543588, 5322323.102583148516715 ], [ -145152.796913395519368, 5322336.375096798874438 ], [ -145150.132147424912546, 5322350.813178660348058 ], [ -145147.498216953186784, 5322365.94841933529824 ], [ -145144.810185208974872, 5322379.863731821067631 ], [ -145141.767266928160097, 5322393.620285059325397 ], [ -145137.501170082512544, 5322407.256935304030776 ], [ -145137.509853002789896, 5322422.935351519845426 ], [ -145127.57993178506149, 5322434.380200550891459 ], [ -145115.246066163643263, 5322442.614703968167305 ], [ -145101.793328340107109, 5322449.152910033240914 ], [ -145088.124074107268825, 5322450.811119409278035 ], [ -145073.494021349149989, 5322450.416909893974662 ], [ -145060.028704423311865, 5322444.906511761248112 ], [ -145049.013195531442761, 5322435.794141026213765 ], [ -145039.143386838812148, 5322425.058926373720169 ], [ -145029.613102592848008, 5322414.13401051890105 ], [ -145021.463959269371117, 5322402.972765793092549 ], [ -145013.978502749989275, 5322391.083462841808796 ], [ -145008.159610327275004, 5322377.548016369342804 ], [ -145004.55141167214606, 5322362.866238330490887 ], [ -145001.834436860430287, 5322348.668439967557788 ], [ -144998.399785291490844, 5322333.978935991413891 ], [ -144994.490690052800346, 5322320.358240128494799 ], [ -144989.539978338696528, 5322306.784191976301372 ], [ -144983.208014382864349, 5322293.446502428501844 ], [ -144975.03805431452929, 5322276.406043194234371 ], [ -144964.219580921169836, 5322267.808874358423054 ], [ -144950.519157230999554, 5322260.911793002858758 ], [ -144937.046493218629621, 5322255.227034130133688 ], [ -144923.099385536537739, 5322250.611208125017583 ], [ -144908.73961650239653, 5322248.458416424691677 ], [ -144894.275763744051801, 5322247.881819412112236 ], [ -144879.70014621707378, 5322248.707249132916331 ], [ -144865.984805714804679, 5322249.319502570666373 ], [ -144850.896005335322116, 5322250.342261512763798 ], [ -144836.146729402564233, 5322251.175310337916017 ], [ -144820.627011274220422, 5322255.007305402308702 ], [ -144807.498658447060734, 5322257.810599433258176 ], [ -144792.35575679485919, 5322257.613270178437233 ], [ -144778.185119575529825, 5322255.801193553954363 ], [ -144765.279739688237896, 5322251.13858730904758 ], [ -144753.948306081234477, 5322242.738618294708431 ], [ -144742.933353786967928, 5322233.626140039414167 ], [ -144731.389745230553672, 5322224.362512432038784 ], [ -144719.923392400931334, 5322216.84178352355957 ], [ -144706.03049731097417, 5322213.44545017555356 ], [ -144692.087619769648882, 5322212.845389254391193 ], [ -144678.3722792675253, 5322213.457335587590933 ], [ -144664.475710634316783, 5322213.902886180207133 ], [ -144650.390010186267318, 5322214.007569239474833 ], [ -144636.25031978514744, 5322212.892169016413391 ], [ -144623.298742309387308, 5322207.183820936828852 ], [ -144611.755356392037356, 5322197.920067176222801 ], [ -144599.752888894610805, 5322190.073882927186787 ], [ -144585.427962860761909, 5322184.775899001397192 ], [ -144570.435676479828544, 5322184.047843578271568 ], [ -144555.740501819644123, 5322186.100356604903936 ], [ -144540.674967213708442, 5322187.645455798134208 ], [ -144526.438874133775244, 5322188.28056173492223 ], [ -144511.169624859612668, 5322188.24749599583447 ], [ -144489.955358179489849, 5322186.562514945864677 ], [ -144477.76398150640307, 5322178.375321606174111 ], [ -144466.251653726940276, 5322169.808718278072774 ], [ -144454.777842491399497, 5322162.113257740624249 ], [ -144442.231579281535232, 5322153.767309927381575 ], [ -144431.255588808853645, 5322145.525899483822286 ], [ -144420.264124926819932, 5322136.935860403813422 ], [ -144409.770370488375193, 5322127.799867139197886 ], [ -144399.56983158850926, 5322117.428422064520419 ], [ -144389.693343726336025, 5322106.518798806704581 ], [ -144379.597111189184943, 5322094.571056401357055 ], [ -144371.267741610208759, 5322083.243190575391054 ], [ -144363.159007261740044, 5322070.357458964921534 ], [ -144354.285730650648475, 5322058.529986338689923 ], [ -144346.785913916915888, 5322046.291879794560373 ], [ -144340.541892358887708, 5322032.413176923058927 ], [ -144334.275829541642452, 5322019.625491862185299 ], [ -144326.734045359800803, 5322007.37737962603569 ], [ -144318.208085560065228, 5321995.53444464597851 ], [ -144309.666763670364162, 5321983.343046875670552 ], [ -144302.846107149904128, 5321970.725629766471684 ], [ -144292.788613795797573, 5321959.649329484440386 ], [ -144282.098380455950974, 5321949.998337228782475 ], [ -144273.263954347086838, 5321939.042283507995307 ], [ -144267.596901709825033, 5321924.976474341005087 ], [ -144261.608581022039289, 5321913.372106300666928 ], [ -144258.186619875166798, 5321899.769394172355533 ], [ -144253.486710973927984, 5321885.539539790712297 ], [ -144252.831039172946475, 5321870.726733752526343 ], [ -144252.160005282610655, 5321855.565325795672834 ], [ -144251.4889713920129, 5321840.403942449949682 ], [ -144249.23085552136763, 5321826.465359034948051 ], [ -144245.64959618303692, 5321813.99869595002383 ], [ -144242.609906167373993, 5321800.339903879910707 ], [ -144235.646649379137671, 5321788.42744586803019 ], [ -144227.454982010211097, 5321780.544427297078073 ], [ -144220.112237078108592, 5321771.522145790979266 ], [ -144210.159718003647868, 5321763.051908523775637 ], [ -144198.30096396888257, 5321754.500770680606365 ], [ -144187.753887494181981, 5321744.144977032206953 ], [ -144180.624875984358368, 5321732.414519548416138 ], [ -144175.328405931853922, 5321718.856410320848227 ], [ -144167.435631395608652, 5321705.588583323173225 ], [ -144156.68417233589571, 5321694.543528262525797 ], [ -144144.524521717394236, 5321687.053394891321659 ], [ -144130.889776526746573, 5321675.862240536138415 ], [ -144117.376035622379277, 5321673.146885274909437 ], [ -144103.048215281945886, 5321671.690092397853732 ], [ -144088.805109073844505, 5321672.150244501419365 ], [ -144075.219233139505377, 5321681.411496045067906 ], [ -144061.759148229641141, 5321687.773336047306657 ], [ -144049.282571021001786, 5321696.710514957085252 ], [ -144036.813786176760914, 5321705.822012322023511 ], [ -144026.246894832875114, 5321714.67403425835073 ], [ -144015.490982993360376, 5321723.185214943252504 ], [ -144003.80533076680149, 5321730.341079257428646 ], [ -143990.156114042067202, 5321736.362102461978793 ], [ -143976.973659942363156, 5321741.139947732910514 ], [ -143962.711072823498398, 5321745.093019637279212 ], [ -143948.166958712448832, 5321746.613971506245434 ], [ -143934.444605082302587, 5321747.050510032102466 ], [ -143920.463990233605728, 5321745.57801157515496 ], [ -143908.018916440807516, 5321739.497101276181638 ], [ -143897.202001520490739, 5321730.899207649752498 ], [ -143886.678413458226714, 5321721.065913619473577 ], [ -143875.996640399680473, 5321711.588868404738605 ], [ -143864.446909271471668, 5321702.150534463115036 ], [ -143852.897178143291967, 5321692.712210058234632 ], [ -143841.294013659324264, 5321683.46648889221251 ], [ -143829.441270877112402, 5321674.772350076586008 ], [ -143816.572181144059869, 5321668.763251293450594 ], [ -143802.973726107156835, 5321664.130497489124537 ], [ -143788.329535773809766, 5321661.586712091229856 ], [ -143773.940155754913576, 5321658.735296324826777 ], [ -143755.874115593993338, 5321659.457368450239301 ], [ -143670.690437488199677, 5321649.238354156725109 ], [ -143655.88572444912279, 5321648.600237513892353 ], [ -143641.996836860809708, 5321649.147847639396787 ], [ -143627.794918864325155, 5321650.580410504713655 ], [ -143614.389603144081775, 5321654.59972414560616 ], [ -143600.9710404042562, 5321667.403517624363303 ], [ -143587.34130459066364, 5321674.573357090353966 ], [ -143573.901368508610176, 5321677.780862496234477 ], [ -143561.359669397876132, 5321677.788633281365037 ], [ -143547.370260309544392, 5321677.674509394913912 ], [ -143532.556307752645807, 5321678.899246190674603 ], [ -143516.549010254559107, 5321685.337878188118339 ], [ -143502.573516102420399, 5321688.107632552273571 ], [ -143490.664445657777833, 5321692.347134937532246 ], [ -143475.935986469965428, 5321693.237424588762224 ], [ -143463.098511472169776, 5321693.018470920622349 ], [ -143448.528793878154829, 5321693.941672252491117 ], [ -143433.938593497790862, 5321694.341944589279592 ], [ -143421.380641741590807, 5321690.441918415017426 ], [ -143408.401234392862534, 5321688.144048626534641 ], [ -143394.146216999419266, 5321683.268409928306937 ], [ -143382.988775756792165, 5321679.649508023634553 ], [ -143369.228907458193135, 5321674.606116271577775 ], [ -143357.082503859244753, 5321666.357357811182737 ], [ -143343.905727053526789, 5321661.940358403138816 ], [ -143333.78133068542229, 5321657.149297626689076 ], [ -143324.158317303808872, 5321649.094518882222474 ], [ -143315.756701375183184, 5321639.36918731033802 ], [ -143308.815263207274256, 5321626.377410758286715 ], [ -143302.922120684117544, 5321613.518668921664357 ], [ -143295.529281981114764, 5321602.453610267490149 ], [ -143288.06397428951459, 5321588.405373028479517 ], [ -143281.776092852029251, 5321574.340396584011614 ], [ -143274.167405656247865, 5321562.073060570284724 ], [ -143268.124983696063282, 5321549.071640087291598 ], [ -143260.848028582811821, 5321538.028141387738287 ], [ -143249.335032886650879, 5321528.183470577001572 ], [ -143237.84931046544807, 5321519.036035802215338 ], [ -143227.162639349437086, 5321510.035642791539431 ], [ -143214.439044190687127, 5321501.967582738026977 ], [ -143201.714447156555252, 5321496.708842258900404 ], [ -143188.496259500214364, 5321492.167592973448336 ], [ -143174.563178074080497, 5321487.130854149349034 ], [ -143159.852752643695567, 5321480.892566546797752 ], [ -143146.941027545690304, 5321475.29193077608943 ], [ -143135.16275750278146, 5321467.552247116342187 ], [ -143122.017372793459799, 5321461.607884312979877 ], [ -143116.621828394243494, 5321451.579542272724211 ], [ -143110.735921638028231, 5321438.895345979370177 ], [ -143102.12290999625111, 5321423.045800398103893 ], [ -143097.745048381912056, 5321408.905957502312958 ], [ -143093.901631642773282, 5321395.094022752717137 ], [ -143089.717911220242968, 5321381.470277354121208 ], [ -143085.547771775658475, 5321368.194854306057096 ], [ -143078.689043989405036, 5321357.26279451418668 ], [ -143071.243105889239814, 5321347.012571677565575 ], [ -143063.621282993612112, 5321334.396775876171887 ], [ -143053.157250859134365, 5321324.685484566725791 ], [ -143040.579372913809493, 5321318.722624454647303 ], [ -143026.033922968839761, 5321315.804273875430226 ], [ -143015.182387686829315, 5321314.708635651506484 ], [ -143004.659578860999318, 5321313.321985376998782 ], [ -142994.067640631779796, 5321314.124173430725932 ], [ -142979.678817210224224, 5321315.214021812193096 ], [ -142964.422035718947882, 5321316.337999508716166 ], [ -142950.012840830604546, 5321316.9050925495103 ], [ -142936.124398520420073, 5321317.451464330777526 ], [ -142921.701622654101811, 5321317.669952107593417 ], [ -142907.772326090809656, 5321317.170812675729394 ], [ -142893.788705615676008, 5321315.277404582127929 ], [ -142879.222884203918511, 5321311.836147402413189 ], [ -142865.436633186094696, 5321306.09513496607542 ], [ -142853.451197570801014, 5321297.490783952176571 ], [ -142842.473425986216171, 5321287.973944899626076 ], [ -142830.940726740140235, 5321277.606327131390572 ], [ -142820.997781141952146, 5321267.874373673461378 ], [ -142810.360424560116371, 5321258.169703064486384 ], [ -142798.827836633630795, 5321247.802118374966085 ], [ -142789.225306038046256, 5321237.882182287983596 ], [ -142778.714074439456454, 5321226.950884441845119 ], [ -142768.423923349648248, 5321217.232543872669339 ], [ -142757.960336493037175, 5321207.520917283371091 ], [ -142747.169915611360921, 5321198.34591453243047 ], [ -142736.212738132599043, 5321189.351924916729331 ], [ -142725.269141631666571, 5321180.706544165499508 ], [ -142647.580493521440076, 5321094.138907616958022 ], [ -142586.229539158026455, 5321030.66445738170296 ], [ -142570.143427460396197, 5321010.527655131183565 ], [ -142560.36790637645754, 5321000.614522367715836 ], [ -142550.078311883844435, 5320990.896264903247356 ], [ -142539.455092877586139, 5320981.540017737075686 ], [ -142528.651536295888945, 5320972.016492142342031 ], [ -142518.716049103823025, 5320962.458696003071964 ], [ -142508.065779461059719, 5320952.405446258373559 ], [ -142497.909100440650946, 5320941.634761323221028 ], [ -142487.966822759364732, 5320931.902853157371283 ], [ -142479.361492162483046, 5320918.695715025067329 ], [ -142467.075827880791621, 5320903.61065883282572 ], [ -142456.614801372372312, 5320893.128743906505406 ], [ -142447.064702257193858, 5320881.583247948437929 ], [ -142436.775330403674161, 5320871.864809595048428 ], [ -142425.965205972373951, 5320862.1669492861256 ], [ -142415.831570086360443, 5320856.278124188072979 ], [ -142403.769991939450847, 5320850.573652169667184 ], [ -142391.943631876405561, 5320844.000913915224373 ], [ -142379.606649309251225, 5320837.203000137582421 ], [ -142366.447906261106255, 5320829.691767468117177 ], [ -142353.289163212990388, 5320822.180540837347507 ], [ -142340.978006767545594, 5320814.112313074059784 ], [ -142328.513674703019205, 5320806.573675224557519 ], [ -142316.222889724595007, 5320799.028187531977892 ], [ -142303.091419951611897, 5320792.214004610665143 ], [ -142289.840727004047949, 5320786.800567480735481 ], [ -142276.358378196106059, 5320784.363211554475129 ], [ -142262.603519274649443, 5320783.856178224086761 ], [ -142247.786783730611205, 5320782.867402364499867 ], [ -142233.188123068830464, 5320778.553964119404554 ], [ -142220.437922552082455, 5320772.597242029383779 ], [ -142212.685299254662823, 5320762.176263115368783 ], [ -142201.740144280920504, 5320752.493904349394143 ], [ -142190.270006588514661, 5320743.694441831670702 ], [ -142178.959946323826443, 5320734.539700496941805 ], [ -142167.462646675790893, 5320725.043240792118013 ], [ -142156.860578372637974, 5320716.209677131846547 ], [ -142145.496194196632132, 5320705.660785024054348 ], [ -142135.340183093067026, 5320694.889927510172129 ], [ -142125.32910996634746, 5320684.644392593763769 ], [ -142117.545317211741349, 5320671.825644379481673 ], [ -142108.860838456894271, 5320660.516110070981085 ], [ -142101.462767737888498, 5320650.1060731401667 ], [ -142092.119277597550536, 5320638.53939597401768 ], [ -142084.866924091998953, 5320626.432952832430601 ], [ -142076.106636763957795, 5320615.781782208941877 ], [ -142065.83841561365989, 5320606.586183838546276 ], [ -142055.355793124210322, 5320596.351715011522174 ], [ -142044.85279916782747, 5320585.594542717561126 ], [ -142035.38463119789958, 5320574.622264117002487 ], [ -142020.500102083955426, 5320547.171666151843965 ], [ -141927.080228812730638, 5320489.811037817038596 ], [ -141878.892581596534001, 5320453.679722147993743 ], [ -141841.502813667873852, 5320433.857391141355038 ], [ -141828.086143359658308, 5320428.624541656114161 ], [ -141807.19403528602561, 5320418.808919549919665 ], [ -141790.445349979243474, 5320408.424136958085001 ], [ -141776.641287842823658, 5320402.901384329423308 ], [ -141764.549430794315413, 5320398.723253730684519 ], [ -141752.158012996253092, 5320395.68239850923419 ], [ -141737.889859902847093, 5320395.369476889260113 ], [ -141723.815736681892304, 5320395.572403662838042 ], [ -141709.561053246841766, 5320395.607900612987578 ], [ -141694.758566597447498, 5320394.966822651214898 ], [ -141680.497203992883442, 5320394.828034151345491 ], [ -141666.616999325080542, 5320395.546809293329716 ], [ -141652.556345762423007, 5320396.098154657520354 ], [ -141637.828443171893014, 5320397.373607493937016 ], [ -141623.955028992786538, 5320398.266668341122568 ], [ -141609.553960427321726, 5320399.00585831142962 ], [ -141595.32643894807552, 5320399.738192704506218 ], [ -141580.5646952324023, 5320400.142370624467731 ], [ -141566.129785541794263, 5320400.010132992640138 ], [ -141552.627844503585948, 5320397.049107412807643 ], [ -141538.057236353604821, 5320393.431770175695419 ], [ -141524.32063382861088, 5320388.909186515025795 ], [ -141511.704350659099873, 5320381.899536564946175 ], [ -141500.088829711719882, 5320373.803352476097643 ], [ -141488.967010706110159, 5320364.989773677662015 ], [ -141477.851982189313276, 5320356.350487921386957 ], [ -141467.904695131030167, 5320346.443838467821479 ], [ -141458.417046250280691, 5320334.948530696332455 ], [ -141448.943089666805463, 5320323.801652956753969 ], [ -141441.011019350204151, 5320312.070846019312739 ], [ -141432.044234366941964, 5320300.555166196078062 ], [ -141423.084239872550825, 5320289.213631689548492 ], [ -141415.679823942336952, 5320277.636737144552171 ], [ -141408.26182703426457, 5320265.711290865205228 ], [ -141400.843941445840755, 5320253.7858598055318 ], [ -141392.905191959900549, 5320241.880858190357685 ], [ -141385.827610054751858, 5320229.767464156262577 ], [ -141379.430858155275928, 5320217.278556574136019 ], [ -141372.833508533512941, 5320204.099393603391945 ], [ -141366.610415039642248, 5320191.603664850816131 ], [ -141364.622694211953785, 5320177.675006198696792 ], [ -141362.809411026566522, 5320161.513163022696972 ], [ -141357.386482032510685, 5320147.241014901548624 ], [ -141355.54303126494051, 5320132.749362112022936 ], [ -141355.467334011103958, 5320121.094661854207516 ], [ -141352.113834351155674, 5320106.392511984333396 ], [ -141349.842582780489465, 5320092.694931580685079 ], [ -141346.209559878858272, 5320076.76479559764266 ], [ -141343.931517819321016, 5320062.893131719902158 ], [ -141337.774882061494282, 5320050.602491549216211 ], [ -141333.142321452090982, 5320035.89100743085146 ], [ -141319.985582154826261, 5320025.374418133869767 ], [ -141306.793331939785276, 5320014.846567423082888 ], [ -141297.98027917323634, 5320002.801564184948802 ], [ -141294.288145622180309, 5319990.431938176974654 ], [ -141291.825201888219453, 5319974.304390848614275 ], [ -141292.713976702681975, 5319958.373390346765518 ], [ -141290.183016760129249, 5319937.826210235245526 ], [ -141282.447981942328624, 5319925.360239180736244 ], [ -141250.076385339081753, 5319889.640441726893187 ], [ -141226.945753625099314, 5319783.135853349231184 ], [ -141210.485497119050706, 5319721.223836496472359 ], [ -141215.19854172016494, 5319671.784853423014283 ], [ -141202.862783667515032, 5319656.174730023369193 ], [ -141183.764811826957157, 5319607.276574205607176 ], [ -141176.307073860807577, 5319594.306360407732427 ], [ -141167.889093966921791, 5319583.467928997240961 ], [ -141149.07877169069252, 5319564.660159770399332 ], [ -141135.228511965629878, 5319557.175389854237437 ], [ -141123.12752671900671, 5319549.971072162501514 ], [ -141110.652285344316624, 5319542.083544194698334 ], [ -141098.163574311125558, 5319533.847331778146327 ], [ -141087.396975800715154, 5319525.194799871183932 ], [ -141076.242651503504021, 5319515.51052397210151 ], [ -141065.476164312596666, 5319506.857856712304056 ], [ -141054.669045507354895, 5319497.15988986659795 ], [ -141043.889088657946559, 5319488.158854863606393 ], [ -141032.38778150815051, 5319478.488022605888546 ], [ -141020.859312402608339, 5319468.120280030183494 ], [ -141010.692391988995951, 5319457.00124688167125 ], [ -141001.192720603197813, 5319445.158040928654373 ], [ -140992.094355981651461, 5319434.695280313491821 ], [ -140980.538947559340158, 5319423.630516985431314 ], [ -140968.663495601096656, 5319413.276392774656415 ], [ -140958.537318120972486, 5319403.202721861191094 ], [ -140949.051339032477699, 5319391.707965229637921 ], [ -140939.592410580313299, 5319380.910288845188916 ], [ -140929.813438592216698, 5319370.823095393367112 ], [ -140919.66032179526519, 5319360.0525579797104 ], [ -140909.187161462614313, 5319349.992501853965223 ], [ -140899.381138837983599, 5319339.208278736099601 ], [ -140890.603040391637478, 5319328.03501717466861 ], [ -140866.581184834212763, 5319292.040568305179477 ], [ -140807.050526784238173, 5319175.275453286245465 ], [ -140778.989443503582152, 5319106.226399377919734 ], [ -140731.654392267402727, 5318943.706503693014383 ], [ -140729.309781152231153, 5318928.094093170948327 ], [ -140725.977988792845281, 5318913.916136879473925 ], [ -140723.006871583667817, 5318900.073160473257303 ], [ -140721.077148210752057, 5318886.18953438475728 ], [ -140719.10679322379292, 5318871.260539015755057 ], [ -140717.176958531315904, 5318857.376803412102163 ], [ -140715.567278694477864, 5318842.782658078707755 ], [ -140714.264172735216562, 5318827.129746243357658 ], [ -140712.988006092695286, 5318812.173579667694867 ], [ -140713.00726436462719, 5318797.826570207253098 ], [ -140711.09212384512648, 5318777.95916142873466 ], [ -140706.719048968749121, 5318763.822254915721714 ], [ -140702.666017628303962, 5318748.974794240668416 ], [ -140663.726682387845358, 5318673.94426083471626 ], [ -140597.28942917069071, 5318650.726401881314814 ], [ -140583.280205212795408, 5318648.152211437001824 ], [ -140564.446951121441089, 5318644.163131569512188 ], [ -140550.174567887326702, 5318643.69322785269469 ], [ -140536.221337633294752, 5318642.512604385614395 ], [ -140492.67493394689518, 5318642.742605848237872 ], [ -140456.999597495771013, 5318652.864503677934408 ], [ -140444.409251767763635, 5318659.655192551203072 ], [ -140430.3467057737289, 5318664.411358521319926 ], [ -140413.958918255986646, 5318665.209358871914446 ], [ -140400.061570386460517, 5318665.422148820012808 ], [ -140388.124002152326284, 5318662.324433324858546 ], [ -140374.489813558990136, 5318660.43278173264116 ], [ -140340.536478310910752, 5318649.668089652433991 ], [ -140273.504445054422831, 5318637.796052442863584 ], [ -140256.842032352957176, 5318632.504042872227728 ], [ -140243.207955079182284, 5318630.612092675641179 ], [ -140229.184927504305961, 5318627.688945843838155 ], [ -140216.627643665036885, 5318623.983034882694483 ], [ -140203.001136116421549, 5318620.205231065861881 ], [ -140189.297261521831388, 5318616.571065049618483 ], [ -140174.403047612140654, 5318615.948235029354692 ], [ -140159.46452854515519, 5318616.202759104780853 ], [ -140144.540035734069534, 5318616.805635429918766 ], [ -140130.656714120297693, 5318617.36647190246731 ], [ -140115.732221309037413, 5318617.969348300248384 ], [ -140101.834873439394869, 5318618.18168022017926 ], [ -140087.867839568643831, 5318616.651946135796607 ], [ -140074.136023781727999, 5318612.320924998261034 ], [ -140060.474005315598333, 5318609.731817943044007 ], [ -140044.127851287659723, 5318611.649962663650513 ], [ -140030.398150571098085, 5318616.043281722813845 ], [ -140016.391264322621282, 5318622.192530544474721 ], [ -140001.634418664645636, 5318626.976247111335397 ], [ -139988.237785864563193, 5318631.006902638822794 ], [ -139972.524483141576638, 5318631.947013458237052 ], [ -139956.25235657489975, 5318630.298620892688632 ], [ -139929.349663915316341, 5318627.555971699766815 ], [ -139905.481429255276453, 5318623.90230605378747 ], [ -139858.955225439363858, 5318622.7949502998963 ], [ -139844.585215012019034, 5318619.885209934785962 ], [ -139830.051453613385092, 5318614.139301708899438 ], [ -139808.902976752404356, 5318604.108532125130296 ], [ -139795.837519437569426, 5318599.052177793346345 ], [ -139751.583569067675853, 5318571.990157731808722 ], [ -139739.086843031080207, 5318563.770032107830048 ], [ -139716.392138443159638, 5318546.957539089024067 ], [ -139705.228574628563365, 5318536.051627445966005 ], [ -139681.125901120889466, 5318509.508428118191659 ], [ -139586.058054107852513, 5318491.58092438057065 ], [ -139569.63787261856487, 5318486.840687274001539 ], [ -139555.96227317454759, 5318483.902506104670465 ], [ -139541.245502533158287, 5318481.006365133449435 ], [ -139527.222920236585196, 5318478.082198882475495 ], [ -139511.619935128983343, 5318473.956868702545762 ], [ -139497.335752028826391, 5318470.821899245493114 ], [ -139482.852418359543663, 5318466.81004767678678 ], [ -139467.680907598463818, 5318464.529268410056829 ], [ -139452.265050554822665, 5318463.552618608810008 ], [ -139437.70479511746089, 5318463.248443698510528 ], [ -139425.470226481906138, 5318463.340899465605617 ], [ -139411.822679549775785, 5318461.099418547004461 ], [ -139397.26030904208892, 5318455.937282105907798 ], [ -139382.904658829007531, 5318453.375330585986376 ], [ -139368.769643846375402, 5318453.7617556899786 ], [ -139354.839122768462403, 5318454.315880482085049 ], [ -139338.753122390568024, 5318454.19783575180918 ], [ -139325.754902047949145, 5318451.962297338061035 ], [ -139310.832524307246786, 5318448.159126346930861 ], [ -139296.303994924790459, 5318446.327987419441342 ], [ -139283.886194407183211, 5318443.573511605150998 ], [ -139267.301371390931308, 5318440.048319897614419 ], [ -139253.420276166987605, 5318438.448854465037584 ], [ -139238.479864668654045, 5318435.517999652773142 ], [ -139223.942318407382118, 5318434.122942331247032 ], [ -139201.201082272193162, 5318429.937923927791417 ], [ -139150.692423673084704, 5318418.778391728177667 ], [ -138885.937048578838585, 5318460.589464954100549 ], [ -138088.006953575939406, 5319133.12499672267586 ], [ -137543.662102002621396, 5319734.068396410904825 ], [ -136894.827099076821469, 5320424.225342749617994 ], [ -136414.645800121477805, 5320285.219433109275997 ], [ -135717.917144754726905, 5320072.408722863532603 ], [ -134983.861728291114559, 5319807.376580445095897 ], [ -134901.373762974224519, 5319536.104608057066798 ], [ -134196.199297841114458, 5319042.213273911736906 ], [ -133574.307062591426075, 5318581.291137988679111 ], [ -133193.740789208939532, 5318279.736666889861226 ], [ -132636.511151854298078, 5317848.66094527207315 ], [ -131627.476332983875182, 5317091.707015610300004 ], [ -131464.579627799335867, 5316938.482356514781713 ], [ -131325.784816885890905, 5316990.375075944699347 ], [ -130717.539015373607981, 5317246.543956352397799 ], [ -130684.953128750610631, 5317701.433313286863267 ], [ -130420.392006167865475, 5317574.517375808209181 ], [ -130343.995777345800889, 5317535.246683929115534 ], [ -130314.073098220440443, 5317511.684104330837727 ], [ -130225.657703977471101, 5317498.840923545882106 ], [ -130114.50430186453741, 5317471.972616329789162 ], [ -130088.837144233300933, 5317462.683705650269985 ], [ -130067.695123902725754, 5317455.23915093857795 ], [ -130018.088932415528689, 5317436.083701244555414 ], [ -130003.521663850289769, 5317432.290995399467647 ], [ -129990.710237613267964, 5317425.237568740732968 ], [ -129975.026991152961273, 5317418.083782437257469 ], [ -129964.055453459688579, 5317412.098285593092442 ], [ -129952.285309739905642, 5317402.750342547893524 ], [ -129939.59299535806349, 5317393.812091804109514 ], [ -129927.149146079609636, 5317386.557051130570471 ], [ -129913.242113414380583, 5317380.295609993860126 ], [ -129898.850284366737469, 5317372.344272661022842 ], [ -129887.056429595118971, 5317364.886235386133194 ], [ -129874.780561428240617, 5317359.599210934713483 ], [ -129865.904167871514801, 5317352.888966139405966 ], [ -129852.062034469359787, 5317344.702199883759022 ], [ -129839.86475786306255, 5317338.909101902507246 ], [ -129825.79119123952114, 5317333.217742249369621 ], [ -129811.317097088031005, 5317332.501487091183662 ], [ -129796.83175966818817, 5317330.961911815218627 ], [ -129782.996416754904203, 5317331.842952731996775 ], [ -129769.151500365536776, 5317330.660058228299022 ], [ -129755.496383707955829, 5317331.34646294079721 ], [ -129741.273092369083315, 5317331.865645059384406 ], [ -129725.920130838014302, 5317332.237860125489533 ], [ -129711.87717707423144, 5317332.562253792770207 ], [ -129695.99188573822903, 5317337.219969351775944 ], [ -129680.938373637152836, 5317335.512865996919572 ], [ -129666.419083772358135, 5317333.034223753958941 ], [ -129652.668788950162707, 5317331.09136466588825 ], [ -129637.282097613293445, 5317324.937025743536651 ], [ -129625.258145454194164, 5317321.05618485622108 ], [ -129611.19827112807252, 5317315.740096427500248 ], [ -129598.434934911172604, 5317310.00062498729676 ], [ -129586.02537203594693, 5317303.684255914762616 ], [ -129572.459088332005194, 5317296.469796184450388 ], [ -129559.814863970328588, 5317288.845663660205901 ], [ -129548.453596739855129, 5317280.422589102759957 ], [ -129537.258974787269835, 5317271.429324014112353 ], [ -129525.189938234485453, 5317264.160214778035879 ], [ -129504.331559966638451, 5317248.845759845338762 ], [ -129487.391071177160484, 5317244.465267156250775 ], [ -129473.669274144398514, 5317231.678498454391956 ], [ -129460.218428752414184, 5317186.661018309183419 ], [ -129452.3491426287801, 5317160.811850857920945 ], [ -129446.43919086252572, 5317147.677355989813805 ], [ -129435.96313622307207, 5317139.614889384247363 ], [ -129423.326036308571929, 5317132.178511308506131 ], [ -129410.341953541472321, 5317125.50680791400373 ], [ -129394.091422955927555, 5317122.811963770538568 ], [ -129382.053778499626787, 5317119.724354087375104 ], [ -129368.418142752809217, 5317117.136878870427608 ], [ -129355.105556168287876, 5317116.283118813298643 ], [ -129344.601894295061356, 5317109.507257764227688 ], [ -129337.640641257778043, 5317098.947054913267493 ], [ -129329.758998670586152, 5317092.38258992601186 ], [ -129316.465670357953059, 5317088.50473918300122 ], [ -129308.209994281773106, 5317074.444554956629872 ], [ -129297.842698784748791, 5317067.012340649962425 ], [ -129286.134782660126803, 5317059.353977073915303 ], [ -129274.289720922766719, 5317052.014216572977602 ], [ -129261.680116922536399, 5317045.328711760230362 ], [ -129250.312504481247743, 5317036.717775203287601 ], [ -129243.923099668187206, 5317025.857029196806252 ], [ -129243.830704490756034, 5317014.398548454046249 ], [ -129240.830087616617675, 5316993.782456043176353 ], [ -129238.513195054620155, 5316980.423870137892663 ], [ -129234.985146432896727, 5316967.072004153393209 ], [ -129227.792905452399282, 5316954.736549604684114 ], [ -129218.610049337221426, 5316944.353788547217846 ], [ -129210.682877078375896, 5316932.421021318994462 ], [ -129205.161319015518529, 5316919.648690272122622 ], [ -129200.742269189431681, 5316906.271935457363725 ], [ -129198.772470799929579, 5316894.819388357922435 ], [ -129200.742269189475337, 5316879.661483679898083 ], [ -129205.970277755201096, 5316868.011601437814534 ], [ -129205.912836897929083, 5316853.724837258458138 ], [ -129209.439438366229297, 5316839.277886401861906 ], [ -129212.314598174460116, 5316827.788262809626758 ], [ -129206.202044934951118, 5316811.944709382019937 ], [ -129203.204433686827542, 5316797.135984969325364 ], [ -129189.519928683672333, 5316789.651451586745679 ], [ -129179.074932182062184, 5316780.631094496697187 ], [ -129168.953430120483972, 5316767.669371945783496 ], [ -129155.683924179000314, 5316763.452357747592032 ], [ -129139.884460170200327, 5316766.622085405513644 ], [ -129127.569741501269164, 5316767.240223543718457 ], [ -129114.569072130019777, 5316760.705078567378223 ], [ -129099.792077644044184, 5316761.431340930983424 ], [ -129081.817987382630236, 5316764.462942467071116 ], [ -129068.52209872181993, 5316774.904743880033493 ], [ -129056.732808049448067, 5316772.264824632555246 ], [ -129043.051419991898001, 5316772.199036058969796 ], [ -129028.934661405932275, 5316770.456857294775546 ], [ -129015.26384870010952, 5316765.502157484181225 ], [ -129002.821557894552825, 5316758.246538506820798 ], [ -128992.73734786271234, 5316748.836659045889974 ], [ -128982.278881702615763, 5316739.440494964830577 ], [ -128975.655372000459465, 5316727.272400370799005 ], [ -128972.988713598344475, 5316715.284934522584081 ], [ -128976.429933017367148, 5316702.049642442725599 ], [ -128977.411103009202634, 5316687.724451045505702 ], [ -128975.037326187491999, 5316673.897563888691366 ], [ -128968.961731018920545, 5316661.333457268774509 ], [ -128959.466178454298642, 5316652.654345592483878 ], [ -128943.68853306582605, 5316652.633939208462834 ], [ -128928.176607301589684, 5316649.939383688382804 ], [ -128913.485996740681003, 5316644.729668226093054 ], [ -128904.914618588445592, 5316639.087158280424774 ], [ -128900.289627704478335, 5316631.692752528004348 ], [ -128886.319254249072401, 5316625.013792084529996 ], [ -128870.068723663571291, 5316627.708492705598474 ], [ -128857.7576785376732, 5316635.118733063340187 ], [ -128844.593146875995444, 5316642.342885494232178 ], [ -128828.211259291361785, 5316646.907819297164679 ], [ -128816.65863385621924, 5316641.468305591493845 ], [ -128805.580340771455667, 5316634.086385414004326 ], [ -128789.925480781297665, 5316631.926663945429027 ], [ -128776.997503037462593, 5316625.35064865462482 ], [ -128769.373119793701335, 5316612.779449861496687 ], [ -128764.775179545744322, 5316596.348895683884621 ], [ -128756.967341780997231, 5316584.4537303596735 ], [ -128749.511050968285417, 5316572.756246251985431 ], [ -128741.701654730728478, 5316568.285917676053941 ], [ -128726.094105523981852, 5316566.211491017602384 ], [ -128714.612835882639047, 5316563.566605309955776 ], [ -128701.161767851590412, 5316558.321455609984696 ], [ -128691.066759829031071, 5316548.553451460786164 ], [ -128686.814800558597199, 5316533.495702376589179 ], [ -128686.05738274322357, 5316520.142190556973219 ], [ -128684.333266469926457, 5316505.908952937461436 ], [ -128680.02175127195369, 5316492.878931352868676 ], [ -128673.669415849246434, 5316483.975662241689861 ], [ -128666.207225103484234, 5316478.555431084707379 ], [ -128657.384042263089214, 5316477.873657504096627 ], [ -128646.993369673000416, 5316473.777839440852404 ], [ -128633.965983623929787, 5316464.878091042861342 ], [ -128621.924999582857708, 5316456.584590617567301 ], [ -128610.99620857417176, 5316447.882674312219024 ], [ -128598.982609127808246, 5316440.528165677562356 ], [ -128586.104057237971574, 5316435.642015773802996 ], [ -128571.953680165795959, 5316432.10859667789191 ], [ -128557.697883535656729, 5316431.397435900755227 ], [ -128543.100336068935576, 5316431.82382779661566 ], [ -128528.822720818861853, 5316430.36145596858114 ], [ -128513.955223586963257, 5316429.607960714027286 ], [ -128499.744956628856016, 5316424.00882891472429 ], [ -128486.282311370785465, 5316419.998769572935998 ], [ -128468.452491169300629, 5316414.082286725752056 ], [ -128455.926599426427856, 5316408.433977000415325 ], [ -128449.747365811883355, 5316399.980782520025969 ], [ -128435.661554044301738, 5316388.973062706179917 ], [ -128422.038052122021327, 5316390.68638903927058 ], [ -128409.261023607687093, 5316395.757995203137398 ], [ -128396.082465690225945, 5316399.901595724746585 ], [ -128381.93175465951208, 5316409.466604290530086 ], [ -128368.259160841815174, 5316409.489903504960239 ], [ -128354.830245389428455, 5316404.995440114289522 ], [ -128342.282757665365352, 5316398.595775072462857 ], [ -128331.712081458477769, 5316389.319352264516056 ], [ -128326.414832169699366, 5316375.088445800356567 ], [ -128323.219183547378634, 5316358.890386654995382 ], [ -128319.464154484012397, 5316345.656360630877316 ], [ -128315.522108676086646, 5316332.427683185786009 ], [ -128311.932500375696691, 5316318.437010437250137 ], [ -128308.155875331198331, 5316304.451688451692462 ], [ -128304.946089133707574, 5316290.638007539324462 ], [ -128302.116013719365583, 5316277.000992187298834 ], [ -128297.607129064068431, 5316263.601096818223596 ], [ -128294.898614533711225, 5316248.107525053434074 ], [ -128288.892594046890736, 5316234.751223067753017 ], [ -128280.709164320331183, 5316225.910177567973733 ], [ -128274.708598488519783, 5316212.741667622700334 ], [ -128269.663599165825872, 5316200.956326832994819 ], [ -128263.833908752378193, 5316187.219242844730616 ], [ -128257.117447275421, 5316175.199272845871747 ], [ -128254.028888003289467, 5316157.461721265688539 ], [ -128245.683154459053185, 5316141.57133643142879 ], [ -128228.544183017584146, 5316140.10185294225812 ], [ -128213.284061941609252, 5316142.164155066013336 ], [ -128198.412779847087222, 5316142.0047198953107 ], [ -128184.496841622487409, 5316146.545197118073702 ], [ -128175.055612969386857, 5316154.081294734962285 ], [ -128161.750039512757212, 5316160.295469551347196 ], [ -128148.422647436047555, 5316165.758458692580462 ], [ -128134.655766009629588, 5316168.979149256832898 ], [ -128116.618780235934537, 5316172.749414389953017 ], [ -128103.339478179143043, 5316166.934810082428157 ], [ -128094.16163144109305, 5316154.749339649453759 ], [ -128083.09324579112581, 5316141.904064071364701 ], [ -128073.054342791831004, 5316131.232573273591697 ], [ -128059.266088023374323, 5316122.812216924503446 ], [ -128050.373553140234435, 5316117.311488014645875 ], [ -128040.701225224183872, 5316106.693322425708175 ], [ -128032.114818940885016, 5316091.776837067678571 ], [ -128021.154301877293619, 5316081.947952778078616 ], [ -128010.760734980402049, 5316072.290390404872596 ], [ -127997.309666949397069, 5316069.995729103684425 ], [ -127983.903238034152309, 5316066.252001593820751 ], [ -127969.45541528252943, 5316065.357679601758718 ], [ -127955.729054151001037, 5316063.50249089859426 ], [ -127942.306261270539835, 5316059.19534199219197 ], [ -127932.710187205477268, 5316051.205993365496397 ], [ -127923.775796194007853, 5316040.190461348742247 ], [ -127913.536852069795714, 5316029.400768012739718 ], [ -127903.154305802629096, 5316020.118772820569575 ], [ -127890.629304615591536, 5316014.469939772039652 ], [ -127877.128142813569866, 5316013.923725693486631 ], [ -127862.98166192357894, 5316016.966962328180671 ], [ -127850.402893422491616, 5316022.407635387033224 ], [ -127837.664158812913229, 5316028.792728899978101 ], [ -127824.738184819929302, 5316035.183156453073025 ], [ -127811.372832796958392, 5316039.331165423616767 ], [ -127799.539570925597218, 5316038.172494158148766 ], [ -127787.244444487048895, 5316034.359645932912827 ], [ -127779.727929829590721, 5316024.463211387395859 ], [ -127778.203298083695699, 5316010.600606831721961 ], [ -127784.255182200722629, 5315995.393123648129404 ], [ -127786.858388492808444, 5315981.786232748068869 ], [ -127788.317007780773565, 5315967.460926966741681 ], [ -127790.35871856144513, 5315953.870370156131685 ], [ -127789.208342943456955, 5315939.996906504034996 ], [ -127783.477281598970876, 5315929.63978878967464 ], [ -127775.096593734662747, 5315924.80979070160538 ], [ -127761.728458724217489, 5315922.380250376649201 ], [ -127747.46264334017178, 5315921.292248976416886 ], [ -127733.240242557396414, 5315921.706435637548566 ], [ -127718.891605472119409, 5315919.327908069826663 ], [ -127704.229826659269747, 5315917.499700925312936 ], [ -127691.005405111500295, 5315913.562341478653252 ], [ -127679.653600037781871, 5315908.04468098282814 ], [ -127669.998304003835074, 5315897.989710530266166 ], [ -127667.075388133976958, 5315884.892926734872162 ], [ -127663.679587067468674, 5315871.293505822308362 ], [ -127660.757227795038489, 5315856.914160016924143 ], [ -127655.969265176623594, 5315839.12772361561656 ], [ -127653.113141001391341, 5315824.552452029660344 ], [ -127645.654623798633111, 5315812.7421711133793 ], [ -127637.279613228340168, 5315808.099985617212951 ], [ -127624.885301123344107, 5315806.957331639714539 ], [ -127613.733982452773489, 5315809.982228171080351 ], [ -127602.866639803018188, 5315817.443136221729219 ], [ -127591.951875050159288, 5315825.562782968394458 ], [ -127584.263260460051242, 5315838.18987323064357 ], [ -127576.349446540087229, 5315849.508038861677051 ], [ -127570.479347151616821, 5315863.300967773422599 ], [ -127564.856154393652105, 5315878.625943711027503 ], [ -127557.026164050330408, 5315897.941591907292604 ], [ -127548.851862521813018, 5315907.928038877435029 ], [ -127533.832414184988011, 5315908.26486960798502 ], [ -127523.635994106341968, 5315901.498563858680427 ], [ -127511.447623059371836, 5315894.523952080868185 ], [ -127503.284119521515095, 5315884.237387565895915 ], [ -127498.963698764302535, 5315870.832268825732172 ], [ -127501.788208204132388, 5315859.852276817895472 ], [ -127508.717957825530902, 5315846.966444964520633 ], [ -127511.310700085567078, 5315832.984264731407166 ], [ -127517.828122313148924, 5315814.296571337617934 ], [ -127522.303054523581523, 5315800.635582753457129 ], [ -127526.585404014840606, 5315786.792191900312901 ], [ -127528.049811916294857, 5315772.655088691972196 ], [ -127525.226415671262657, 5315759.206427938304842 ], [ -127511.574304639871116, 5315742.929493421688676 ], [ -127501.522933857690077, 5315734.69145124964416 ], [ -127491.092297570299706, 5315723.719384988769889 ], [ -127480.563143533741822, 5315710.572443627752364 ], [ -127471.816659822579823, 5315699.551374451257288 ], [ -127463.703138736134861, 5315683.35798810981214 ], [ -127454.037378669891041, 5315672.927455842494965 ], [ -127443.628561002813512, 5315662.706459127366543 ], [ -127433.97371024696622, 5315652.651448032818735 ], [ -127409.00330130844668, 5315631.811629160307348 ], [ -127397.525148612767225, 5315624.814225877635181 ], [ -127393.189477085412364, 5315595.028193048201501 ], [ -127390.039914732260513, 5315581.569433553144336 ], [ -127389.547548624672345, 5315567.760932115837932 ], [ -127394.285417472361587, 5315555.156438351608813 ], [ -127394.247568845385103, 5315540.875487361103296 ], [ -127399.882116191351088, 5315525.754952056333423 ], [ -127399.844267564549227, 5315511.473893714137375 ], [ -127399.982637691617128, 5315496.811883669346571 ], [ -127399.944789064815268, 5315482.531021810136735 ], [ -127400.671705339627806, 5315468.791643681004643 ], [ -127401.366116323144524, 5315453.925662943162024 ], [ -127397.91899697126064, 5315439.443722346797585 ], [ -127398.99567908627796, 5315421.792226923629642 ], [ -127398.588917666813359, 5315407.710034713149071 ], [ -127398.187610902561573, 5315393.815607581287622 ], [ -127397.791758793304325, 5315380.108944699168205 ], [ -127397.192525974402088, 5315365.844553524628282 ], [ -127396.764168573732604, 5315351.011321255937219 ], [ -127396.34115450878744, 5315336.366007502190769 ], [ -127395.934393089439254, 5315322.283943976275623 ], [ -127396.441676008966169, 5315307.423677743412554 ], [ -127396.269910034709028, 5315296.940272414125502 ], [ -127398.092321418444044, 5315282.22972207237035 ], [ -127400.668811032825033, 5315267.685010217130184 ], [ -127404.813124355685432, 5315256.906257904134691 ], [ -127413.055219453963218, 5315249.175377135165036 ], [ -127422.294737189775333, 5315238.383246983401477 ], [ -127428.696498466291814, 5315221.544150311499834 ], [ -127431.798861355273402, 5315206.97760702110827 ], [ -127431.95882746357529, 5315193.067186136730015 ], [ -127431.375847290197271, 5315179.366299038752913 ], [ -127430.011738249988412, 5315164.560617583803833 ], [ -127427.166968662801082, 5315150.361875682137907 ], [ -127424.867330622015288, 5315135.583495010621846 ], [ -127422.947292044729693, 5315120.982065523043275 ], [ -127421.021910131967161, 5315106.192768489010632 ], [ -127418.540598682244308, 5315091.607676835730672 ], [ -127415.712081740755821, 5315077.972258296795189 ], [ -127413.621279064565897, 5315063.939611892215908 ], [ -127412.086405925583676, 5315049.702805480919778 ], [ -127409.610549130840809, 5315035.305538625456393 ], [ -127406.188254025444621, 5315020.560075700283051 ], [ -127401.632392545187031, 5315005.471747434698045 ], [ -127399.156424430941115, 5314991.07454870082438 ], [ -127397.247406483351369, 5314976.848815902136266 ], [ -127396.263008226203965, 5314962.220227741636336 ], [ -127395.840105480674538, 5314947.575523056089878 ], [ -127395.428000725762104, 5314933.30631054751575 ], [ -127395.010441315753269, 5314918.849385483190417 ], [ -127394.57117460524023, 5314903.641394380480051 ], [ -127395.105396841463516, 5314889.72046229057014 ], [ -127394.166305617283797, 5314873.820051693357527 ], [ -127397.694465558335651, 5314859.812072877772152 ], [ -127401.794807682294049, 5314846.163289293646812 ], [ -127406.632752752077067, 5314832.117287727072835 ], [ -127410.144548728232621, 5314817.546174487099051 ], [ -127412.362812221253989, 5314803.576496322639287 ], [ -127414.741153141920222, 5314788.66254692338407 ], [ -127414.895775914686965, 5314774.56501701939851 ], [ -127414.290977121141623, 5314760.113666375167668 ], [ -127415.02312541216088, 5314746.607234858907759 ], [ -127416.94416586481384, 5314731.618010049685836 ], [ -127420.099182872960228, 5314713.012299725785851 ], [ -127419.757543355750386, 5314699.383219045586884 ], [ -127415.752268076888868, 5314685.704523305408657 ], [ -127409.269911488896469, 5314672.323504462838173 ], [ -127402.351405136156245, 5314660.828626815229654 ], [ -127394.702420284724212, 5314648.834827655926347 ], [ -127388.902006897507817, 5314636.038210770115256 ], [ -127381.781010390914162, 5314622.904065697453916 ], [ -127374.660013884480577, 5314609.770091332495213 ], [ -127368.678038407524582, 5314597.166584638878703 ], [ -127359.240260658698389, 5314585.113184073939919 ], [ -127353.058132737482083, 5314571.486116875894368 ], [ -127350.753262680766056, 5314556.520924187265337 ], [ -127351.070189270903938, 5314542.133095177821815 ], [ -127350.968109297784395, 5314524.391333850100636 ], [ -127354.591224764692015, 5314511.187005415558815 ], [ -127359.825021943863248, 5314497.881600751541555 ], [ -127365.438307267046184, 5314484.753130809403956 ], [ -127371.211670018106815, 5314470.680419306270778 ], [ -127375.466412275854964, 5314455.90037249866873 ], [ -127384.5347206347069, 5314430.556613502092659 ], [ -127386.351677363403724, 5314415.659549890086055 ], [ -127387.018815071787685, 5314399.85662410594523 ], [ -127389.437676287343493, 5314386.587156514637172 ], [ -127389.041824177911622, 5314372.881970294751227 ], [ -127388.629719423261122, 5314358.613634896464646 ], [ -127387.832560549577465, 5314343.980685357004404 ], [ -127385.565650438948069, 5314330.329914337955415 ], [ -127381.75306919880677, 5314315.033206265419722 ], [ -127378.523579451299156, 5314300.471120302565396 ], [ -127374.903580930273165, 5314285.356701767072082 ], [ -127370.659747982615954, 5314269.177640162408352 ], [ -127369.306770891780616, 5314254.748842060565948 ], [ -127368.327938609101693, 5314240.309256682172418 ], [ -127367.54703238120419, 5314226.239653556607664 ], [ -127367.107876989917713, 5314211.032941306941211 ], [ -127366.67951958948106, 5314196.201541177928448 ], [ -127366.652468953296193, 5314182.297952766530216 ], [ -127368.068118917610263, 5314166.473650249652565 ], [ -127369.323691454279469, 5314151.593297698535025 ], [ -127371.292154009905062, 5314136.54915273655206 ], [ -127373.779699351172894, 5314122.79926845151931 ], [ -127376.096591913039447, 5314106.492602384649217 ], [ -127382.105506706720917, 5314094.104591452516615 ], [ -127387.526097991343704, 5314080.794299530796707 ], [ -127395.184544999472564, 5314068.532989927567542 ], [ -127402.142235812934814, 5314057.111931794323027 ], [ -127407.772664337855531, 5314038.98500042129308 ], [ -127406.353118191313115, 5314025.162639404647052 ], [ -127399.344554370356491, 5314012.220417948439717 ], [ -127392.999454714779858, 5314000.004110020585358 ], [ -127380.694643480295781, 5313986.427679062820971 ], [ -127371.734871624837979, 5313976.826936395838857 ], [ -127364.432758306793403, 5313963.88691324647516 ], [ -127356.981365551429917, 5313952.266545348800719 ], [ -127349.117979360846221, 5313939.342998346313834 ], [ -127341.634192633777275, 5313926.596222192049026 ], [ -127334.535460025421344, 5313914.213930314406753 ], [ -127327.0733805992204, 5313902.218196306377649 ], [ -127319.429739083454479, 5313890.415519815869629 ], [ -127311.577262202685233, 5313877.867485161870718 ], [ -127303.713876011970569, 5313864.943888753652573 ], [ -127292.932472009182675, 5313853.591892162337899 ], [ -127286.010180793848122, 5313840.828790922649205 ], [ -127279.291158968480886, 5313828.62351599894464 ], [ -127272.181739688938251, 5313815.865929490886629 ], [ -127265.066865754357423, 5313802.92064846586436 ], [ -127258.535083312672214, 5313790.710094629786909 ], [ -127253.837400801072363, 5313777.084489708766341 ], [ -127250.409651040550671, 5313763.343354962766171 ], [ -127245.133329816017067, 5313749.217379882931709 ], [ -127239.851553936226992, 5313734.903563346713781 ], [ -127236.264505984436255, 5313720.916472897864878 ], [ -127233.783862451586174, 5313706.333389895968139 ], [ -127233.783751132214093, 5313691.15066340751946 ], [ -127234.193184219257091, 5313676.29253286216408 ], [ -127231.365335194786894, 5313662.659178310073912 ], [ -127228.906287643083488, 5313648.827173704281449 ], [ -127226.788990928049316, 5313633.857977221719921 ], [ -127222.361369501391891, 5313617.839739535935223 ], [ -127215.680307622344117, 5313605.478865215554833 ], [ -127207.674655122493277, 5313593.234315991401672 ], [ -127197.05755868802953, 5313582.821186767891049 ], [ -127188.66774262546096, 5313569.113981710746884 ], [ -127183.994327763051842, 5313554.398994650691748 ], [ -127181.907866547058802, 5313540.613582093268633 ], [ -127179.382361259471509, 5313527.036600272171199 ], [ -127174.678222217407892, 5313513.967495116405189 ], [ -127173.240419674402801, 5313500.076643261127174 ], [ -127169.416595165734179, 5313486.252795374952257 ], [ -127165.814741721522296, 5313472.215839457698166 ], [ -127156.236478775317664, 5313458.890600414946675 ], [ -127149.81312151743623, 5313445.3717384878546 ], [ -127146.231750859617023, 5313431.572633376345038 ], [ -127143.574888572868076, 5313417.371042651124299 ], [ -127140.351410078030312, 5313402.997906344011426 ], [ -127136.780948730258388, 5313389.574423249810934 ], [ -127134.699496891524177, 5313374.406977700069547 ], [ -127130.930998169715167, 5313360.613457699306309 ], [ -127128.477627912041498, 5313346.969602671451867 ], [ -127126.750951290377998, 5313332.553036131896079 ], [ -127125.189584112536977, 5313317.380354951135814 ], [ -127123.248728790524183, 5313302.030652746558189 ], [ -127121.136998050220427, 5313287.2497130157426 ], [ -127119.608136163602467, 5313273.203313026577234 ], [ -127120.16573549307941, 5313256.180206678807735 ], [ -127119.893893296379247, 5313238.946443859487772 ], [ -127118.37594071989588, 5313225.275517085567117 ], [ -127117.59547977001057, 5313211.207441251724958 ], [ -127117.172910983048496, 5313196.565478964708745 ], [ -127116.579578097065678, 5313182.491966046392918 ], [ -127116.910530943161575, 5313127.882083395496011 ], [ -127090.062718792585656, 5313133.391709729097784 ], [ -127072.265181243565166, 5313141.277637327089906 ], [ -127060.096513746524579, 5313147.831260302104056 ], [ -127047.41544263328251, 5313155.777939632534981 ], [ -127036.967551825044211, 5313166.449383681640029 ], [ -127026.981302944826894, 5313177.260586886666715 ], [ -127018.24350215405866, 5313187.840412996709347 ], [ -127013.796288496756461, 5313201.052006500773132 ], [ -127003.614451271452708, 5313219.361816844902933 ], [ -126998.758806402533082, 5313232.321513052098453 ], [ -126992.386544790919288, 5313245.0942876432091 ], [ -126986.217663889168762, 5313258.424854561686516 ], [ -126980.615399195550708, 5313271.927005223929882 ], [ -126974.056120839668438, 5313284.705314252525568 ], [ -126967.298805109458044, 5313297.113565305247903 ], [ -126961.8727591696952, 5313310.234735175035894 ], [ -126955.450069828744745, 5313325.575316909700632 ], [ -126950.199908684575348, 5313337.016641822643578 ], [ -126945.166931866915547, 5313348.462699945084751 ], [ -126938.145566304519889, 5313361.391062890179455 ], [ -126933.817019224705291, 5313370.453943504020572 ], [ -126927.04166973682004, 5313382.079525443725288 ], [ -126919.151566868502414, 5313394.988601228222251 ], [ -126913.307516240645782, 5313403.799872420728207 ], [ -126904.45917519563227, 5313412.457548161968589 ], [ -126893.612204012737493, 5313419.935724603943527 ], [ -126883.742617959025665, 5313424.077854140661657 ], [ -126869.551275314224767, 5313424.842524733394384 ], [ -126855.252620680243126, 5313425.189008979126811 ], [ -126841.208887680171756, 5313423.749485763721168 ], [ -126827.673662114073522, 5313421.887970662675798 ], [ -126813.075446730465046, 5313422.123933056369424 ], [ -126798.547585265056114, 5313424.800203721038997 ], [ -126786.748387158033438, 5313427.101523086428642 ], [ -126771.811203924866277, 5313429.736083082854748 ], [ -126756.711271596126608, 5313432.053235996514559 ], [ -126742.492655676149298, 5313432.465942286886275 ], [ -126727.609907673904672, 5313429.328248398378491 ], [ -126716.696701393942931, 5313426.316605205647647 ], [ -126705.425936909698066, 5313418.564859615638852 ], [ -126693.423135453820578, 5313411.398002037778497 ], [ -126681.227862598607317, 5313404.048774207010865 ], [ -126668.476771525660297, 5313396.903697132132947 ], [ -126655.538552388636163, 5313389.763953680172563 ], [ -126643.156262788805179, 5313382.420071013271809 ], [ -126630.074330189221655, 5313376.787598091177642 ], [ -126616.577064569573849, 5313376.239711299538612 ], [ -126602.450398548855446, 5313379.843525165691972 ], [ -126589.351100108644459, 5313386.611355261877179 ], [ -126575.26239403442014, 5313391.529250933788717 ], [ -126561.450428214287967, 5313393.057064522989094 ], [ -126547.760691195013351, 5313392.326953493990004 ], [ -126533.845977484786999, 5313390.2880928684026 ], [ -126520.406152722309344, 5313385.22938213404268 ], [ -126507.880038340284955, 5313379.392610685899854 ], [ -126495.88825751413242, 5313372.600885233841836 ], [ -126484.436153579343227, 5313365.04221545625478 ], [ -126473.860022717548418, 5313355.391265076585114 ], [ -126463.668834654701641, 5313346.104921652935445 ], [ -126451.238121076428797, 5313337.071445493027568 ], [ -126438.850599460318335, 5313329.539749555289745 ], [ -126425.598014081522706, 5313324.475591326132417 ], [ -126411.800297156180022, 5313319.990679123438895 ], [ -126398.382179694366641, 5313315.682814966887236 ], [ -126385.156644951712224, 5313311.557022270746529 ], [ -126371.375180672024726, 5313307.635374427773058 ], [ -126357.791642447002232, 5313304.083651692606509 ], [ -126344.886262559870374, 5313298.069885327480733 ], [ -126334.321152327567688, 5313288.794407276436687 ], [ -126329.116632174453116, 5313277.108962127938867 ], [ -126325.354812622055761, 5313263.502982290461659 ], [ -126319.16099615447456, 5313249.96750520169735 ], [ -126309.317236222501379, 5313239.731802708469331 ], [ -126294.57308098654903, 5313231.702999678440392 ], [ -126272.599058781837812, 5313223.144441162236035 ], [ -126242.821094994666055, 5313233.383931267075241 ], [ -126232.430088446140871, 5313310.131826353259385 ], [ -126219.151788264760398, 5313357.866264935582876 ], [ -126194.450215896707959, 5313449.515249399468303 ], [ -126190.54668663245684, 5313463.531315113417804 ], [ -126184.932399433906539, 5313476.657742256298661 ], [ -126178.179313844375429, 5313489.253496959805489 ], [ -126171.046740110657993, 5313501.672371438704431 ], [ -126125.605567371560028, 5313567.096395598724484 ], [ -126116.794295716797933, 5313579.751796550117433 ], [ -126108.143212809227407, 5313591.463043428957462 ], [ -126100.625362318125553, 5313603.517446622252464 ], [ -126092.91515174669621, 5313615.389333248138428 ], [ -126084.08762744627893, 5313627.481674337759614 ], [ -126076.206430137186544, 5313639.922197876498103 ], [ -126068.528390898587531, 5313652.92068862169981 ], [ -126060.454610870321631, 5313665.178865167312324 ], [ -126051.995888043064042, 5313677.072600112296641 ], [ -126042.772511633345857, 5313688.424839107319713 ], [ -126033.720010641918634, 5313699.208481757901609 ], [ -126026.619385602331022, 5313712.753743486478925 ], [ -126020.999309790015104, 5313725.692657892592251 ], [ -126012.817995133780641, 5313738.335333191789687 ], [ -126003.338472575691412, 5313748.063559587113559 ], [ -125992.188935016820324, 5313757.28423039149493 ], [ -125979.581780045526102, 5313767.252710308879614 ], [ -125967.642542018773383, 5313773.181524310261011 ], [ -125956.269252283498645, 5313781.402005302719772 ], [ -125944.120622294853092, 5313788.705248845741153 ], [ -125933.057802619339782, 5313797.617826127447188 ], [ -125915.479230508644832, 5313806.38471816945821 ], [ -125903.575392080179881, 5313811.532412767410278 ], [ -125890.091262160261977, 5313814.540982994250953 ], [ -125878.029461374302628, 5313819.505537029355764 ], [ -125864.303100242555956, 5313824.03605645801872 ], [ -125852.138217608342529, 5313830.776195830665529 ], [ -125842.616282324321219, 5313838.778109974227846 ], [ -125833.440439337180578, 5313850.785789612680674 ], [ -125827.990682345858659, 5313861.350240298546851 ], [ -125823.944330174897914, 5313872.258006672374904 ], [ -125814.079085581426625, 5313890.917307581752539 ], [ -125805.62492685324105, 5313902.022413583472371 ], [ -125800.849320698165684, 5313912.338463563472033 ], [ -125794.501994652557187, 5313926.05013008788228 ], [ -125778.885985164612066, 5313939.418510491028428 ], [ -125769.536261132976506, 5313949.459651968441904 ], [ -125760.587175948632648, 5313961.036322760395706 ], [ -125753.14524534996599, 5313972.206824189051986 ], [ -125744.135268404250382, 5313984.492214097641408 ], [ -125735.082210815438884, 5313995.275893732905388 ], [ -125726.018243916551, 5314005.68400156032294 ], [ -125715.126522298305645, 5314017.648201668635011 ], [ -125699.896234846033622, 5314026.773072591051459 ], [ -125690.105462991748936, 5314037.953700649552047 ], [ -125681.437236882688012, 5314049.102066349238157 ], [ -125673.175438234437024, 5314061.365938618779182 ], [ -125667.860377827062621, 5314075.641128129325807 ], [ -125658.568539930391125, 5314083.066397161222994 ], [ -125648.354642691687332, 5314092.870191132649779 ], [ -125640.43203453195747, 5314097.640628586523235 ], [ -125625.745654111640761, 5314103.050953731872141 ], [ -125612.520675966399722, 5314101.664611851796508 ], [ -125598.827265403975616, 5314101.794476727955043 ], [ -125583.989156517694937, 5314114.32987107988447 ], [ -125573.132500539082685, 5314133.497241204604506 ], [ -125568.145832629495999, 5314142.763661296106875 ], [ -125557.574265866773203, 5314152.22329035308212 ], [ -125542.404313578357687, 5314158.674247046932578 ], [ -125527.589693104702746, 5314168.46335244551301 ], [ -125512.379888438576018, 5314178.155182827264071 ], [ -125497.777999511759845, 5314189.823636817745864 ], [ -125464.891550263622776, 5314212.641579546965659 ], [ -125437.040192903616116, 5314224.013195194303989 ], [ -125422.588362650349154, 5314228.92376674618572 ], [ -125409.280785443086643, 5314231.242944686673582 ], [ -125395.046250835730461, 5314231.974643697962165 ], [ -125380.017340342121315, 5314230.140828872099519 ], [ -125364.904828911094228, 5314225.303487429395318 ], [ -125351.236910512045142, 5314218.547077731229365 ], [ -125339.013473825441906, 5314209.871603932231665 ], [ -125327.923046916097519, 5314201.540215259417892 ], [ -125314.608456580812344, 5314194.022438591346145 ], [ -125300.587321437415085, 5314188.02728284150362 ], [ -125286.981964592356235, 5314183.523382363840938 ], [ -125273.761327907093801, 5314179.384570282883942 ], [ -125258.680319891791441, 5314175.673419243656099 ], [ -125244.763491111458279, 5314173.432509545236826 ], [ -125230.825845586165087, 5314170.440875385887921 ], [ -125217.220600060434663, 5314165.936831134371459 ], [ -125203.989499343180796, 5314161.422436336055398 ], [ -125185.945166482983041, 5314160.156360003165901 ], [ -125170.846458668776904, 5314159.23649079259485 ], [ -125156.254365857224911, 5314159.644509563222528 ], [ -125142.088404056295985, 5314161.91921453550458 ], [ -125129.907936693125521, 5314168.27137029916048 ], [ -125119.328243607626064, 5314178.335898966528475 ], [ -125113.694364178591059, 5314186.490509064868093 ], [ -125105.047956689668354, 5314198.755475029349327 ], [ -125096.422365945472848, 5314211.771185340359807 ], [ -125086.313665625522844, 5314223.350464628078043 ], [ -125075.191401341857272, 5314234.878146512433887 ], [ -125064.517977245268412, 5314245.761532369069755 ], [ -125053.526736002284451, 5314251.403663629665971 ], [ -125043.954818266938673, 5314255.887956889346242 ], [ -125029.591598328159307, 5314264.555404269136488 ], [ -125016.288473900509416, 5314270.93868827726692 ], [ -125000.241101385676302, 5314272.890046295709908 ], [ -124988.434444872633321, 5314276.114652233198285 ], [ -124971.800641280438867, 5314281.411960542201996 ], [ -124958.912627233905368, 5314284.394038598053157 ], [ -124945.121923436425277, 5314288.882762872613966 ], [ -124938.593480579409515, 5314299.59325776156038 ], [ -124937.441991766609135, 5314318.679402551613748 ], [ -124952.707567497549462, 5314372.559201814234257 ], [ -124963.502663797713467, 5314390.492509477771819 ], [ -124965.472907465256867, 5314419.107555869035423 ], [ -124946.897803272877354, 5314462.746933920308948 ], [ -124935.472193377077929, 5314535.547587688080966 ], [ -124928.085588565401849, 5314567.202645465731621 ], [ -124916.75949829412275, 5314585.387543519027531 ], [ -124884.258437123076874, 5314594.143298540264368 ], [ -124842.400972750954679, 5314592.122750672511756 ], [ -124826.642919592661201, 5314601.551927039399743 ], [ -124825.658076057734434, 5314623.778000007383525 ], [ -124827.135397020028904, 5314649.371674496680498 ], [ -124820.733635743425111, 5314676.985984825529158 ], [ -124794.141858421746292, 5314718.070967637933791 ], [ -124768.042558527260553, 5314747.706061941571534 ], [ -124758.626042801173753, 5314758.41175352782011 ], [ -124750.17255198971543, 5314769.259968748316169 ], [ -124741.535495338146575, 5314781.900857897475362 ], [ -124732.108515579719096, 5314793.060616405680776 ], [ -124722.65025504460209, 5314803.094148378819227 ], [ -124712.100618221520563, 5314814.285297019407153 ], [ -124703.047671952081146, 5314825.434588477015495 ], [ -124695.127735460366239, 5314836.928145943209529 ], [ -124686.562034602204221, 5314851.88769721146673 ], [ -124677.308045332596521, 5314863.00551625713706 ], [ -124669.013741393078817, 5314874.509625679813325 ], [ -124661.852447230907273, 5314886.35769927687943 ], [ -124655.086225941515295, 5314898.946370056830347 ], [ -124648.499785629624967, 5314911.666761010885239 ], [ -124640.190230919790338, 5314923.694241922348738 ], [ -124631.549055447088904, 5314934.519048877060413 ], [ -124623.504775083914865, 5314941.941041351296008 ], [ -124612.23189552918484, 5314949.457135575823486 ], [ -124597.956951946835034, 5314956.115866592153907 ], [ -124582.885072129793116, 5314963.237164879217744 ], [ -124571.066504431306385, 5314971.31967980414629 ], [ -124559.84627899582847, 5314978.362119435332716 ], [ -124550.00307566144329, 5314988.03058020491153 ], [ -124537.74568653004826, 5314995.548843119293451 ], [ -124524.549428813537816, 5315003.201404999010265 ], [ -124513.947360510501312, 5315012.515278609469533 ], [ -124502.555257781117689, 5315020.348130014725029 ], [ -124489.666464498048299, 5315028.222707211971283 ], [ -124476.413767799647758, 5315036.483118109405041 ], [ -124466.950497887228266, 5315049.864962708204985 ], [ -124455.610381360122119, 5315059.57506453897804 ], [ -124443.532105289574247, 5315069.681663135997951 ], [ -124434.978315617059707, 5315080.090814868919551 ], [ -124424.376024674944347, 5315089.404612822458148 ], [ -124414.811454025984858, 5315099.222708850167692 ], [ -124405.606667971311253, 5315110.070558248087764 ], [ -124397.235108305161702, 5315129.603570653125644 ], [ -124392.310779310311773, 5315144.421834478154778 ], [ -124387.931247903732583, 5315157.757698177359998 ], [ -124379.251889845487312, 5315168.896740913391113 ], [ -124370.218981084573898, 5315180.797261369414628 ], [ -124362.298265355959302, 5315192.290798952803016 ], [ -124352.891211786627537, 5315204.201703062281013 ], [ -124343.463230152759934, 5315215.361661165952682 ], [ -124334.430321391977486, 5315227.262088509276509 ], [ -124325.750740694711567, 5315238.401214063167572 ], [ -124315.189749283759738, 5315249.216945085674524 ], [ -124265.061469384687371, 5315303.717408149503171 ], [ -124206.851951051285141, 5315399.251959045417607 ], [ -124157.62168548439513, 5315496.354167307727039 ], [ -124117.032595390424831, 5315619.74638791475445 ], [ -123907.571726443566149, 5315358.909930381923914 ], [ -123622.117271272611106, 5315006.871774446219206 ], [ -123578.075718491090811, 5314983.295164806768298 ], [ -123526.275419840414543, 5314918.872376467101276 ], [ -123509.984146321032313, 5314904.854281122796237 ], [ -123394.604833698511356, 5314767.529125651344657 ], [ -123383.786248985910788, 5314755.429981041699648 ], [ -123243.597829367252416, 5314625.773432904854417 ], [ -123227.863598579962854, 5314611.931933962740004 ], [ -123134.06022966306773, 5314537.132682713679969 ], [ -123124.769838919863105, 5314526.118325642310083 ], [ -123114.80641053536965, 5314514.073086008429527 ], [ -123103.234081550472183, 5314504.980625792406499 ], [ -123093.516112643425004, 5314496.20866338443011 ], [ -123080.615964772208827, 5314490.027719653211534 ], [ -123065.83596466005838, 5314482.448962836526334 ], [ -122980.365416226457455, 5314425.380411798134446 ], [ -122922.657614838186419, 5314395.867377670481801 ], [ -122907.868820486357436, 5314389.138401880860329 ], [ -122894.212813272679341, 5314382.753819173201919 ], [ -122879.798275048917276, 5314376.014499866403639 ], [ -122865.826231801009271, 5314368.041966762393713 ], [ -122851.430506571094156, 5314360.736595935188234 ], [ -122840.023820988542866, 5314354.424807636998594 ], [ -122825.599041371417115, 5314347.310063031502068 ], [ -122813.782922701662756, 5314339.747103523463011 ], [ -122802.330818766960874, 5314331.798504376783967 ], [ -122789.756169086991576, 5314323.880818432196975 ], [ -122777.545422822251567, 5314315.577341858297586 ], [ -122763.796686472909641, 5314305.813660126179457 ], [ -122751.97043772948382, 5314297.875290450640023 ], [ -122737.545769431992085, 5314290.760436628945172 ], [ -122725.808910239618854, 5314282.296520278789103 ], [ -122712.163478377711726, 5314276.287148887291551 ], [ -122698.902655356403557, 5314270.642871146090329 ], [ -122686.369527846443816, 5314264.226854124106467 ], [ -122672.308762964486959, 5314256.726078757084906 ], [ -122659.370432508003432, 5314249.19425096642226 ], [ -122646.83730499795638, 5314242.778248659335077 ], [ -122634.314530200645095, 5314236.737692021764815 ], [ -122621.407369201726397, 5314230.332051058299839 ], [ -122593.62959402508568, 5314220.157848719507456 ], [ -122580.732785738786333, 5314214.127659469842911 ], [ -122568.573914356806199, 5314207.701176216825843 ], [ -122538.610492298088502, 5314191.812887241132557 ], [ -122413.261406079982407, 5314132.262074459344149 ], [ -122309.001574753972818, 5314072.316871256567538 ], [ -122251.412105984301888, 5314033.932485193014145 ], [ -122212.759752391168149, 5314013.425576880574226 ], [ -122194.360644313768717, 5314003.737418852746487 ], [ -122180.755510107555892, 5313999.648622125387192 ], [ -122165.993655072394176, 5313994.46839617099613 ], [ -122151.220222810297855, 5313988.912741760723293 ], [ -122137.172037030570209, 5313982.583239806815982 ], [ -122123.860563641079352, 5313975.855322666466236 ], [ -122107.970374247248401, 5313967.424575803801417 ], [ -122094.472440710655064, 5313963.753853191621602 ], [ -122082.248781384987524, 5313955.865100505761802 ], [ -122070.025122059581918, 5313947.976506717503071 ], [ -122057.064750343939522, 5313940.486185289919376 ], [ -122044.85266824545397, 5313932.972729060798883 ], [ -122032.27801856539736, 5313925.846278036013246 ], [ -122017.142241360706976, 5313920.677358875051141 ], [ -122003.163184984819964, 5313916.600016612559557 ], [ -121989.920840999126085, 5313912.124107130803168 ], [ -121975.895920992901665, 5313906.545208670198917 ], [ -121962.619067965089926, 5313900.943172814324498 ], [ -121949.62830602840404, 5313893.562807411886752 ], [ -121935.977419511546032, 5313887.972349681891501 ], [ -121922.723720937632606, 5313883.121026825159788 ], [ -121909.809546810822212, 5313877.132007832638919 ], [ -121896.849397734127706, 5313869.64159091655165 ], [ -121883.526792395437951, 5313862.538024314679205 ], [ -121870.99834030411148, 5313856.912874210625887 ], [ -121857.696106432253146, 5313849.322146829217672 ], [ -121844.419476043287432, 5313843.719993023201823 ], [ -121831.528345051003271, 5313838.481697551906109 ], [ -121818.988427052128827, 5313832.481136878021061 ], [ -121806.4370431456191, 5313826.105155262164772 ], [ -121793.523091657829355, 5313820.116020549088717 ], [ -121779.508524364355253, 5313812.978694255463779 ], [ -121766.220539387388271, 5313807.001138197258115 ], [ -121754.745503637284855, 5313799.089072814211249 ], [ -121741.740938083792571, 5313792.030622800812125 ], [ -121728.781122965854593, 5313784.539969582110643 ], [ -121716.302208047854947, 5313773.699899889528751 ], [ -121703.03726620550151, 5313768.472909369505942 ], [ -121689.047189199889544, 5313764.019754462875426 ], [ -121675.454077498696279, 5313760.30572350230068 ], [ -121660.307279664237285, 5313754.761017212644219 ], [ -121645.557558453772799, 5313749.955435217358172 ], [ -121631.578947355854325, 5313745.877558442763984 ], [ -121616.852269279799657, 5313741.822671539150178 ], [ -121603.25926889810944, 5313738.108649395406246 ], [ -121589.280657800234621, 5313734.030625551007688 ], [ -121575.313623929367168, 5313730.328024412505329 ], [ -121560.235732859902782, 5313727.035251499153674 ], [ -121544.772453713288996, 5313723.3786292206496 ], [ -121530.45431816848577, 5313720.438291250728071 ], [ -121516.72072126987041, 5313716.242746916599572 ], [ -121500.492231943513616, 5313711.783679584041238 ], [ -121485.414452193552279, 5313708.490913202986121 ], [ -121472.195596620425931, 5313704.765029702335596 ], [ -121458.251605884011951, 5313701.812975228764117 ], [ -121442.448690971097676, 5313699.293887453153729 ], [ -121428.901665538913221, 5313697.080951537005603 ], [ -121413.823997108411277, 5313693.787885853089392 ], [ -121398.383649776878883, 5313690.881810778751969 ], [ -121382.592312090942869, 5313688.737992967478931 ], [ -121368.68271907743474, 5313686.91174435429275 ], [ -121354.773126063708332, 5313685.085648335516453 ], [ -121340.829135327512631, 5313682.1334478398785 ], [ -121325.902638765546726, 5313679.175615466199815 ], [ -121311.375779175432399, 5313677.753560514189303 ], [ -121298.389136059966404, 5313675.494349361397326 ], [ -121283.572623154963367, 5313672.630145388655365 ], [ -121269.674607368346187, 5313671.179166238754988 ], [ -121253.470830969003146, 5313667.138774320483208 ], [ -121238.064992679632269, 5313665.358505729585886 ], [ -121223.418798595448607, 5313663.930515604093671 ], [ -121208.036003440691275, 5313662.900931812822819 ], [ -121192.279063477355521, 5313661.882765969261527 ], [ -121178.42691132107575, 5313661.933156649582088 ], [ -121162.341690179353463, 5313662.427776979282498 ], [ -121147.004758654846228, 5313662.899561676196754 ], [ -121133.164072406070773, 5313663.325218362733722 ], [ -121119.428137798022362, 5313661.810453056357801 ], [ -121103.199648471796536, 5313661.633705079555511 ], [ -121089.358962222933769, 5313662.059209470637143 ], [ -121075.52974188166263, 5313662.860132104717195 ], [ -121060.940877335160621, 5313663.308776689693332 ], [ -121045.012171397625934, 5313664.380987090989947 ], [ -121031.217237459641183, 5313666.308012715540826 ], [ -121015.19324203778524, 5313668.369160249829292 ], [ -121001.263722835399676, 5313669.359162804670632 ], [ -120989.273945760025526, 5313671.04763272870332 ], [ -120973.78450653301843, 5313673.746505852788687 ], [ -120959.183508162241196, 5313675.593456254340708 ], [ -120944.395047768673976, 5313676.127506933175027 ], [ -120930.460519189116894, 5313677.335362829267979 ], [ -120915.010598381457385, 5313678.290503838099539 ], [ -120898.914133971295087, 5313679.012720818631351 ], [ -120885.009216376303812, 5313678.912548223510385 ], [ -120873.962426707556006, 5313677.351347812451422 ], [ -120861.012519023992354, 5313677.642426799051464 ], [ -120846.052292656357167, 5313677.471920278854668 ], [ -120831.463428109724191, 5313677.92010885104537 ], [ -120815.752351776769501, 5313678.402703228406608 ], [ -120801.163487230267492, 5313678.850891839712858 ], [ -120787.334155569580616, 5313679.651359195820987 ], [ -120772.768111518656951, 5313680.850233505479991 ], [ -120757.83949988646782, 5313682.435792584903538 ], [ -120743.296387650785618, 5313684.38520092703402 ], [ -120729.115954316061107, 5313685.947772653773427 ], [ -120715.309554470339208, 5313687.498926784843206 ], [ -120701.480222809695988, 5313688.2992426417768 ], [ -120687.639425241315621, 5313688.72429153509438 ], [ -120673.050560694944579, 5313689.172176167368889 ], [ -120659.209874446125468, 5313689.597072860226035 ], [ -120644.632364487653831, 5313690.420376864261925 ], [ -120616.720783283206401, 5313695.868221466429532 ], [ -120603.811618533392902, 5313695.713851869106293 ], [ -120594.686537233981653, 5313669.866875982843339 ], [ -120584.955766585277161, 5313639.112599682062864 ], [ -120584.28228366599069, 5313611.401030452921987 ], [ -120585.295736310246866, 5313595.504316071048379 ], [ -120588.658586807578104, 5313581.40614934079349 ], [ -120594.632547280940344, 5313567.149830493144691 ], [ -120609.809178738854825, 5313542.793293584138155 ], [ -120618.035243830454419, 5313530.142661956138909 ], [ -120627.791840601013973, 5313518.572157366201282 ], [ -120639.067614462517668, 5313507.706363801844418 ], [ -120649.980709422961809, 5313497.227564292028546 ], [ -120660.870872568222694, 5313485.997954243794084 ], [ -120671.40993403957691, 5313475.530444427393377 ], [ -120680.452638915783609, 5313465.109073388390243 ], [ -120688.338845601916546, 5313453.595889373682439 ], [ -120696.881503325508675, 5313439.057218936271966 ], [ -120703.225601105819806, 5313426.088711101561785 ], [ -120709.12698127112526, 5313410.879646543413401 ], [ -120713.192369074953604, 5313396.854069043882191 ], [ -120716.135545091994572, 5313382.862917279824615 ], [ -120719.055789294070564, 5313368.121278097853065 ], [ -120722.281382859306177, 5313351.115962399169803 ], [ -120725.144408842956182, 5313334.497500094585121 ], [ -120728.438686533991131, 5313319.744367520324886 ], [ -120731.393217139207991, 5313306.128735031932592 ], [ -120735.072994226837181, 5313291.739480930380523 ], [ -120739.103984307977953, 5313276.588026141747832 ], [ -120743.883041367196711, 5313261.413609 ], [ -120749.058952411054634, 5313246.978449958376586 ], [ -120755.492662381511764, 5313222.534453307278454 ], [ -120760.318696265880135, 5313191.988528922200203 ], [ -120763.049808653027867, 5313174.143377418629825 ], [ -120768.225719696973101, 5313159.708353101275861 ], [ -120774.512265300421859, 5313144.863397578708827 ], [ -120781.581275604839902, 5313131.121669607236981 ], [ -120790.112133462214842, 5313116.207952041178942 ], [ -120796.852862588333664, 5313103.978961903601885 ], [ -120804.295795062193065, 5313090.225724656134844 ], [ -120814.183414873405127, 5313079.882723887450993 ], [ -120838.05343064526096, 5313045.432472667656839 ], [ -120846.698613619781099, 5313034.272059784270823 ], [ -120854.309638524820912, 5313021.588626119308174 ], [ -120864.271397116914159, 5313008.937177349813282 ], [ -120867.706827922345838, 5312996.163355291821063 ], [ -120869.338437698825146, 5312986.58920343965292 ], [ -120860.368981047649868, 5312974.843093105591834 ], [ -120849.930663715538685, 5312965.663533833809197 ], [ -120832.390051551148645, 5312958.414364514872432 ], [ -120810.269866855131113, 5312947.274606008082628 ], [ -120793.991617716455949, 5312941.268528186716139 ], [ -120783.081305743355188, 5312935.429446013644338 ], [ -120772.184574748069281, 5312921.864150901325047 ], [ -120765.005469467316289, 5312907.433321656659245 ], [ -120760.013346902589547, 5312891.056924728676677 ], [ -120757.334109398027067, 5312876.86361391376704 ], [ -120754.97179848421365, 5312860.782129691913724 ], [ -120753.248238808038877, 5312844.119632595218718 ], [ -120752.790493061940651, 5312829.106665937229991 ], [ -120752.321281408207142, 5312813.718491458334029 ], [ -120751.874890250139288, 5312799.081109373830259 ], [ -120751.043111014907481, 5312784.079783999361098 ], [ -120750.516569823550526, 5312766.815076602622867 ], [ -120750.070289984825649, 5312752.177615715190768 ], [ -120749.623898826772347, 5312737.540329956449568 ], [ -120747.515618990786606, 5312720.3980952790007 ], [ -120745.88812803530891, 5312705.96879471372813 ], [ -120744.497524956328562, 5312690.672917115502059 ], [ -120743.526373718603281, 5312676.040750947780907 ], [ -120743.108480350259924, 5312656.187871066853404 ], [ -120743.24874290866137, 5312630.896330365911126 ], [ -120745.88601296498382, 5312610.45932368375361 ], [ -120751.424157632078277, 5312595.638225345872343 ], [ -120758.515543153946055, 5312582.647901926189661 ], [ -120767.454275625641458, 5312568.849460992030799 ], [ -120775.713625245043659, 5312557.325963952578604 ], [ -120785.060677609144477, 5312544.641959420405328 ], [ -120793.705415305550559, 5312533.482296423986554 ], [ -120804.945455610475619, 5312521.49153018463403 ], [ -120815.822817014355678, 5312509.887567674741149 ], [ -120827.810812977870228, 5312497.873846654780209 ], [ -120838.360004522954114, 5312487.782509500160813 ], [ -120850.008253400519607, 5312476.906192826107144 ], [ -120860.896969392619212, 5312465.677503581158817 ], [ -120871.446049618054531, 5312455.586353388614953 ], [ -120882.777483224766911, 5312446.59803287871182 ], [ -120892.963884549419163, 5312436.893536390736699 ], [ -120903.138931285910076, 5312426.813681360334158 ], [ -120919.128862943340209, 5312415.775324039161205 ], [ -120933.748229030315997, 5312403.462617078796029 ], [ -120921.402340903892764, 5312363.494722124189138 ], [ -120888.194289646853576, 5312333.298351901583374 ], [ -120848.423397810154711, 5312325.875537721440196 ], [ -120825.278739840403432, 5312329.242250905372202 ], [ -120806.477323123152019, 5312331.23019225616008 ], [ -120794.507249597780174, 5312333.582691545598209 ], [ -120779.360117805044865, 5312332.552493142895401 ], [ -120764.213765248801792, 5312329.807276766747236 ], [ -120751.607834791779169, 5312324.092023499310017 ], [ -120738.242482768720947, 5312315.486956507898867 ], [ -120724.854198930377606, 5312306.131169881671667 ], [ -120711.851525808335282, 5312297.139187633059919 ], [ -120699.234240763325943, 5312288.511008711531758 ], [ -120686.254499456277699, 5312280.269616606645286 ], [ -120673.10722231559339, 5312275.607570113614202 ], [ -120659.53281228907872, 5312269.786560514010489 ], [ -120645.04558243759675, 5312261.215791847556829 ], [ -120631.749025859884568, 5312254.862343808636069 ], [ -120616.559592660647468, 5312247.815714368596673 ], [ -120601.427377679647179, 5312242.645439479500055 ], [ -120590.128672003003885, 5312236.638900908641517 ], [ -120572.278591654234333, 5312228.598325275816023 ], [ -120559.56568316675839, 5312223.946198474615812 ], [ -120542.692320030357223, 5312220.724887799471617 ], [ -120528.003490581148071, 5312219.343086962588131 ], [ -120511.886543384549441, 5312218.71078909561038 ], [ -120496.537144077054108, 5312224.900429967790842 ], [ -120481.257208131719381, 5312228.039089677855372 ], [ -120466.946308353872155, 5312227.614868247881532 ], [ -120451.543364371304051, 5312226.63430339563638 ], [ -120440.014227348743589, 5312216.845556294545531 ], [ -120429.766822943289299, 5312198.43207233492285 ], [ -120424.504527974553639, 5312185.445953786373138 ], [ -120419.967368168843677, 5312171.686152277514338 ], [ -120417.491622693443787, 5312156.366185585968196 ], [ -120415.649285120976856, 5312141.287501516751945 ], [ -120408.856681112272781, 5312127.221512970514596 ], [ -120400.387048974764184, 5312106.041440617293119 ], [ -120390.950161781627685, 5312086.293274968862534 ], [ -120380.917270034886315, 5312076.458706770092249 ], [ -120368.323473402459058, 5312068.580983235500753 ], [ -120354.29087235154293, 5312062.625547375530005 ], [ -120340.372485098137986, 5312060.422892498783767 ], [ -120325.02675933385035, 5312060.51787256076932 ], [ -120310.427653394333902, 5312068.437295326031744 ], [ -120296.983153213310288, 5312076.850652419030666 ], [ -120282.802719878673088, 5312088.953942144289613 ], [ -120273.229688948267722, 5312099.07605245243758 ], [ -120262.317818502167938, 5312109.552980904467404 ], [ -120252.126407800606103, 5312119.430660070851445 ], [ -120239.702929988998221, 5312130.70216201338917 ], [ -120228.000468519414426, 5312138.937333795242012 ], [ -120216.72725500636443, 5312147.400527979247272 ], [ -120201.377744379278738, 5312153.589817228727043 ], [ -120192.217708759912057, 5312155.123973741196096 ], [ -120181.053699667201727, 5312158.79261652007699 ], [ -120169.055796269036364, 5312160.915687023662031 ], [ -120162.14185401533905, 5312159.230686230584979 ], [ -120155.686882022186182, 5312156.466037443839014 ], [ -120149.729174194508232, 5312150.386491937562823 ], [ -120141.440992826916045, 5312136.366001354530454 ], [ -120133.889412529970286, 5312121.947495727799833 ], [ -120126.372007316720556, 5312108.654623138718307 ], [ -120118.820427019803901, 5312094.236008025705814 ], [ -120111.699987110769143, 5312081.682468400336802 ], [ -120103.446203465704457, 5312068.787991247139871 ], [ -120095.61198298157251, 5312057.3832265753299 ], [ -120086.598777770632296, 5312044.136413587257266 ], [ -120077.959494729235303, 5312030.878051317296922 ], [ -120070.487953146119253, 5312019.086564803496003 ], [ -120062.631023485853802, 5312006.931309414096177 ], [ -120053.840791214955971, 5311998.06381871085614 ], [ -120043.094564171260572, 5311989.377771308645606 ], [ -120030.161465730794589, 5311982.636980331502855 ], [ -120012.194833875313634, 5311980.535107536241412 ], [ -119995.465629479323979, 5311981.277132963761687 ], [ -119979.768802041013259, 5311982.133620644919574 ], [ -119962.060654043147224, 5311986.95990811381489 ], [ -119948.721796058991458, 5311990.318888766691089 ], [ -119934.169778263938497, 5311991.891527757048607 ], [ -119920.342895631925785, 5311992.690633038058877 ], [ -119906.481837916318909, 5311992.36383702326566 ], [ -119892.892065799809643, 5311988.648074285127223 ], [ -119879.924792275749496, 5311980.781079445034266 ], [ -119868.022623639684753, 5311971.003396600484848 ], [ -119858.001865717349574, 5311961.543690720573068 ], [ -119846.790545841184212, 5311949.866601213812828 ], [ -119836.021832260317751, 5311940.429900378920138 ], [ -119823.848378025082638, 5311934.041053226217628 ], [ -119809.989435379844508, 5311929.390595039352775 ], [ -119794.420402716874378, 5311923.766455493867397 ], [ -119779.051967776424135, 5311923.110128525644541 ], [ -119765.19102138033486, 5311922.783030522987247 ], [ -119732.538677021424519, 5311920.026214310899377 ], [ -119718.178240070017637, 5311915.582463294267654 ], [ -119704.871553418677649, 5311908.852684564888477 ], [ -119693.763204071277869, 5311900.553026547655463 ], [ -119685.675954384700162, 5311893.171652240678668 ], [ -119676.627460895106196, 5311880.317161469720304 ], [ -119669.947623530417331, 5311868.38933374825865 ], [ -119663.387343299109489, 5311851.231340453028679 ], [ -119655.040162601362681, 5311836.212661678902805 ], [ -119648.566377614231897, 5311821.288680242374539 ], [ -119639.927985128742876, 5311808.030329477973282 ], [ -119630.938490969318082, 5311795.533947357907891 ], [ -119620.849716838201857, 5311783.822514109313488 ], [ -119610.82940419386432, 5311774.362693147733808 ], [ -119590.270697995249066, 5311770.837123472243547 ], [ -119573.68342595003196, 5311774.161932138726115 ], [ -119558.923352026788052, 5311777.621901831589639 ], [ -119545.539187009737361, 5311780.66056358627975 ], [ -119532.155021992657566, 5311783.699378536082804 ], [ -119518.408178074576426, 5311787.124800726771355 ], [ -119505.024013057452976, 5311790.163617776706815 ], [ -119489.361583341873484, 5311792.145051834173501 ], [ -119473.993482359874179, 5311791.488125272095203 ], [ -119460.900863089278573, 5311784.866046296432614 ], [ -119450.515088556770934, 5311773.506833321414888 ], [ -119441.185958630827372, 5311762.14763414580375 ], [ -119433.307321669868543, 5311749.241573228500783 ], [ -119426.936061933854944, 5311736.665209108963609 ], [ -119420.904549283572123, 5311722.951425305567682 ], [ -119415.632569519366371, 5311709.590018325485289 ], [ -119409.635343272268074, 5311697.002139894291759 ], [ -119399.547014419164043, 5311685.290677820332348 ], [ -119386.523635871737497, 5311675.546941289678216 ], [ -119372.733822630121722, 5311665.066389489918947 ], [ -119358.374053595834994, 5311660.622150793671608 ], [ -119340.204263669686043, 5311657.151113412342966 ], [ -119325.261625781364273, 5311655.06255560554564 ], [ -119309.380675905238604, 5311656.004857063293457 ], [ -119294.726244178731577, 5311657.235587230883539 ], [ -119276.800132617965573, 5311655.690097010694444 ], [ -119260.756544965857756, 5311653.998794633895159 ], [ -119246.782164008531254, 5311649.918331041932106 ], [ -119233.567204617371317, 5311646.190223556011915 ], [ -119220.441523458168376, 5311640.654837514273822 ], [ -119207.60527297470253, 5311635.85779985319823 ], [ -119192.136316534044454, 5311633.897403155453503 ], [ -119178.037146427595872, 5311636.009852377697825 ], [ -119162.760327428142773, 5311638.354566554538906 ], [ -119149.421803402336081, 5311642.893922691233456 ], [ -119134.995353992926539, 5311648.593234776519239 ], [ -119120.965647248871392, 5311655.031657981686294 ], [ -119108.477492813108256, 5311665.811738401651382 ], [ -119095.581129804631928, 5311672.59126559086144 ], [ -119082.267875303223263, 5311678.677349749952555 ], [ -119067.290394414536422, 5311678.113733076490462 ], [ -119052.628726921204361, 5311672.894610810093582 ], [ -119038.303132970322622, 5311669.575774151831865 ], [ -119024.283333660830976, 5311663.99395168107003 ], [ -119012.099415393648087, 5311657.229042410850525 ], [ -118998.80497388621734, 5311650.873721606098115 ], [ -118985.125032982061384, 5311644.154635490849614 ], [ -118972.461439028964378, 5311635.371201349422336 ], [ -118958.163007033785107, 5311624.139412939548492 ], [ -118943.986803839972708, 5311617.05322895385325 ], [ -118931.305621407096623, 5311611.091688034124672 ], [ -118915.205038175801747, 5311603.902319482527673 ], [ -118900.482924198877299, 5311599.84409955330193 ], [ -118886.486056704481598, 5311595.012684705667198 ], [ -118873.123598988051526, 5311590.343369602225721 ], [ -118840.987554427585565, 5311589.60137518774718 ], [ -118818.420310656481888, 5311600.101628962904215 ], [ -118806.467602971490123, 5311607.555068994872272 ], [ -118785.581172191756195, 5311612.86106348503381 ], [ -118771.775217624177458, 5311615.819307784549892 ], [ -118756.485151605374995, 5311615.780191251076758 ], [ -118742.686766762970365, 5311615.744727627374232 ], [ -118727.397702619520715, 5311615.331340483389795 ], [ -118712.112423338738154, 5311613.421023321337998 ], [ -118698.694639835361158, 5311610.393070206046104 ], [ -118683.041226998495404, 5311606.610793765634298 ], [ -118668.511473101651063, 5311600.960364797152579 ], [ -118654.198458253536955, 5311597.059829585254192 ], [ -118638.474691498457105, 5311590.851426525041461 ], [ -118625.352461243091966, 5311585.49141213670373 ], [ -118613.949337884303532, 5311580.649198231287301 ], [ -118599.521330001953174, 5311575.082801415584981 ], [ -118586.153974228174775, 5311570.631147501990199 ], [ -118573.112116645279457, 5311566.481315437704325 ], [ -118558.575794898424647, 5311563.450029040686786 ], [ -118543.123870339855785, 5311561.414915595203638 ], [ -118527.752875051170122, 5311559.469298238866031 ], [ -118513.993340711167548, 5311562.639545172452927 ], [ -118496.240330958447885, 5311569.424020294100046 ], [ -118483.062106999292155, 5311575.660262417979538 ], [ -118470.612135149043752, 5311580.944169259630144 ], [ -118454.442311194405193, 5311582.629370268434286 ], [ -118438.389372704972629, 5311581.60382070299238 ], [ -118420.279917942898464, 5311579.197326008230448 ], [ -118405.160949981232989, 5311571.677547770552337 ], [ -118395.195963123886031, 5311560.981439987197518 ], [ -118388.518018190661678, 5311549.053106311708689 ], [ -118384.206391673302278, 5311534.225775436498225 ], [ -118373.434561146685155, 5311521.708450755104423 ], [ -118364.878211125716916, 5311509.478349267505109 ], [ -118353.181204311127658, 5311498.52402498293668 ], [ -118340.697280016058357, 5311489.30177603662014 ], [ -118329.071740314742783, 5311476.653922046534717 ], [ -118315.668873623071704, 5311468.012345269322395 ], [ -118301.1472460491932, 5311459.36803684104234 ], [ -118286.994753906794358, 5311452.221249201335013 ], [ -118272.46444341239112, 5311446.94456856418401 ], [ -118258.218888175586471, 5311442.908181566745043 ], [ -118242.500576075457502, 5311438.431020708754659 ], [ -118226.470903359979275, 5311436.143736612051725 ], [ -118211.558878331663436, 5311434.233760453760624 ], [ -118197.01888304160093, 5311432.698808982037008 ], [ -118179.870449443391408, 5311430.408634461462498 ], [ -118165.70437632316316, 5311428.500485889613628 ], [ -118148.927861143587506, 5311426.585488650016487 ], [ -118133.642025265202392, 5311425.048559818416834 ], [ -118117.237539824098349, 5311423.508587212301791 ], [ -118094.220565310170059, 5311415.838255012407899 ], [ -118079.681571895707748, 5311413.928891805931926 ], [ -118065.14358035652549, 5311411.645418727770448 ], [ -118051.353433156502433, 5311408.615552322939038 ], [ -118035.327767942333594, 5311404.831226667389274 ], [ -118021.540515049258829, 5311400.678728555329144 ], [ -118007.009425318508875, 5311395.775882204994559 ], [ -117991.734610069717746, 5311390.122536599636078 ], [ -117977.576440633303719, 5311385.220608988776803 ], [ -117963.788297184088151, 5311381.442228622734547 ], [ -117949.255315022077411, 5311377.287610087543726 ], [ -117935.467282892466756, 5311373.509080725722015 ], [ -117890.303073046248755, 5311363.086551290005445 ], [ -117852.660721192893106, 5311375.077049987390637 ], [ -117797.335490866156761, 5311390.799677670933306 ], [ -117742.374386593844974, 5311403.688654063269496 ], [ -117724.639744556960068, 5311406.11869475338608 ], [ -117710.167320197913796, 5311402.512292992323637 ], [ -117695.629773936918355, 5311401.738807891495526 ], [ -117679.27104080611025, 5311404.249362383037806 ], [ -117665.462191931757843, 5311408.328501183539629 ], [ -117650.909394900358166, 5311411.657138209789991 ], [ -117637.102438457339304, 5311414.98790723644197 ], [ -117620.374458575723111, 5311424.410684200003743 ], [ -117606.234100257846876, 5311434.91212232876569 ], [ -117592.422023118197103, 5311440.113760816864669 ], [ -117580.955336329934653, 5311447.478491980582476 ], [ -117567.771769035389298, 5311453.931235910393298 ], [ -117555.019453447981505, 5311459.315222796052694 ], [ -117541.190678384678904, 5311466.457754199393094 ], [ -117527.382608746644109, 5311470.162503127939999 ], [ -117513.572535357932793, 5311474.615631241351366 ], [ -117497.89886237369501, 5311478.68947365693748 ], [ -117484.361299098352902, 5311481.645392483100295 ], [ -117470.459943726964411, 5311484.088238417170942 ], [ -117456.654879715293646, 5311486.67035009060055 ], [ -117442.69608348676411, 5311486.702616979368031 ], [ -117428.515984110403224, 5311490.032042912207544 ], [ -117413.962964440157521, 5311493.360404611565173 ], [ -117399.783978258768911, 5311496.315567061305046 ], [ -117385.977801052256837, 5311499.271643661893904 ], [ -117372.494784327442176, 5311506.306750527583063 ], [ -117359.061527414814918, 5311509.263895705342293 ], [ -117344.13848175694875, 5311511.468551616184413 ], [ -117329.589469588405336, 5311513.300006933510303 ], [ -117314.66753712548234, 5311515.130397192202508 ], [ -117299.746606537970365, 5311516.58667335100472 ], [ -117284.078833486652002, 5311518.414933415129781 ], [ -117269.579692449973663, 5311516.16857230477035 ], [ -117256.618875456420938, 5311512.76151367649436 ], [ -117243.29259657447983, 5311506.564581770449877 ], [ -117229.12296123059059, 5311499.257945434190333 ], [ -117211.554853151974385, 5311488.601797483861446 ], [ -117198.122264156278106, 5311477.605794263072312 ], [ -117184.003056541681872, 5311468.119952080771327 ], [ -117172.040107463413733, 5311459.338357477448881 ], [ -117157.82238209953357, 5311452.541329465806484 ], [ -117143.6727842635446, 5311444.644497448578477 ], [ -117125.941815770056564, 5311442.349297349341214 ], [ -117113.757452224643202, 5311443.155813552439213 ], [ -117096.190012063234462, 5311441.874732836149633 ], [ -117082.913381674225093, 5311438.817308164201677 ], [ -117069.115442109905416, 5311438.779409984126687 ], [ -117053.452789755450794, 5311438.736489156261086 ], [ -117037.789246844811714, 5311439.067527470178902 ], [ -117023.042531260405667, 5311439.081377807073295 ], [ -117010.102976289650542, 5311437.061207167804241 ], [ -116994.812242353640613, 5311437.393310833722353 ], [ -116979.897545657775481, 5311436.603841691277921 ], [ -116965.357773006719071, 5311435.067063416354358 ], [ -116951.939878183969995, 5311432.410691697150469 ], [ -116938.321274319387157, 5311429.477009826339781 ], [ -116923.445205486626946, 5311424.551774793304503 ], [ -116911.76556451273791, 5311422.317460125312209 ], [ -116897.712703314420651, 5311419.37373614590615 ], [ -116883.195305880959495, 5311417.727223651483655 ], [ -116870.447331753835897, 5311417.782624881714582 ], [ -116854.34229574285564, 5311415.964734167791903 ], [ -116841.294426907435991, 5311416.532748877070844 ], [ -116827.741612861937028, 5311420.141286858357489 ], [ -116811.098681071322062, 5311425.858270755968988 ], [ -116803.196221739402972, 5311429.380514161661267 ], [ -116791.086887530938839, 5311408.167472499422729 ], [ -116774.291893315923517, 5311392.295811070129275 ], [ -116759.416826358632534, 5311381.552421849220991 ], [ -116747.443190609570593, 5311369.648973478004336 ], [ -116733.063384066714207, 5311362.128754918463528 ], [ -116718.525949125018087, 5311359.843315880745649 ], [ -116703.24156040023081, 5311357.929702499881387 ], [ -116689.447850976474001, 5311356.394611351191998 ], [ -116675.654030233286903, 5311354.859368255361915 ], [ -116661.859318934235489, 5311353.698385539464653 ], [ -116648.061490689433413, 5311353.659878906793892 ], [ -116632.399060973679298, 5311353.616197466850281 ], [ -116618.228312434817781, 5311353.576625432819128 ], [ -116602.938691693751025, 5311353.534009393304586 ], [ -116588.022102566537797, 5311353.492306557483971 ], [ -116574.223272446135525, 5311353.827907857485116 ], [ -116560.42544420142076, 5311353.789249023422599 ], [ -116546.625500886177178, 5311354.498958293348551 ], [ -116527.43491122937121, 5311356.416223779320717 ], [ -116513.127239716690383, 5311356.333426882512867 ], [ -116499.241246435092762, 5311355.573339213617146 ], [ -116484.673532591987168, 5311356.105278814211488 ], [ -116467.05087796295993, 5311357.220145168714225 ], [ -116445.889488041066215, 5311354.886764284223318 ], [ -116424.176398722964223, 5311348.949285876937211 ], [ -116385.11694975172577, 5311337.579187344759703 ], [ -116333.795547550384072, 5311338.558897987939417 ], [ -116313.710839743464021, 5311337.074492574669421 ], [ -116297.426022754822043, 5311337.074492573738098 ], [ -116283.312492434153683, 5311333.734771504998207 ], [ -116274.83996598982776, 5311331.544159869663417 ], [ -116266.468406323590898, 5311329.524316856637597 ], [ -116258.096957977046259, 5311324.811300789006054 ], [ -116249.970635149176815, 5311320.685320937074721 ], [ -116235.264439859456616, 5311308.542388166300952 ], [ -116222.976215229195077, 5311302.146362687461078 ], [ -116209.562884505619877, 5311297.992235971614718 ], [ -116195.39536423177924, 5311296.829433926381171 ], [ -116180.105966129834997, 5311296.786057150922716 ], [ -116166.306134134050808, 5311297.495305499993265 ], [ -116151.012505891514593, 5311298.948503783904016 ], [ -116136.463605042299605, 5311300.778091097250581 ], [ -116121.362002921363455, 5311301.980769852176309 ], [ -116108.738372665218776, 5311302.993656216189265 ], [ -116093.350456814077916, 5311304.031503382138908 ], [ -116078.057830446734442, 5311305.110444481484592 ], [ -116057.359863565041451, 5311309.055300165899098 ], [ -116044.661203972369549, 5311306.331996515393257 ], [ -116030.122878474794561, 5311304.41961167473346 ], [ -116014.09409631487506, 5311302.128707567229867 ], [ -115994.97586432711978, 5311300.360151895321906 ], [ -115979.302859259871184, 5311304.057225066237152 ], [ -115964.741267988618347, 5311310.376695539802313 ], [ -115952.063536460191244, 5311315.530778518877923 ], [ -115937.17243949630938, 5311320.632964273914695 ], [ -115923.235907165901153, 5311322.051008042879403 ], [ -115911.255146969211637, 5311320.307713736779988 ], [ -115896.24705322056252, 5311314.87845141813159 ], [ -115890.046668902796227, 5311310.590840141288936 ], [ -115885.013580765662482, 5311304.969355689361691 ], [ -115876.350364033685764, 5311294.827253513969481 ], [ -115867.43244830655749, 5311283.575935993343592 ], [ -115855.898858504544478, 5311274.188154449686408 ], [ -115842.478180694408366, 5311272.183087108656764 ], [ -115828.688033494603587, 5311269.524174270220101 ], [ -115814.515281204585335, 5311270.231746369041502 ], [ -115801.512051485100528, 5311274.547495925799012 ], [ -115785.394547691044863, 5311280.015088965184987 ], [ -115769.861582543089753, 5311285.199442819692194 ], [ -115756.426099240983604, 5311288.902597958222032 ], [ -115741.502163027209463, 5311291.478719981387258 ], [ -115727.330412612733198, 5311291.812036071904004 ], [ -115712.787968294040184, 5311291.395923658274114 ], [ -115699.30083274806384, 5311292.170008431188762 ], [ -115686.285357884451514, 5311287.5650725197047 ], [ -115673.257192599063274, 5311279.295188019052148 ], [ -115661.348790071337135, 5311270.654554582200944 ], [ -115648.324854926628177, 5311260.887963621877134 ], [ -115632.736341352836462, 5311255.380657942034304 ], [ -115618.577615318761673, 5311251.223508032038808 ], [ -115604.780009712849278, 5311251.183479834347963 ], [ -115590.36892239341978, 5311249.500469322316349 ], [ -115579.0734449820593, 5311249.453744400292635 ], [ -115562.158114397476311, 5311248.185018286108971 ], [ -115546.080796939699212, 5311248.244071272201836 ], [ -115532.200146993534872, 5311247.26467448938638 ], [ -115520.002091150847264, 5311244.094382252544165 ], [ -115505.841361366183264, 5311240.685444159433246 ], [ -115492.808965940028429, 5311233.912165768444538 ], [ -115481.275821415852988, 5311224.523977480828762 ], [ -115473.478336363710696, 5311212.90153397899121 ], [ -115467.926944677426945, 5311198.292226384393871 ], [ -115464.236926196608692, 5311184.811028590425849 ], [ -115462.041705838142661, 5311170.211505489423871 ], [ -115459.378053062479012, 5311155.94896915461868 ], [ -115458.802976573075284, 5311140.891531305387616 ], [ -115458.8441647846048, 5311126.672720056027174 ], [ -115455.646623731023283, 5311110.948710017837584 ], [ -115454.032602434061118, 5311096.30349123198539 ], [ -115451.746768010038068, 5311082.514396287500858 ], [ -115452.626525945786852, 5311072.724107081070542 ], [ -115456.855442081621732, 5311049.713079191744328 ], [ -115441.727011963215773, 5311055.680806698277593 ], [ -115428.507043195015285, 5311063.655538759194314 ], [ -115415.307334574361448, 5311070.758653764612973 ], [ -115402.531753213508637, 5311078.3077074252069 ], [ -115391.58693219810084, 5311086.082625715993345 ], [ -115379.47236597360461, 5311094.6791040180251 ], [ -115366.768697003717534, 5311103.248042735271156 ], [ -115356.295870629532146, 5311114.068580165505409 ], [ -115345.979670778498985, 5311124.863865512423217 ], [ -115336.622265702055302, 5311136.810073993168771 ], [ -115328.010589894343866, 5311148.758732880465686 ], [ -115319.771834380575456, 5311160.708320214413106 ], [ -115309.398082353131031, 5311150.249805066734552 ], [ -115293.342472195959999, 5311140.061907272785902 ], [ -115267.540729300482781, 5311137.930088895373046 ], [ -115243.146955324380542, 5311140.627774474211037 ], [ -115229.417588566400809, 5311142.485639400780201 ], [ -115217.016374653001549, 5311143.284519912675023 ], [ -115203.736404679351836, 5311144.498897563666105 ], [ -115189.562539194608689, 5311146.78230542037636 ], [ -115176.257299696560949, 5311149.086108205839992 ], [ -115161.442233944850159, 5311150.918405746109784 ], [ -115148.868586140306434, 5311154.61511545162648 ], [ -115133.945763121460914, 5311156.816035041585565 ], [ -115120.141700985172065, 5311159.020455677993596 ], [ -115104.10011708374077, 5311161.218180163763463 ], [ -115089.5491011642589, 5311163.794419218786061 ], [ -115073.865520745501271, 5311164.149799325503409 ], [ -115060.062571804010076, 5311165.979816865175962 ], [ -115044.024327487350092, 5311167.054937114007771 ], [ -115029.853912906881305, 5311167.01293071359396 ], [ -115015.802053584120586, 5311164.066395339556038 ], [ -115003.445367466963944, 5311159.854647301137447 ], [ -114989.290426295789075, 5311154.574174487963319 ], [ -114977.010995905395248, 5311145.557425896637142 ], [ -114965.853665981994709, 5311135.421432251110673 ], [ -114957.235533643819508, 5311123.771095330826938 ], [ -114948.31795187536045, 5311112.893473094329238 ], [ -114939.401371982326964, 5311101.641613447107375 ], [ -114930.483678894481272, 5311090.763864750042558 ], [ -114918.19701273694227, 5311083.065953607670963 ], [ -114903.999436200771015, 5311077.063508026301861 ], [ -114889.493170716552413, 5311074.978275860659778 ], [ -114874.452571676461957, 5311067.865873724222183 ], [ -114853.769855565042235, 5311056.638571689836681 ], [ -114844.092963549948763, 5311049.87881975620985 ], [ -114833.678579908053507, 5311040.124330542050302 ], [ -114823.268203768209787, 5311028.873775995336473 ], [ -114814.355742696425295, 5311015.38292973767966 ], [ -114806.932736411385122, 5311002.644247753545642 ], [ -114797.843945265791262, 5310990.192925805225968 ], [ -114787.384811188851018, 5310977.948452103883028 ], [ -114776.976661438660813, 5310965.949787462130189 ], [ -114766.300454354641261, 5310953.261853277683258 ], [ -114752.000463887059595, 5310943.984439144842327 ], [ -114736.682567995274439, 5310935.318394799716771 ], [ -114723.279144706437364, 5310927.800047380849719 ], [ -114708.808278820069972, 5310923.782451982609928 ], [ -114693.542591769713908, 5310918.465890497900546 ], [ -114679.399561783880927, 5310908.701189216226339 ], [ -114668.445946528940112, 5310897.992903204634786 ], [ -114655.042634559431463, 5310890.47443359810859 ], [ -114640.893370681980741, 5310882.953991529531777 ], [ -114627.487943642292521, 5310876.18355946149677 ], [ -114613.334783582817181, 5310870.159330959431827 ], [ -114599.183515954820905, 5310863.386777460575104 ], [ -114586.519810682133539, 5310858.11469039041549 ], [ -114575.827350952371489, 5310850.334026110358536 ], [ -114560.930465374869527, 5310843.559508472681046 ], [ -114549.054902097210288, 5310834.558887643739581 ], [ -114532.379576334715239, 5310825.234564064070582 ], [ -114517.480687006493099, 5310819.208085502497852 ], [ -114502.540720785982558, 5310817.112105232663453 ], [ -114487.927588590770029, 5310813.431052434258163 ], [ -114471.793164234128199, 5310809.081272601149976 ], [ -114457.638000423889025, 5310803.804954786784947 ], [ -114444.974406470631948, 5310798.532596917822957 ], [ -114432.79861452622572, 5310792.329593994654715 ], [ -114419.389291304265498, 5310787.055264112539589 ], [ -114403.74266895634355, 5310781.774545189924538 ], [ -114390.331341983532184, 5310777.248238798230886 ], [ -114373.938990366732469, 5310771.965394741855562 ], [ -114357.548753820199636, 5310765.934536975808442 ], [ -114343.391697578626918, 5310761.405955390073359 ], [ -114329.23453001746384, 5310756.877528188750148 ], [ -114315.075470024894457, 5310753.097118790261447 ], [ -114300.918413783365395, 5310748.56854342110455 ], [ -114285.271902754873736, 5310743.287694036029279 ], [ -114269.495370561126038, 5310740.982773677445948 ], [ -114258.631812774227001, 5310740.406886104494333 ], [ -114237.456841874416568, 5310742.426601900719106 ], [ -114220.221467753945035, 5310745.119455512613058 ], [ -114207.051704076104215, 5310750.065030663274229 ], [ -114191.38638005386747, 5310751.516926375217736 ], [ -114176.462666479113977, 5310754.466984353028238 ], [ -114162.282567102694884, 5310758.167342131026089 ], [ -114149.589696123512113, 5310763.367995508946478 ], [ -114136.896936463788734, 5310768.568651775829494 ], [ -114124.195605203247396, 5310776.761837151832879 ], [ -114111.884671396954218, 5310780.127992737106979 ], [ -114099.573626271056128, 5310782.147717112675309 ], [ -114079.921172047033906, 5310783.852102442644536 ], [ -114067.480662353496882, 5310784.639842391014099 ], [ -114054.037720645224908, 5310791.334569276310503 ], [ -114040.594778937142109, 5310798.029148760251701 ], [ -114027.897677817134536, 5310804.726015905849636 ], [ -114014.456851179274963, 5310810.672432512976229 ], [ -114001.76386888048728, 5310815.872962889261544 ], [ -113986.087746867444366, 5310821.064973439089954 ], [ -113972.07507200553664, 5310825.748514900915325 ], [ -113961.431481532257749, 5310825.715184950269759 ], [ -113947.825011492168414, 5310822.341707765124738 ], [ -113931.978348019285477, 5310831.124074037186801 ], [ -113919.367853463147185, 5310840.854907752946019 ], [ -113905.373991595086409, 5310848.438627807423472 ], [ -113891.939398848713608, 5310852.140696873888373 ], [ -113878.502691031884751, 5310856.590791291557252 ], [ -113862.826457699338789, 5310861.78267224971205 ], [ -113844.926172260398744, 5310865.694315250962973 ], [ -113831.393618362169946, 5310868.426774331368506 ], [ -113816.543041692784755, 5310871.782157257199287 ], [ -113799.687378355389228, 5310877.270365213043988 ], [ -113788.150560288035194, 5310883.60872358828783 ], [ -113776.936123466133722, 5310893.301868129521608 ], [ -113771.474900567176519, 5310903.855673058889806 ], [ -113763.643017792302999, 5310922.856052378192544 ], [ -113753.733468041595188, 5310934.784044036641717 ], [ -113741.818720302879228, 5310945.668155656196177 ], [ -113728.329692325685755, 5310951.169343419373035 ], [ -113714.890646799569367, 5310956.367516816593707 ], [ -113697.639353991806274, 5310958.358819023706019 ], [ -113684.318641084537376, 5310961.314116827212274 ], [ -113668.682371449162019, 5310963.340424656867981 ], [ -113653.753759816783713, 5310967.786006166599691 ], [ -113636.873717510898132, 5310968.505730943754315 ], [ -113623.436675735807512, 5310972.955576336942613 ], [ -113609.868388280883664, 5310979.529443743638694 ], [ -113596.433461576016271, 5310983.231108113192022 ], [ -113582.250579212617595, 5310987.678677599877119 ], [ -113500.692020324480836, 5311010.733841485343874 ], [ -113468.557088958550594, 5311018.781436478719115 ], [ -113336.832067586059566, 5311320.904944960027933 ], [ -113268.322936006006785, 5311284.419270665384829 ], [ -113251.93859939261165, 5311276.328679223544896 ], [ -113250.092588276835158, 5311269.964180917479098 ], [ -113248.995757334007067, 5311262.479504794813693 ], [ -113242.675481924845371, 5311255.914722624234855 ], [ -113230.767635994634475, 5311247.276241566985846 ], [ -113218.291726702926098, 5311241.628464859910309 ], [ -113204.690043400856666, 5311238.409014497883618 ], [ -113191.088360098787234, 5311235.189413045533001 ], [ -113181.600154620537069, 5311228.054211563430727 ], [ -113179.570466344739543, 5311220.753880723379552 ], [ -113178.67868590427679, 5311206.910724297165871 ], [ -113173.296165885243681, 5311198.478364064358175 ], [ -113168.11435490839358, 5311185.183760001324117 ], [ -113164.61057393559895, 5311171.894045145250857 ], [ -113163.160526248684619, 5311157.675338962115347 ], [ -113159.85667508134793, 5311143.236121356487274 ], [ -113154.922438651934499, 5311130.42010161280632 ], [ -113154.510333897022065, 5311120.119904522784054 ], [ -113155.853514872898813, 5311106.032926680520177 ], [ -113154.6612831264938, 5311095.163391455076635 ], [ -113154.264651780875283, 5311084.206660695374012 ], [ -113159.321673608719721, 5311067.701806991361082 ], [ -113154.882363635348156, 5311055.531655317172408 ], [ -113150.753523721752572, 5311047.997382974252105 ], [ -113149.929759489969001, 5311027.649520694278181 ], [ -113145.868379187755636, 5311013.797366200946271 ], [ -113141.431963521157741, 5311000.69220227189362 ], [ -113134.941925888400874, 5310988.51620221324265 ], [ -113129.014496962132398, 5310975.219765872694552 ], [ -113124.206274196360027, 5310961.739498374052346 ], [ -113115.662614597385982, 5310950.492538563907146 ], [ -113104.315150983893545, 5310941.66866359859705 ], [ -113091.282644238366629, 5310935.271367060951889 ], [ -113077.873988933366491, 5310929.994978061877191 ], [ -113064.27386410406325, 5310926.401239724829793 ], [ -113050.858084351624711, 5310923.556140783242881 ], [ -113036.878026100326679, 5310922.392776513472199 ], [ -113022.709281312127132, 5310921.976832729764283 ], [ -113008.354076376970625, 5310921.560280193574727 ], [ -112994.002211026498117, 5310920.021455835551023 ], [ -112980.21139590954408, 5310917.923322272486985 ], [ -112966.224769808293786, 5310919.004045151174068 ], [ -112953.158199298326508, 5310924.202048481442034 ], [ -112941.390059329278301, 5310931.648405591957271 ], [ -112932.392327527471934, 5310924.50947864446789 ], [ -112919.165790909333737, 5310920.729610262438655 ], [ -112906.315402850625105, 5310915.828689618036151 ], [ -112893.091649219830288, 5310911.113751305267215 ], [ -112879.492303626975627, 5310907.332822990603745 ], [ -112864.686700031976216, 5310902.401775190606713 ], [ -112852.666866693951306, 5310899.584839208051562 ], [ -112839.629016612787382, 5310895.057410456240177 ], [ -112826.779853068568627, 5310889.782261684536934 ], [ -112813.560106939301477, 5310883.758024420589209 ], [ -112800.715952772341552, 5310876.79978637304157 ], [ -112736.955933308519889, 5310844.93867099005729 ], [ -112698.234672950522508, 5310824.998210608959198 ], [ -112674.776205336122075, 5310813.706366582773626 ], [ -112661.368551906547509, 5310808.242546521127224 ], [ -112635.099044510672684, 5310801.804858396761119 ], [ -112613.285322372845258, 5310801.739416199736297 ], [ -112581.603572653868468, 5310797.155571917071939 ], [ -112545.270449331903365, 5310780.282466405071318 ], [ -112518.086786277752253, 5310767.857008485123515 ], [ -112504.860138340067351, 5310764.263636825606227 ], [ -112491.633935680569266, 5310760.483376631513238 ], [ -112478.410627327684779, 5310755.767907863482833 ], [ -112465.751597473601578, 5310749.370890664868057 ], [ -112449.931094081126503, 5310740.345857851207256 ], [ -112439.330250292347046, 5310731.523855221457779 ], [ -112429.291124653987936, 5310721.955217442475259 ], [ -112411.08114839164773, 5310701.514620071277022 ], [ -112385.608465910918312, 5310678.246696990914643 ], [ -112377.995325935567962, 5310667.937409929931164 ], [ -112368.146111348629347, 5310657.247357834130526 ], [ -112339.505387479366618, 5310633.595877857878804 ], [ -112302.32634734682506, 5310597.387887944467366 ], [ -112264.564104401797522, 5310569.220093598589301 ], [ -112252.32185472130368, 5310560.760001415386796 ], [ -112240.035522522564861, 5310554.551068685948849 ], [ -112225.313297226166469, 5310540.112629931420088 ], [ -112201.715791567796259, 5310505.254590173251927 ], [ -112170.991834747881512, 5310466.866732181049883 ], [ -112135.986085034135613, 5310434.288242493756115 ], [ -112112.146014205136453, 5310405.730128949508071 ], [ -112110.304901147028431, 5310398.056674546562135 ], [ -112106.616552458523074, 5310384.767317093908787 ], [ -112021.898412463124259, 5310295.63548625074327 ], [ -112016.893822115685907, 5310286.082512638531625 ], [ -112006.703747247811407, 5310267.895928934216499 ], [ -111998.818319797996082, 5310226.445168442092836 ], [ -111981.730555322399596, 5310141.40636782720685 ], [ -111981.773190687265014, 5310127.380670698359609 ], [ -111981.445911384245846, 5310112.418783558532596 ], [ -111979.624947153934045, 5310098.200318195857108 ], [ -111977.61807937391859, 5310083.794237152673304 ], [ -111975.423081654473208, 5310069.948806634172797 ], [ -111972.294892643709318, 5310056.474409075453877 ], [ -111969.727085949634784, 5310042.627801560796797 ], [ -111920.640867803725996, 5309965.350658453069627 ], [ -111914.097842093251529, 5309947.146437034010887 ], [ -111909.695044913081801, 5309930.403606456704438 ], [ -111917.69758046726929, 5309905.637444601394236 ], [ -111921.53531991224736, 5309889.880790821276605 ], [ -111927.319258014962543, 5309876.969552047550678 ], [ -111935.358529000965063, 5309859.866494698449969 ], [ -111935.590852778215776, 5309840.826121849939227 ], [ -111933.232994643854909, 5309820.629560564644635 ], [ -111922.461386756127467, 5309805.705446909181774 ], [ -111910.044699433638016, 5309795.777101877145469 ], [ -111894.2599295975524, 5309786.569618624635041 ], [ -111846.590140652755508, 5309721.146774311549962 ], [ -111798.494888613931835, 5309646.396065099164844 ], [ -111734.649264461768325, 5309554.194221916608512 ], [ -111722.039549142165924, 5309532.463183261454105 ], [ -111703.341882190521574, 5309515.893351563252509 ], [ -111692.518733378732577, 5309489.223881806246936 ], [ -111666.222731944013503, 5309462.250605853274465 ], [ -111631.492386650337721, 5309394.551766100339592 ], [ -111601.733681134966901, 5309367.01924204453826 ], [ -111572.077834829280619, 5309317.324865630827844 ], [ -111560.920727545089903, 5309308.314300688914955 ], [ -111505.418387908357545, 5309261.834592333063483 ], [ -111500.879669629706768, 5309242.781133054755628 ], [ -111500.08206547809823, 5309229.309448526240885 ], [ -111501.093848329881439, 5309214.229243562556803 ], [ -111506.081295476193191, 5309197.054967253468931 ], [ -111509.127664661107701, 5309178.958756171166897 ], [ -111510.598195134531124, 5309160.634333403781056 ], [ -111509.773651666124351, 5309146.417771082371473 ], [ -111508.944989376643207, 5309131.452735707163811 ], [ -111501.761208677373361, 5309112.455690358765423 ], [ -111495.288759524162742, 5309100.261605792678893 ], [ -111490.734567836349015, 5309089.096008765511215 ], [ -111486.930335557932267, 5309075.644631068222225 ], [ -111483.12198445838294, 5309061.444631489925086 ], [ -111478.829504893481499, 5309049.302653031423688 ], [ -111476.613467790230061, 5309036.334296111017466 ], [ -111469.398406314008753, 5309023.904154968447983 ], [ -111457.980588782287668, 5309004.823334624059498 ], [ -111457.143688850541366, 5308988.361559251323342 ], [ -111456.319256701564882, 5308974.145258715376258 ], [ -111455.482356769905891, 5308957.683537321165204 ], [ -111448.184696231532143, 5308943.499845838174224 ], [ -111437.482440386491362, 5308934.926190223544836 ], [ -111435.006360952815157, 5308910.569540481083095 ], [ -111432.88861896013259, 5308898.698450822383165 ], [ -111432.592620433992124, 5308883.587585975416005 ], [ -111430.978265178491711, 5308868.883011957630515 ], [ -111441.295800863255863, 5308854.652589978650212 ], [ -111442.152070386437117, 5308839.161246031522751 ], [ -111438.599754115697579, 5308819.207410314120352 ], [ -111434.033317283843644, 5308802.766655111685395 ], [ -111430.220958682722994, 5308787.818754686973989 ], [ -111425.658751991461031, 5308772.126520498655736 ], [ -111420.346363251970615, 5308755.690108449198306 ], [ -111416.529997149016708, 5308739.993819896131754 ], [ -111414.959724411717616, 5308725.781852847896516 ], [ -111370.706887236752664, 5308634.251112553291023 ], [ -111362.812999505520565, 5308623.068269454874098 ], [ -111346.730450031769578, 5308590.473376855254173 ], [ -111337.33653216221137, 5308577.802053811959922 ], [ -111328.317649657110451, 5308565.502918506972492 ], [ -111318.565171707770787, 5308555.453100777231157 ], [ -111308.797776946492377, 5308543.401550090871751 ], [ -111298.676608843539725, 5308534.102180920541286 ], [ -111287.443359027602128, 5308525.314058838412166 ], [ -111278.430710414177156, 5308514.137432105839252 ], [ -111264.437739101849729, 5308503.48970521427691 ], [ -111254.677246149047278, 5308491.943067033775151 ], [ -111244.924990838582744, 5308481.893328316509724 ], [ -111234.424779869412305, 5308471.473411532118917 ], [ -111224.291366622637725, 5308459.928943006321788 ], [ -111215.653864692882053, 5308449.124560332857072 ], [ -111205.891367989315768, 5308437.203693612478673 ], [ -111197.993695395547547, 5308425.272647866979241 ], [ -111190.091903980603092, 5308412.593028025701642 ], [ -111180.702438890613848, 5308400.670229876413941 ], [ -111169.833537768136011, 5308391.00081689003855 ], [ -111157.479078040807508, 5308382.462358172982931 ], [ -111145.138978528004372, 5308376.543198496103287 ], [ -111132.428073791248607, 5308371.000313498079777 ], [ -111118.600411922700005, 5308365.837810607627034 ], [ -111098.412176989600994, 5308356.968445579521358 ], [ -111085.328351958640269, 5308351.427550149150193 ], [ -111072.619562292195042, 5308346.258819857612252 ], [ -111060.279574098734884, 5308340.33953093085438 ], [ -111050.213620463167899, 5308334.010959514416754 ], [ -111049.876545045321109, 5308320.651044964790344 ], [ -111049.139943974645576, 5308305.749407795257866 ], [ -111038.771090004680445, 5308292.368536854162812 ], [ -111027.950724179972894, 5308279.633410176262259 ], [ -111019.804809121822473, 5308268.406715288758278 ], [ -111011.159514827872044, 5308256.105552297085524 ], [ -111001.401693542764406, 5308244.933203033171594 ], [ -110992.391716596946935, 5308234.130894418805838 ], [ -110977.310485942667583, 5308226.32822051551193 ], [ -110964.886562853396754, 5308219.248413691297174 ], [ -110953.655428107696935, 5308211.451990308240056 ], [ -110941.672218882333254, 5308202.537126964889467 ], [ -110928.57436759560369, 5308194.376777706667781 ], [ -110915.857674245256931, 5308187.711143634282053 ], [ -110903.141092214471428, 5308181.045514311641455 ], [ -110889.30563798181538, 5308174.385975672863424 ], [ -110875.466064927750267, 5308166.978024269454181 ], [ -110859.153084108125768, 5308160.025153938680887 ], [ -110818.292597095409292, 5308146.337152512744069 ], [ -110804.098582782869926, 5308142.29899431951344 ], [ -110790.271366192449932, 5308137.136161173693836 ], [ -110777.179971435994958, 5308130.09826245252043 ], [ -110765.942936757521238, 5308121.179064345546067 ], [ -110755.076818622255814, 5308111.883766354992986 ], [ -110743.458848646172555, 5308101.469891078770161 ], [ -110731.842882420824026, 5308091.43030917737633 ], [ -110700.010294792024069, 5308074.791368322446942 ], [ -110664.164750839772751, 5308076.820550399832428 ], [ -110550.790079607308144, 5308018.392089325003326 ], [ -110479.673956872458803, 5307990.871526284143329 ], [ -110464.728424677581643, 5307985.714406070299447 ], [ -110449.784896233468316, 5307980.931566060520709 ], [ -110435.583200876106275, 5307975.396066247485578 ], [ -110422.12545367560233, 5307969.482337016612291 ], [ -110407.17992148072517, 5307964.325228591449559 ], [ -110393.355265238496941, 5307959.536009428091347 ], [ -110378.40984436305007, 5307954.378754338249564 ], [ -110365.329136277970974, 5307949.211308393627405 ], [ -110351.87339282836183, 5307943.671719439327717 ], [ -110338.419653129487415, 5307938.506409432739019 ], [ -110326.7753004340193, 5307931.085864644497633 ], [ -110313.317664553003851, 5307925.172011275775731 ], [ -110299.476866984754452, 5307917.389373765327036 ], [ -110286.750934116746066, 5307908.852107958868146 ], [ -110274.766834335459862, 5307899.562498083338141 ], [ -110262.836056590240332, 5307892.143657761625946 ], [ -110251.595793646250968, 5307882.475835298188031 ], [ -110240.363657025300199, 5307874.304658693261445 ], [ -110228.746577605037601, 5307863.890439263544977 ], [ -110219.360897377817309, 5307852.341547504067421 ], [ -110209.610423179139616, 5307842.291430753655732 ], [ -110199.861952731531346, 5307832.615444085560739 ], [ -110188.613786103815073, 5307821.450903329066932 ], [ -110176.260996169032296, 5307812.911595063284039 ], [ -110162.801467856654199, 5307806.623545976355672 ], [ -110148.225405051533016, 5307800.715552682057023 ], [ -110134.030166224663844, 5307796.302360801026225 ], [ -110120.220092835734249, 5307794.13220370747149 ], [ -110105.6700787916634, 5307793.088508032262325 ], [ -110091.872027907753363, 5307793.163362003862858 ], [ -110077.701056729958509, 5307793.240193825215101 ], [ -110063.526078050184879, 5307792.56863808631897 ], [ -110048.976175325587974, 5307791.52479044534266 ], [ -110034.049344805098372, 5307789.734685577452183 ], [ -110020.241275167150889, 5307787.938495365902781 ], [ -110006.43520927982172, 5307786.516575085930526 ], [ -109992.254219347858452, 5307784.72236333694309 ], [ -109978.446149709910969, 5307782.926021944731474 ], [ -109963.517315438468358, 5307780.761649353429675 ], [ -109948.953275138585013, 5307777.098526708781719 ], [ -109933.637494317124947, 5307772.316858327947557 ], [ -109919.813394672499271, 5307767.527128871530294 ], [ -109905.273844660594477, 5307764.835740772075951 ], [ -109888.120067726733396, 5307763.064202301204205 ], [ -109873.732691458659247, 5307761.45089153572917 ], [ -109856.773723633741611, 5307759.292153147049248 ], [ -109843.764148703252431, 5307756.133996924385428 ], [ -109833.576522864197614, 5307750.325992485508323 ], [ -109819.010701452527428, 5307746.288613766431808 ], [ -109805.936561217284179, 5307742.243021151050925 ], [ -109790.624899217087659, 5307738.209449451416731 ], [ -109775.692168763591326, 5307735.296399937942624 ], [ -109761.872187940127333, 5307731.254919890314341 ], [ -109748.423123660017154, 5307726.837044393643737 ], [ -109733.857413567588083, 5307722.799523666501045 ], [ -109720.410353038198082, 5307718.755766901187599 ], [ -109706.586476032462087, 5307713.965760584920645 ], [ -109692.758591525242082, 5307708.427375888451934 ], [ -109678.563797976210481, 5307704.013466831296682 ], [ -109664.743928472133121, 5307699.971848154440522 ], [ -109650.91815903504903, 5307694.807585518807173 ], [ -109636.954242110063205, 5307695.019821686670184 ], [ -109621.312740458670305, 5307692.562903078272939 ], [ -109606.509697212066385, 5307687.707489750348032 ], [ -109594.167593948193826, 5307681.038413103669882 ], [ -109579.59242169924255, 5307677.113191702403128 ], [ -109563.106227751632105, 5307673.433222064748406 ], [ -109552.401968155958457, 5307665.077377740293741 ], [ -109539.75696455774596, 5307655.799420381896198 ], [ -109525.312815349243465, 5307643.355442789383233 ], [ -109513.710652740948717, 5307635.559803524985909 ], [ -109502.481521746100043, 5307627.762192944064736 ], [ -109487.419994641808444, 5307610.109003505669534 ], [ -109466.571301169533399, 5307583.218583079986274 ], [ -109403.750595569275902, 5307561.475082356482744 ], [ -109386.398113344359444, 5307557.555083816871047 ], [ -109371.214802717135171, 5307554.12512447591871 ], [ -109355.133366438138182, 5307551.767893446609378 ], [ -109342.273627542192116, 5307549.321205713786185 ], [ -109328.45609574757691, 5307545.653305249288678 ], [ -109309.635643397457898, 5307539.290279544889927 ], [ -109297.540335444820812, 5307534.402540355920792 ], [ -109287.801438473368762, 5307531.868377829901874 ], [ -109273.972106812681886, 5307525.955233180895448 ], [ -109263.260166172098252, 5307520.611087579280138 ], [ -109248.308177446800983, 5307513.955670279450715 ], [ -109233.31344203685876, 5307502.650934682227671 ], [ -109219.195681575467461, 5307491.148434240370989 ], [ -109205.794818634691183, 5307477.036948800086975 ], [ -109190.931106265532435, 5307460.263698691502213 ], [ -109180.757618001938681, 5307447.980941662564874 ], [ -109172.571850565858767, 5307434.6518066059798 ], [ -109165.678057140146848, 5307422.010346065275371 ], [ -109159.464314483571798, 5307408.291171389631927 ], [ -109153.229755082036718, 5307395.446797366254032 ], [ -109146.543906465230975, 5307382.782113053835928 ], [ -109132.68073367922625, 5307370.219832967035472 ], [ -109118.568650511762826, 5307358.498724961653352 ], [ -109106.184357161124353, 5307347.47577900160104 ], [ -109096.181855635470129, 5307337.166814642958343 ], [ -109085.09487963024003, 5307326.612924879416823 ], [ -109070.662307648904971, 5307310.069210888817906 ], [ -109063.446021658179234, 5307301.797212726436555 ], [ -109054.642542367859278, 5307295.070295885205269 ], [ -109044.14222007925855, 5307283.901071792468429 ], [ -109033.27688118039805, 5307274.230378666892648 ], [ -109021.555384077946655, 5307263.488979143090546 ], [ -109013.196848792154924, 5307253.009565726853907 ], [ -109002.673372049612226, 5307244.302973169833422 ], [ -108989.920611184206791, 5307235.794161817990243 ], [ -108976.841572891440592, 5307230.6251349626109 ], [ -108961.523343041262706, 5307225.093882320448756 ], [ -108948.817225042745122, 5307219.923035780899227 ], [ -108935.361481593048666, 5307214.007654130458832 ], [ -108928.902056820195867, 5307210.873566781170666 ], [ -108916.182246524200309, 5307203.08361245226115 ], [ -108903.093523435760289, 5307196.043829989619553 ], [ -108889.259071078515262, 5307189.008008266799152 ], [ -108876.922088511200855, 5307183.086712999269366 ], [ -108864.954018736563739, 5307176.415105477906764 ], [ -108854.662643132251105, 5307163.994585179723799 ], [ -108844.543367460762965, 5307154.319908411242068 ], [ -108834.051282814369188, 5307144.647219359874725 ], [ -108823.184385442611529, 5307134.602274484932423 ], [ -108813.434245202690363, 5307124.177316294983029 ], [ -108803.671525860059774, 5307108.136601274833083 ], [ -108794.65731877356302, 5307095.836963523179293 ], [ -108785.645115437917411, 5307083.911583422683179 ], [ -108775.883286651383969, 5307071.241691906005144 ], [ -108767.618816335336305, 5307059.686476148664951 ], [ -108758.977640862518456, 5307047.384924384765327 ], [ -108750.342365322678233, 5307036.205955349840224 ], [ -108744.631786764410208, 5307025.732425260357559 ], [ -108736.732555697701173, 5307012.678637575358152 ], [ -108731.422949945539585, 5306997.668485277332366 ], [ -108726.051784514682367, 5306985.030961897224188 ], [ -108719.267306828871369, 5306971.223128220997751 ], [ -108713.603482456586789, 5306957.783466213382781 ], [ -108707.935761902364902, 5306943.595655972138047 ], [ -108702.642854073652416, 5306929.779972768388689 ], [ -108698.470599558742833, 5306916.332459625788033 ], [ -108694.288548928627279, 5306901.0144032407552 ], [ -108691.235055296128849, 5306887.56099846214056 ], [ -108677.665765965910396, 5306839.637613136321306 ], [ -108635.581098513037432, 5306685.871624993160367 ], [ -108630.663226048753131, 5306672.428417567163706 ], [ -108623.886986005221843, 5306660.117486813105643 ], [ -108615.995992580894381, 5306648.560648965649307 ], [ -108606.609644436612143, 5306636.263440718874335 ], [ -108596.856275931291748, 5306625.090591352432966 ], [ -108587.848748014206649, 5306613.913800125010312 ], [ -108579.951965976259089, 5306601.234656943008304 ], [ -108574.2177876860369, 5306588.125936627388 ], [ -108570.627400149431196, 5306570.561874437145889 ], [ -108565.707857892732136, 5306556.744612230919302 ], [ -108562.650690717287944, 5306542.543566897511482 ], [ -108560.708165602962254, 5306527.588323970325291 ], [ -108559.134553281168337, 5306511.882994341664016 ], [ -108556.821222942817258, 5306497.303843894042075 ], [ -108554.138868492736947, 5306483.474976536817849 ], [ -108552.198347129029571, 5306468.894044895656407 ], [ -108549.513988928185427, 5306454.691003183834255 ], [ -108548.885367763621616, 5306438.650675088167191 ], [ -108544.342641983545036, 5306425.579908263869584 ], [ -108538.312353847606573, 5306413.265347121283412 ], [ -108530.048774087568745, 5306401.710639547556639 ], [ -108519.324810942140175, 5306392.725699789822102 ], [ -108507.149130317135132, 5306384.51475172303617 ], [ -108495.999815397095517, 5306376.447563489899039 ], [ -108484.01360054545512, 5306366.034858773462474 ], [ -108472.408098352170782, 5306357.11673345323652 ], [ -108460.439471980105736, 5306350.071046249009669 ], [ -108446.23365780156746, 5306343.037229601293802 ], [ -108433.073912878026022, 5306336.548154710792005 ], [ -108421.006880075874506, 5306330.566551432013512 ], [ -108408.742366497259354, 5306323.175879853777587 ], [ -108394.179439392217319, 5306319.13698716647923 ], [ -108378.874679200525861, 5306315.850016466341913 ], [ -108365.434186521248193, 5306312.553311360068619 ], [ -108350.125530147328391, 5306308.518074091523886 ], [ -108340.995773429400288, 5306302.807562980800867 ], [ -108324.994709822640289, 5306295.149033759720623 ], [ -108310.422097921880777, 5306289.23925652820617 ], [ -108297.713864852994448, 5306283.319747494533658 ], [ -108284.25400258222362, 5306276.281721724197268 ], [ -108271.912789874360897, 5306269.23792078346014 ], [ -108259.567680984255276, 5306261.445860027335584 ], [ -108245.788999691969366, 5306254.109548876062036 ], [ -108233.408825162317953, 5306243.820042952895164 ], [ -108220.694803479855182, 5306236.778091846965253 ], [ -108207.25453343942354, 5306233.481262479908764 ], [ -108191.456850542454049, 5306228.503087319433689 ], [ -108179.799584786189371, 5306223.625311831012368 ], [ -108165.94119873829186, 5306218.945746849291027 ], [ -108151.37470940950152, 5306214.158181454055011 ], [ -108138.295671116648009, 5306208.61444755923003 ], [ -108124.92141353439365, 5306202.600829495117068 ], [ -108108.932149793719873, 5306196.523782812058926 ], [ -108093.155617600059486, 5306190.670655073598027 ], [ -108078.904496388699044, 5306184.854495197534561 ], [ -108059.67294115916593, 5306177.604645948857069 ], [ -108034.85448332571832, 5306170.238737931475043 ], [ -107951.00752966546861, 5306137.425888504832983 ], [ -107938.339928210494691, 5306131.754423284903169 ], [ -107925.675332382030319, 5306125.333642459474504 ], [ -107913.382543652827735, 5306119.289198559708893 ], [ -107899.595179440017091, 5306113.613028769381344 ], [ -107883.943102436969639, 5306107.55444576125592 ], [ -107869.784042444545776, 5306101.502103382721543 ], [ -107857.121227727868245, 5306094.706837138161063 ], [ -107844.459860164482961, 5306087.536917828954756 ], [ -107832.170299700490432, 5306080.743182865902781 ], [ -107819.507484983623726, 5306073.947779582813382 ], [ -107806.844670267120819, 5306067.152533346787095 ], [ -107793.430782945943065, 5306061.477764200419188 ], [ -107780.38380466644594, 5306057.302842420525849 ], [ -107766.962124980957014, 5306053.500905870459974 ], [ -107752.790819844580255, 5306050.445089460350573 ], [ -107738.247818928313791, 5306047.012944418005645 ], [ -107724.074955318996217, 5306044.33163427002728 ], [ -107707.664124666713178, 5306041.266237685456872 ], [ -107692.749539290307439, 5306037.458070989698172 ], [ -107677.089892561853048, 5306033.272055629640818 ], [ -107662.92014589846076, 5306029.841438018716872 ], [ -107648.002443576129735, 5306026.782282838597894 ], [ -107634.201387066030293, 5306024.476850853301585 ], [ -107619.65371073121787, 5306022.168377165682614 ], [ -107602.868178672943031, 5306019.475817745551467 ], [ -107586.459017813162063, 5306016.035774163901806 ], [ -107572.287823996070074, 5306012.979513648897409 ], [ -107558.489884431750397, 5306009.924927374348044 ], [ -107543.570623636624077, 5306007.240129247307777 ], [ -107526.546645229202113, 5306006.016987196169794 ], [ -107508.953601584769785, 5306003.182510876096785 ], [ -107493.989367715330445, 5306002.019149801693857 ], [ -107478.493137999466853, 5306000.473072363063693 ], [ -107465.455287918171962, 5305998.624442325904965 ], [ -107450.456211048309342, 5305996.728201281279325 ], [ -107435.401808391499799, 5305997.603003273718059 ], [ -107420.479430650622817, 5305995.667213055305183 ], [ -107406.29421057770378, 5305995.981934852898121 ], [ -107391.359365053882357, 5305997.042618888430297 ], [ -107380.442596550230519, 5305997.652592122554779 ], [ -107364.487396573938895, 5305999.234111434780061 ], [ -107349.41963557805866, 5306000.180863146670163 ], [ -107336.313212690482032, 5306001.175226350314915 ], [ -107323.605536218979978, 5306003.710951870307326 ], [ -107309.191554592587636, 5306004.673523799516261 ], [ -107295.814402703486849, 5306007.849494691006839 ], [ -107281.900356910235132, 5306010.631189126521349 ], [ -107266.951262491566013, 5306015.062705245800316 ], [ -107252.745559632588993, 5306020.246728412806988 ], [ -107238.541415246261749, 5306025.056098950095475 ], [ -107225.088454784054193, 5306028.744851472787559 ], [ -107211.640281059721019, 5306031.309790270403028 ], [ -107197.45027424870932, 5306032.748024258762598 ], [ -107182.143621625582455, 5306033.432231261394918 ], [ -107168.333214278391097, 5306033.373515406623483 ], [ -107152.656424348402652, 5306033.307041759602726 ], [ -107137.352999990631361, 5306033.241937132552266 ], [ -107122.049575632685446, 5306033.176984624005854 ], [ -107106.744481482630363, 5306033.486535822972655 ], [ -107092.560819882739452, 5306033.426146717742085 ], [ -107076.88402995285287, 5306033.359520954079926 ], [ -107061.955418320489116, 5306032.921281651593745 ], [ -107047.774984985677293, 5306032.111733087338507 ], [ -107034.348852520488435, 5306029.432556796818972 ], [ -107020.182556761239539, 5306025.25186899676919 ], [ -107006.017930794128915, 5306020.6965277409181 ], [ -106992.971509112278, 5306016.520559357479215 ], [ -106979.931321321739233, 5306010.846277254633605 ], [ -106966.896031588810729, 5306004.048338796943426 ], [ -106951.748120559670497, 5306000.927586247213185 ], [ -106937.21346860525955, 5305995.6214270433411 ], [ -106910.918914323963691, 5305982.945403188467026 ], [ -106885.184074442280689, 5305983.193803383968771 ], [ -106868.989760199721786, 5305985.644188728183508 ], [ -106849.293000818302971, 5305988.665454355999827 ], [ -106833.718624819797697, 5305986.102048373781145 ], [ -106820.30061867753102, 5305981.549768429249525 ], [ -106807.257536580320448, 5305976.624358264729381 ], [ -106793.097808670863742, 5305970.945080635137856 ], [ -106779.303431330161402, 5305967.140136915259063 ], [ -106765.505825724263559, 5305964.084500816650689 ], [ -106751.229546308270073, 5305959.35988821927458 ], [ -106739.074125830433331, 5305957.094174171797931 ], [ -106730.097099453894771, 5305952.092568619176745 ], [ -106715.919894384554937, 5305950.533417774364352 ], [ -106702.309639481522026, 5305944.600128651596606 ], [ -106689.994586854067165, 5305939.923289089463651 ], [ -106676.813134629876004, 5305935.006571215577424 ], [ -106661.420877318232669, 5305931.348886477760971 ], [ -106647.814184639209998, 5305925.984051540493965 ], [ -106632.113238379679387, 5305917.066801873967052 ], [ -106616.858683278216631, 5305907.722887744195759 ], [ -106604.793320268654497, 5305901.739276862703264 ], [ -106593.088298450617003, 5305895.009259321726859 ], [ -106579.670514947429183, 5305890.456567351706326 ], [ -106567.004138007047004, 5305884.783426456153393 ], [ -106554.339319539503776, 5305878.735639356076717 ], [ -106542.052653382095741, 5305871.565733388997614 ], [ -106529.399078183225356, 5305862.89601990673691 ], [ -106519.36306949070422, 5305853.113928974606097 ], [ -106508.957146130342153, 5305842.581030756235123 ], [ -106501.54193220968591, 5305830.937434761784971 ], [ -106491.872609919955721, 5305819.769653756171465 ], [ -106455.509652974244091, 5305784.038289615884423 ], [ -106375.966533466926194, 5305737.395226477645338 ], [ -106362.185514465192682, 5305730.59337970148772 ], [ -106348.399820044884109, 5305724.915164014324546 ], [ -106334.23430352199648, 5305720.733547479845583 ], [ -106318.85440267395461, 5305713.337729456834495 ], [ -106305.810318701303913, 5305708.786342721432447 ], [ -106292.772691259044223, 5305702.736691940575838 ], [ -106278.620199116470758, 5305695.558554852381349 ], [ -106265.959054192149779, 5305688.76145383156836 ], [ -106252.927994599944213, 5305681.213705285452306 ], [ -106239.900163272744976, 5305672.916680007241666 ], [ -106226.865764095957275, 5305666.117922242730856 ], [ -106213.45510504001868, 5305660.06662586145103 ], [ -106198.725977935202536, 5305653.309098546393216 ], [ -106188.680729724947014, 5305644.967226353473961 ], [ -106174.293019498305512, 5305626.891268746927381 ], [ -106163.386826346497401, 5305618.090817898511887 ], [ -106155.492270698334323, 5305610.381436886265874 ], [ -106142.459763952530921, 5305603.208085935562849 ], [ -106129.432155264701578, 5305594.910977702587843 ], [ -106118.272264993254794, 5305586.247604738920927 ], [ -106105.782774723673356, 5305578.043600542470813 ], [ -106095.346461142267799, 5305573.758161132223904 ], [ -106084.972041197717772, 5305570.003421783447266 ], [ -106071.578859301880584, 5305564.86208557151258 ], [ -106058.653330586908851, 5305558.419181970879436 ], [ -106046.351524978905218, 5305551.345195917412639 ], [ -106034.446907313918928, 5305542.303880780935287 ], [ -106023.288909473893, 5305533.265768595039845 ], [ -106006.882308962289244, 5305526.518828102387488 ], [ -105991.496285542176338, 5305522.641510820016265 ], [ -105977.43117920003715, 5305518.577714116312563 ], [ -105964.460566091205692, 5305513.665172317065299 ], [ -105953.118891091071418, 5305504.854028474539518 ], [ -105942.09447664002073, 5305490.705990578979254 ], [ -105932.40199989611574, 5305478.089210817590356 ], [ -105925.02385536590009, 5305464.723029802553356 ], [ -105913.877434752634144, 5305453.063020311295986 ], [ -105903.102598599914927, 5305441.77917851973325 ], [ -105893.069372894547996, 5305431.622287552803755 ], [ -105881.922952281500329, 5305419.962319295853376 ], [ -105869.258245133489254, 5305411.775040132924914 ], [ -105855.968701683668769, 5305403.142561564221978 ], [ -105846.594598683383083, 5305393.65268509555608 ], [ -105835.811747527157422, 5305384.241607634350657 ], [ -105823.537660472371499, 5305374.449521856382489 ], [ -105812.758148900888045, 5305364.289205590263009 ], [ -105801.983535386840231, 5305353.00547082349658 ], [ -105792.700157771701925, 5305342.102766103111207 ], [ -105762.993883736649877, 5305317.867108967155218 ], [ -105743.701325426285621, 5305303.015274726785719 ], [ -105656.918542835061089, 5305252.944580030627549 ], [ -105638.296795776215731, 5305243.873437182046473 ], [ -105624.890255541584338, 5305237.072557453997433 ], [ -105611.85541108660982, 5305230.647827358916402 ], [ -105596.957746272761142, 5305223.465641407296062 ], [ -105583.178063104816829, 5305216.663103401660919 ], [ -105569.400161048848531, 5305209.485947487875819 ], [ -105556.370214651455171, 5305201.937520729377866 ], [ -105542.593982387785218, 5305194.38575385697186 ], [ -105529.564147309909458, 5305186.837339274585247 ], [ -105518.027217923226999, 5305179.29547106847167 ], [ -105506.866771054221317, 5305171.006191491149366 ], [ -105494.215199606114766, 5305162.33575801551342 ], [ -105478.742235663783504, 5305151.610775251872838 ], [ -105465.715851490007481, 5305143.313154739327729 ], [ -105452.694365374103654, 5305133.891986252740026 ], [ -105441.162445364287123, 5305125.226454319432378 ], [ -105429.630636673929985, 5305116.560930407606065 ], [ -105418.470412444075919, 5305108.271706390194595 ], [ -105406.570358878248953, 5305098.480821909382939 ], [ -105395.788286958486424, 5305089.069584935903549 ], [ -105385.011224415749894, 5305078.534656640142202 ], [ -105373.8625774129614, 5305067.623602048493922 ], [ -105364.956572871378739, 5305055.973365190438926 ], [ -105354.503672685837955, 5305044.255611524917185 ], [ -105343.71648006956093, 5305032.099984282627702 ], [ -105335.93023828609148, 5305020.454810845665634 ], [ -105326.279506351231248, 5305008.426823853515089 ], [ -105317.751765439519659, 5304995.654642907902598 ], [ -105308.02711736279889, 5304983.16309750918299 ], [ -105299.391953142432612, 5304970.698337733745575 ], [ -105292.462537479528692, 5304959.806877153925598 ], [ -105282.923904272029176, 5304948.632682805880904 ], [ -105271.477588950685458, 5304935.223758460022509 ], [ -105265.802409990588785, 5304926.55110985878855 ], [ -105256.853547445032746, 5304918.01702828053385 ], [ -105244.689666686055716, 5304907.216125707142055 ], [ -105217.663743350232835, 5304887.264284211210907 ], [ -105201.99018168564362, 5304882.457171326503158 ], [ -105151.243076737111551, 5304879.378010425716639 ], [ -105135.195258944411762, 5304879.306373748928308 ], [ -105121.386632709080004, 5304879.244775330647826 ], [ -105107.211097431849339, 5304876.710723288357258 ], [ -105091.762623777569388, 5304875.456397438421845 ], [ -105075.824233044317225, 5304875.391300866380334 ], [ -105061.74242877837969, 5304872.750023066997528 ], [ -105046.724427595167072, 5304871.724904508329928 ], [ -105028.800208465298056, 5304872.190010216087103 ], [ -105013.122194021052564, 5304872.868961161933839 ], [ -104998.268723044951912, 5304874.035832173191011 ], [ -104983.776372496999102, 5304878.274714392609894 ], [ -104970.176804265385726, 5304881.660346136428416 ], [ -104956.795199596570455, 5304885.051302429288626 ], [ -104942.204108660371276, 5304888.181569114327431 ], [ -104926.897678676308715, 5304889.236500098370016 ], [ -104912.709119018676574, 5304890.671060415916145 ], [ -104898.783718637379934, 5304894.785080086439848 ], [ -104882.508141166545101, 5304898.895451284945011 ], [ -104866.823447552727885, 5304901.072237677872181 ], [ -104852.633218102768296, 5304902.881258280947804 ], [ -104838.812903320955229, 5304905.440869416110218 ], [ -104824.617664493824122, 5304908.373418991453946 ], [ -104808.926180391179514, 5304912.048194951377809 ], [ -104794.356128838728182, 5304915.353380421176553 ], [ -104778.666314528221847, 5304918.653700003400445 ], [ -104764.467624797121971, 5304922.335020108148456 ], [ -104752.218028030154528, 5304924.003204312175512 ], [ -104737.517732673572027, 5304925.089775216765702 ], [ -104723.327503223525127, 5304926.898496271111071 ], [ -104708.767359105782816, 5304927.956625627353787 ], [ -104694.577129655954195, 5304929.765195139683783 ], [ -104652.67202054176596, 5304931.075955769978464 ], [ -104577.233584618399618, 5304932.157812531106174 ], [ -104563.070183165735216, 5304927.973964529111981 ], [ -104549.286715135298437, 5304922.29365011677146 ], [ -104530.671424606873188, 5304916.803154289722443 ], [ -104518.034881289931946, 5304911.613658436574042 ], [ -104503.133542932861019, 5304905.553724117577076 ], [ -104490.091574030448101, 5304901.000296643935144 ], [ -104476.674569763694308, 5304896.819656569510698 ], [ -104463.257676816356252, 5304892.639018361456692 ], [ -104449.092716890896554, 5304888.829493839293718 ], [ -104434.176239083055407, 5304886.140150236897171 ], [ -104420.004599988096743, 5304883.828611207194626 ], [ -104403.675143883519922, 5304885.670024703256786 ], [ -104387.183161322638625, 5304889.872105199843645 ], [ -104373.001392153993947, 5304889.807769004255533 ], [ -104357.699860227512545, 5304889.738261575810611 ], [ -104342.40010941294895, 5304889.29414410982281 ], [ -104311.442604301279061, 5304885.033507321961224 ], [ -104296.907952346737147, 5304880.473093464970589 ], [ -104282.744662213721313, 5304876.288812282495201 ], [ -104273.796244946395746, 5304874.375459800474346 ], [ -104260.665777048780001, 5304867.487850387580693 ], [ -104248.80468530478538, 5304860.578648618422449 ], [ -104234.651747884374345, 5304854.14718059450388 ], [ -104221.616680790350074, 5304848.095192386768758 ], [ -104207.465524481594912, 5304841.289276919327676 ], [ -104194.43045738778892, 5304835.237297021783888 ], [ -104124.66174576956837, 5304812.944429129362106 ], [ -104111.621780618021148, 5304808.015983642078936 ], [ -104098.580034354672534, 5304803.461995241232216 ], [ -104084.047274831638788, 5304798.526710536330938 ], [ -104070.623925353807863, 5304795.843628710135818 ], [ -104056.452397578308592, 5304793.531655699014664 ], [ -103978.101621136811445, 5304771.056375415064394 ], [ -103890.955380408442579, 5304830.145947056822479 ], [ -103877.203972391143907, 5304840.182639301754534 ], [ -103864.410357272616238, 5304847.908724714070559 ], [ -103850.951162918834598, 5304853.090276339091361 ], [ -103837.488406341246446, 5304859.020896346308291 ], [ -103822.490108707832405, 5304866.089948431588709 ], [ -103774.275299536020611, 5304885.248113298788667 ], [ -103729.93040114195901, 5304897.71884308476001 ], [ -103708.895581481177942, 5304902.013098693452775 ], [ -103694.757894831054728, 5304903.824553004465997 ], [ -103675.316836319805589, 5304911.225358934141695 ], [ -103660.366294747669599, 5304916.025186015293002 ], [ -103613.102042707861983, 5304929.260085412301123 ], [ -103598.911590618881746, 5304930.276084529235959 ], [ -103584.355008724800427, 5304930.352892852388322 ], [ -103569.983551143930526, 5304930.618451924994588 ], [ -103555.795882042395533, 5304931.259839469566941 ], [ -103541.972895592523855, 5304933.027647968381643 ], [ -103527.597319190448616, 5304933.854896675795317 ], [ -103513.770770516930497, 5304928.699308698996902 ], [ -103499.847151247726288, 5304924.384812134318054 ], [ -103485.682080002574367, 5304922.029916426166892 ], [ -103472.082511770917336, 5304918.930209618061781 ], [ -103458.478713398479158, 5304916.392344444990158 ], [ -103446.521107655920787, 5304913.840182990767062 ], [ -103438.089880742889363, 5304918.270571458153427 ], [ -103428.310129518198664, 5304928.308879153802991 ], [ -103422.238319212265196, 5304941.559005505405366 ], [ -103415.240664701472269, 5304953.865850755944848 ], [ -103405.856542947280104, 5304960.910791178233922 ], [ -103392.389778867946006, 5304964.92826060578227 ], [ -103378.747797910138615, 5304967.446366421878338 ], [ -103364.57281923055416, 5304966.402073360979557 ], [ -103350.981711280037416, 5304962.178665044717491 ], [ -103337.006105808424763, 5304959.450363748706877 ], [ -103322.628970933510573, 5304960.464540990069509 ], [ -103307.689116032517632, 5304961.848920479416847 ], [ -103294.044240768169402, 5304964.74133432097733 ], [ -103280.761265168199316, 5304969.134635377675295 ], [ -103267.482408389390912, 5304972.966246553696692 ], [ -103252.903117319277953, 5304976.038746001198888 ], [ -103239.073006421953323, 5304978.742412500083447 ], [ -103225.43369713202992, 5304980.885604133829474 ], [ -103211.616276656888658, 5304981.903890305198729 ], [ -103197.804644795149215, 5304982.173101153224707 ], [ -103182.886051916910219, 5304980.748260989785194 ], [ -103169.28648368519498, 5304977.648230541497469 ], [ -103155.31944981442939, 5304973.796084431000054 ], [ -103141.348185803013621, 5304970.505783766508102 ], [ -103127.358331436524168, 5304969.649937708862126 ], [ -103113.365805402194383, 5304969.168400757946074 ], [ -103099.766237170406384, 5304966.068222053349018 ], [ -103086.352015890865005, 5304963.156643680296838 ], [ -103072.562981885726913, 5304960.429406775161624 ], [ -103047.186034167127218, 5304960.048101671040058 ], [ -103041.552377376981894, 5304964.686883863061666 ], [ -103037.240528220689157, 5304967.275714386254549 ], [ -103005.754255527746864, 5304985.013200051151216 ], [ -102963.978833620349178, 5305006.042552298866212 ], [ -102905.941415219829651, 5305030.505548011511564 ], [ -102860.920584877792862, 5305061.060731350444257 ], [ -102844.453537882785895, 5305066.927297812886536 ], [ -102824.061922239678097, 5305073.512835226021707 ], [ -102761.922603242477635, 5305097.381758807227015 ], [ -102670.227402842181618, 5305130.387017708271742 ], [ -102635.777026067793486, 5305145.10412235930562 ], [ -102621.181482351879822, 5305150.235645750537515 ], [ -102606.964870182680897, 5305154.620972611010075 ], [ -102593.865015145172947, 5305159.389287826605141 ], [ -102580.015868615126237, 5305164.526446730829775 ], [ -102566.169616391707677, 5305169.289139306172729 ], [ -102551.952892903180327, 5305173.674322992563248 ], [ -102542.151434377781698, 5305181.453766501508653 ], [ -102533.92948810714006, 5305188.463591051287949 ], [ -102525.260705400651204, 5305197.768762139603496 ], [ -102518.138929657739936, 5305205.706714042462409 ], [ -102509.63679222886276, 5305214.849611242301762 ], [ -102501.272802288032835, 5305224.257324277423322 ], [ -102494.296632439145469, 5305234.265996312722564 ], [ -102482.834287111079902, 5305244.414003374986351 ], [ -102472.67705149318499, 5305254.823330878280103 ], [ -102463.251964166134712, 5305267.110966976732016 ], [ -102454.949311264863354, 5305279.03281544521451 ], [ -102446.846365529956529, 5305289.334645678289235 ], [ -102436.12340425986622, 5305299.790109950117767 ], [ -102427.175877548361314, 5305308.97675228305161 ], [ -102419.121467111501261, 5305317.310415724292397 ], [ -102410.800669133139309, 5305327.606660307385027 ], [ -102404.02120082435431, 5305337.284772455692291 ], [ -102398.293479064464918, 5305348.520880195312202 ], [ -102393.022723814545316, 5305359.353016755543649 ], [ -102392.53759347354935, 5305373.957164775580168 ], [ -102392.055246120115044, 5305388.186705572530627 ], [ -102390.080104394917726, 5305402.404860252514482 ], [ -102389.597868360826396, 5305416.634444301947951 ], [ -102389.485880953099695, 5305431.241571668535471 ], [ -102393.485256298648892, 5305445.13124699704349 ], [ -102402.350963184580905, 5305457.185805018059909 ], [ -102412.342110122190206, 5305468.499782059341669 ], [ -102422.333257059814059, 5305479.813772780820727 ], [ -102430.082206814040546, 5305491.48507135361433 ], [ -102438.201516513960087, 5305503.533909084275365 ], [ -102445.953360574829276, 5305514.830602162517607 ], [ -102454.075564581653452, 5305526.504834405146539 ], [ -102460.317359749838943, 5305540.037355060689151 ], [ -102460.957669460971374, 5305553.901333852671087 ], [ -102457.492516351601807, 5305567.733695125207305 ], [ -102424.581465495924931, 5305604.469049898907542 ], [ -102381.975043589656707, 5305665.399517875164747 ], [ -102330.294413391588023, 5305754.051154992543161 ], [ -102273.332563911055331, 5305835.788386269472539 ], [ -102205.395391874932102, 5305929.288530297577381 ], [ -102149.834052908117883, 5305998.369348749518394 ], [ -102130.930444898447604, 5306022.189064593054354 ], [ -102122.102475319989026, 5306032.036741088144481 ], [ -102075.314002783721662, 5306092.682648266665637 ], [ -102037.845420655678026, 5306156.669558863155544 ], [ -102029.538537613654626, 5306168.966593282297254 ], [ -102021.978163076855708, 5306181.269576382823288 ], [ -102014.423577153575025, 5306192.823251212015748 ], [ -102004.750803959745099, 5306204.83724451251328 ], [ -101995.753294796813861, 5306215.992707225494087 ], [ -101986.533591930405237, 5306227.842596272006631 ], [ -101975.345092549658148, 5306238.899818854406476 ], [ -101963.16540442306723, 5306246.474789769388735 ], [ -101952.390456950743101, 5306259.405358541756868 ], [ -101944.462505455347127, 5306270.956239602528512 ], [ -101936.173433531803312, 5306282.811370244249701 ], [ -101931.138230324344477, 5306295.226613872684538 ], [ -101925.061967239016667, 5306308.664868044666946 ], [ -101917.874624315954861, 5306320.970772922039032 ], [ -101909.570301622094121, 5306332.893355405889452 ], [ -101894.880358978029108, 5306349.832219800911844 ], [ -101886.573141977612977, 5306362.129508030600846 ], [ -101878.26291935100744, 5306374.80117766559124 ], [ -101868.841728206069092, 5306386.340640083886683 ], [ -101859.431891649292083, 5306396.381587301380932 ], [ -101849.643123545902199, 5306407.168996562249959 ], [ -101839.478095563725219, 5306418.327894970774651 ], [ -101828.204882050587912, 5306427.979905594140291 ], [ -101816.469692650454817, 5306438.461741802282631 ], [ -101808.44567243468191, 5306443.994050714187324 ], [ -101794.794785917780246, 5306450.833229130133986 ], [ -101787.239532077597687, 5306456.553718393668532 ], [ -101774.183870877765003, 5306473.079038141295314 ], [ -101755.874931588012259, 5306481.59537054784596 ], [ -101739.972274411382386, 5306480.980345781892538 ], [ -101724.62454489619995, 5306475.564691659063101 ], [ -101712.731059180398006, 5306471.54809495434165 ], [ -101699.072602937871125, 5306468.362839459441602 ], [ -101684.327223187385243, 5306466.696357538923621 ], [ -101668.647093672814663, 5306466.948725708760321 ], [ -101651.712950094341068, 5306466.932296676561236 ], [ -101637.450696933956351, 5306464.857523249462247 ], [ -101624.088016578636598, 5306462.985831269994378 ], [ -101611.422307555098087, 5306463.916961473412812 ], [ -101596.861829478817526, 5306464.177848322317004 ], [ -101583.045076920490828, 5306464.819188851863146 ], [ -101569.228324362280546, 5306465.460529425181448 ], [ -101554.291809046160779, 5306466.093047043308616 ], [ -101540.475056487906841, 5306466.734387702308595 ], [ -101424.282109707055497, 5306476.487912832759321 ], [ -101409.718848643620731, 5306477.123169374652207 ], [ -101320.006471013301052, 5306507.272652539424598 ], [ -101287.941114329383709, 5306516.538974854163826 ], [ -101274.901928414095892, 5306521.877070696093142 ], [ -101257.476643242203863, 5306529.142094573006034 ], [ -101244.380127789467224, 5306533.159932972863317 ], [ -101235.768563301229733, 5306536.463865518569946 ], [ -101217.21950786987145, 5306545.848567608743906 ], [ -101178.459063050890109, 5306561.293673162348568 ], [ -101117.466000850428827, 5306569.673936363309622 ], [ -101083.504984557817806, 5306564.788833303377032 ], [ -101045.473348445171723, 5306551.406192256137729 ], [ -101027.516401385189965, 5306545.705268739722669 ], [ -101018.019290347714559, 5306532.993968162685633 ], [ -101001.887982936983462, 5306532.809748746454716 ], [ -100983.144786313627264, 5306532.074392337352037 ], [ -100969.739247954203165, 5306527.848147740587592 ], [ -100953.658479592282674, 5306525.659878080710769 ], [ -100941.008355297555681, 5306520.315695220604539 ], [ -100927.61739979145932, 5306514.216536743566394 ], [ -100914.588121310967836, 5306509.618667738512158 ], [ -100905.189861981343711, 5306501.724333493039012 ], [ -100888.97228196512151, 5306495.002403264865279 ], [ -100875.566854925375083, 5306490.776175412349403 ], [ -100862.155527952432749, 5306487.298993188887835 ], [ -100832.256782517768443, 5306479.54827986471355 ], [ -100743.840609038219554, 5306448.668556132353842 ], [ -100685.230897135552368, 5306428.691218861378729 ], [ -100653.354004349399474, 5306404.606084427796304 ], [ -100626.452202245884109, 5306399.118217714130878 ], [ -100609.471193161822157, 5306398.036647730506957 ], [ -100594.12301836872939, 5306394.089602899737656 ], [ -100580.821786372471252, 5306391.551794052124023 ], [ -100567.407787731688586, 5306388.448710250668228 ], [ -100554.142177972345962, 5306387.022439025342464 ], [ -100540.962284220877336, 5306385.758479355834424 ], [ -100518.216817945067305, 5306382.581467499956489 ], [ -100505.289730757358484, 5306379.106607265770435 ], [ -100489.443067284431891, 5306375.773219154216349 ], [ -100476.694981837674277, 5306371.077149231918156 ], [ -100463.963149036659161, 5306365.72499233763665 ], [ -100453.214027686117333, 5306350.793610380031168 ], [ -100440.972445922656334, 5306343.265407570637763 ], [ -100427.547760610890691, 5306334.321139564737678 ], [ -100416.799863774809637, 5306324.496419096365571 ], [ -100407.2440873656451, 5306314.190559143200517 ], [ -100403.430170291554532, 5306300.964957943186164 ], [ -100391.016933873121161, 5306289.377379463985562 ], [ -100379.513734292064328, 5306280.670466462150216 ], [ -100365.996208525146358, 5306277.611077171750367 ], [ -100352.557719596487004, 5306268.615456220693886 ], [ -100344.879791677492904, 5306257.215326244011521 ], [ -100337.417823570664041, 5306246.133895410224795 ], [ -100327.164630551604205, 5306228.807777240872383 ], [ -100316.274356086782063, 5306219.562731911428273 ], [ -100300.884436484702746, 5306215.89443991612643 ], [ -100285.113136307016248, 5306215.160781688988209 ], [ -100272.090536996140145, 5306209.812973222695291 ], [ -100254.883549345729989, 5306206.863130927085876 ], [ -100237.94640014100878, 5306204.03133187443018 ], [ -100223.400950195995392, 5306201.478362930938601 ], [ -100206.632783978275256, 5306200.620122556574643 ], [ -100192.054717422506656, 5306199.379157623276114 ], [ -100179.492201566987205, 5306196.000502882525325 ], [ -100157.352535960133537, 5306183.190497620031238 ], [ -100139.320893521799007, 5306121.341838699765503 ], [ -100050.370609125588089, 5306075.030072682537138 ], [ -100012.634971538951504, 5306031.849032918922603 ], [ -99990.883254357526312, 5305968.499414625577629 ], [ -99967.791361826268258, 5305932.688688655383885 ], [ -99935.515166026671068, 5305889.20727742370218 ], [ -99908.136693863430992, 5305841.69148853328079 ], [ -99893.728723489606637, 5305807.411929953843355 ], [ -99881.423800935779582, 5305758.743112588301301 ], [ -99877.284163031727076, 5305741.133605223149061 ], [ -99883.167954717631801, 5305715.022786572575569 ], [ -99877.62301956176816, 5305649.982509546913207 ], [ -99876.229856134479633, 5305626.007527092471719 ], [ -99867.934439000018756, 5305582.691967506892979 ], [ -99866.010615560197039, 5305559.292421940714121 ], [ -99866.072954474992002, 5305544.312131634913385 ], [ -99866.150766799037228, 5305525.586726415902376 ], [ -99866.971859363213298, 5305507.613366081379354 ], [ -99882.351092294236878, 5305441.698411297053099 ], [ -99887.243138636433287, 5305420.377410143613815 ], [ -99890.06620092310186, 5305350.865692336112261 ], [ -99892.017854235644336, 5305321.181259660981596 ], [ -99880.975294707357534, 5305321.972950793802738 ], [ -99865.930242887785425, 5305313.280322690494359 ], [ -99859.448554216840421, 5305293.424504321999848 ], [ -99852.830276530759875, 5305287.787925456650555 ], [ -99815.408782547150622, 5305258.402723418548703 ], [ -99777.230316026223591, 5305233.155661818571389 ], [ -99723.696772903902456, 5305208.242376157082617 ], [ -99711.036629854745115, 5305201.448214722797275 ], [ -99697.614616210907116, 5305198.395718491636217 ], [ -99681.944060172507307, 5305197.580918605439365 ], [ -99667.019901319756173, 5305196.769008689559996 ], [ -99651.346228335649357, 5305196.703149380162358 ], [ -99623.001169033814222, 5305192.957535188645124 ], [ -99600.749627338678692, 5305193.492318636737764 ], [ -99587.158853346511023, 5305196.432715561240911 ], [ -99555.308899877345539, 5305205.916003866121173 ], [ -99533.383301651076181, 5305219.587232863530517 ], [ -99509.725572148236097, 5305232.777235519140959 ], [ -99474.231463828284177, 5305239.761697687208652 ], [ -99440.772943717121962, 5305237.079706187359989 ], [ -99363.214094133159961, 5305223.987802262417972 ], [ -99319.561825610915548, 5305223.696073588915169 ], [ -99270.068178128829459, 5305217.337972627952695 ], [ -99200.254938714249874, 5305245.338319917209446 ], [ -99132.184739886579337, 5305241.021547981537879 ], [ -98891.917092418501852, 5305256.167142944410443 ], [ -98790.841555126418825, 5305235.947620965540409 ], [ -98737.974147836837801, 5305222.088067744858563 ], [ -98713.965539299038937, 5305205.72800806351006 ], [ -98698.007667654790566, 5305190.008621761575341 ], [ -98688.906408726470545, 5305178.756125437095761 ], [ -98678.693958641058998, 5305177.70557271502912 ], [ -98669.454997502805782, 5305183.802491386421025 ], [ -98650.916962700866861, 5305191.929491659626365 ], [ -98635.790202375006629, 5305193.252000702545047 ], [ -98618.614495501591591, 5305206.057609117589891 ], [ -98567.27372370865487, 5305228.209959811531007 ], [ -98509.411967464664485, 5305254.787130852229893 ], [ -98484.565457119606435, 5305268.204878569580615 ], [ -98467.818107646759017, 5305283.973829165101051 ], [ -98441.947680625293287, 5305307.605554311536252 ], [ -98434.477029598274385, 5305309.38894827477634 ], [ -98426.28936973081727, 5305306.588905827142298 ], [ -98419.318988495448139, 5305302.967210575938225 ], [ -98411.645847314503044, 5305289.556561796925962 ], [ -98411.672452672777581, 5305262.424731465987861 ], [ -98410.487345373767312, 5305248.828577723354101 ], [ -98397.466749813611386, 5305229.025370767340064 ], [ -98376.703104432395776, 5305209.354837097227573 ], [ -98359.741464939739672, 5305190.218063332140446 ], [ -98331.148719770993921, 5305165.635860483162105 ], [ -98315.334561589377699, 5305157.040112770162523 ], [ -98298.353886463795789, 5305155.007000719197094 ], [ -98284.68808313520276, 5305148.935349278151989 ], [ -98270.086082888854435, 5305145.787199784070253 ], [ -98249.518805089232046, 5305142.392650750465691 ], [ -98231.675737868441502, 5305138.049613160081208 ], [ -98217.177264748606831, 5305132.896346297115088 ], [ -98200.548581852926873, 5305126.568118392489851 ], [ -98185.858861847751541, 5305121.164046948775649 ], [ -98171.637908218399389, 5305114.458926448598504 ], [ -98157.825274481292581, 5305108.85819851886481 ], [ -98148.097509458777495, 5305105.548838059417903 ], [ -98135.954111486003967, 5305101.468643710017204 ], [ -98122.612693153612781, 5305095.933021658100188 ], [ -98113.957825383258751, 5305093.307195656001568 ], [ -98103.675244018944795, 5305086.045263523235917 ], [ -98089.361004656151636, 5305083.057446650229394 ], [ -98078.532957786665065, 5305080.157695540226996 ], [ -98065.978234295645962, 5305076.557990022003651 ], [ -98055.335089100364712, 5305074.975714020431042 ], [ -98042.965267283288995, 5305072.693483271636069 ], [ -98026.058508299713139, 5305068.764640686102211 ], [ -98018.597208109829808, 5305067.290051322430372 ], [ -98002.19060759813874, 5305064.222084863111377 ], [ -97992.212039762875065, 5305062.219108341261744 ], [ -97978.546013795072213, 5305059.466290145181119 ], [ -97964.019488163627102, 5305056.254137597978115 ], [ -97947.297742173584993, 5305053.64261990878731 ], [ -97931.240573543560458, 5305050.610400865785778 ], [ -97919.736928684418672, 5305048.568794469349086 ], [ -97907.154820598632796, 5305046.062074146233499 ], [ -97895.22092590770626, 5305043.790649368427694 ], [ -97878.052454801159911, 5305041.605464419350028 ], [ -97858.514770971989492, 5305038.266164542175829 ], [ -97842.653524645633297, 5305036.113986021839082 ], [ -97820.741173439135309, 5305031.839289446361363 ], [ -97778.031335725987446, 5305022.439222572371364 ], [ -97652.432671209535329, 5305057.769487422890961 ], [ -97625.312460264976835, 5305066.697477880865335 ], [ -97612.601444208834437, 5305071.884169853292406 ], [ -97596.901722463720944, 5305077.806563094258308 ], [ -97581.951737489187508, 5305082.983222744427621 ], [ -97569.237381848142832, 5305088.918855558149517 ], [ -97556.876465590656153, 5305094.950770396739244 ], [ -97545.38150365180627, 5305101.223460983484983 ], [ -97532.976393556164112, 5305109.004669458605349 ], [ -97520.347976562217809, 5305116.998974706046283 ], [ -97483.659187467055744, 5305134.012600756250322 ], [ -97468.725009860165301, 5305141.071213589049876 ], [ -97466.564409863392939, 5305114.321885537356138 ], [ -97462.625481000985019, 5305097.592719290405512 ], [ -97446.72805584044545, 5305088.21829098649323 ], [ -97430.361975623571198, 5305080.144767199642956 ], [ -97415.543125009047799, 5305071.235319868661463 ], [ -97402.038067024957854, 5305063.481824601069093 ], [ -97390.126324912649579, 5305056.687920339405537 ], [ -97377.4632875569514, 5305051.01406801212579 ], [ -97365.296067213421338, 5305043.343178447335958 ], [ -97353.38766468562244, 5305035.800209084525704 ], [ -97341.102779640044901, 5305029.004651845432818 ], [ -97328.061589974386152, 5305024.452685286290944 ], [ -97311.158504533697851, 5305026.137770483270288 ], [ -97293.823610788400401, 5305027.70528479386121 ], [ -97275.553188042555121, 5305029.656692944467068 ], [ -97261.749125906135305, 5305028.846166470088065 ], [ -97246.822295385733014, 5305028.77939576189965 ], [ -97232.268607798367157, 5305028.714450223371387 ], [ -97200.789348233389319, 5305025.692277670837939 ], [ -97187.57327564751904, 5305018.517701742239296 ], [ -97174.536427441664273, 5305013.029278834350407 ], [ -97161.125545746748685, 5305007.72641740553081 ], [ -97147.904686422771192, 5305001.675394573248923 ], [ -97134.864498632145114, 5304996.935905992053449 ], [ -97117.530050164932618, 5304988.008438364602625 ], [ -97104.972766325503471, 5304978.588947160169482 ], [ -97093.646676054049749, 5304968.833028387278318 ], [ -97081.828108355621225, 5304962.104746288619936 ], [ -97070.211696852391469, 5304955.51046568248421 ], [ -97056.608455077468534, 5304951.517335663549602 ], [ -97043.759959450093447, 5304945.655100223608315 ], [ -97037.635383705608547, 5304940.56201714463532 ], [ -97033.402348748713848, 5304927.435850145295262 ], [ -97026.182389214911382, 5304914.670928197912872 ], [ -97021.567751043505268, 5304901.17870432510972 ], [ -97011.533968740899581, 5304891.771468104794621 ], [ -97000.567329105339013, 5304882.359982681460679 ], [ -96988.467791012182715, 5304875.939450514502823 ], [ -96975.248824119276833, 5304869.51375153940171 ], [ -96962.591241418616846, 5304862.716033603996038 ], [ -96950.306022414733889, 5304856.10737404320389 ], [ -96937.646881241264055, 5304849.684122189879417 ], [ -96925.361662237235578, 5304843.075471827760339 ], [ -96910.121356030751485, 5304835.882632480934262 ], [ -96896.895709968492156, 5304830.954783290624619 ], [ -96884.044987951332587, 5304825.654154331423342 ], [ -96869.696684824550175, 5304821.470201842486858 ], [ -96855.896296231469023, 5304819.910022573545575 ], [ -96842.095128401866532, 5304818.537071119062603 ], [ -96828.293960572380456, 5304817.164119861088693 ], [ -96816.156685171590652, 5304817.112560048699379 ], [ -96799.986972536513349, 5304815.787670649588108 ], [ -96787.064783406065544, 5304812.866709210909903 ], [ -96773.084613835511846, 5304809.80779966711998 ], [ -96759.47591740541975, 5304807.124866705387831 ], [ -96743.48676498439454, 5304799.909393045119941 ], [ -96730.781426222194568, 5304793.678425890393555 ], [ -96719.439528583257925, 5304788.581318982876837 ], [ -96707.493054789709277, 5304782.033092794008553 ], [ -96693.468246103264391, 5304769.098481178283691 ], [ -96692.312304510720423, 5304750.684439728967845 ], [ -96691.239629897536361, 5304738.900907967239618 ], [ -96688.313263123432989, 5304725.780803267844021 ], [ -96681.080390528702992, 5304716.01161177828908 ], [ -96669.731034483746043, 5304708.845182002522051 ], [ -96659.265666515319026, 5304699.087719267234206 ], [ -96649.660464252257952, 5304690.966622195206583 ], [ -96635.918963669697405, 5304675.883843009360135 ], [ -96622.951690145724569, 5304669.500866966322064 ], [ -96609.101319101275294, 5304664.715158707462251 ], [ -96596.630864464648766, 5304657.918045773170888 ], [ -96584.161300383842899, 5304650.933713571168482 ], [ -96571.874188948655501, 5304644.88626738730818 ], [ -96559.028921586446813, 5304638.461943746544421 ], [ -96546.184656099838321, 5304631.850248604081571 ], [ -96533.597427317246911, 5304625.216809157282114 ], [ -96520.641397061888711, 5304620.292112682946026 ], [ -96504.516991459357087, 5304611.348426408134401 ], [ -96491.608605945992167, 5304606.152103738859296 ], [ -96479.657679372830899, 5304599.173589595593512 ], [ -96466.060337531045661, 5304594.0563606005162 ], [ -96453.211953223057208, 5304588.380811521783471 ], [ -96440.529212317502243, 5304581.275011284276843 ], [ -96428.868273018015316, 5304575.721446073614061 ], [ -96416.774634857560159, 5304568.17702845018357 ], [ -96401.140814251164556, 5304561.236412949860096 ], [ -96376.077787496629753, 5304549.83653729967773 ], [ -96352.208662280594581, 5304530.670998184010386 ], [ -96280.421505655394867, 5304519.929248913191259 ], [ -96266.257102327261236, 5304518.326991256326437 ], [ -96250.976387145652552, 5304516.342078041285276 ], [ -96237.571739342150977, 5304512.873689976520836 ], [ -96222.244047335305368, 5304508.492313896305859 ], [ -96206.384136843131273, 5304503.979991446249187 ], [ -96191.902695605313056, 5304497.836520170792937 ], [ -96178.840689194606966, 5304489.712251749821007 ], [ -96164.360027193280985, 5304484.748387744650245 ], [ -96137.786172309570247, 5304483.851674313656986 ], [ -96123.318423369040829, 5304486.983327719382942 ], [ -96110.381317426959868, 5304489.935061442665756 ], [ -96095.053291461852496, 5304492.607105203904212 ], [ -96080.428693358815508, 5304493.328005071729422 ], [ -96065.988662971489248, 5304495.366144420579076 ], [ -96053.079275582742412, 5304497.224667516537011 ], [ -96042.784226435265737, 5304499.149957914836705 ], [ -96023.317119163271855, 5304501.145969957113266 ], [ -96009.489902572895517, 5304504.412531884387136 ], [ -95994.554723090375774, 5304506.173415772616863 ], [ -95979.633235905712354, 5304506.062543041072786 ], [ -95965.466160909883911, 5304504.834121950902045 ], [ -95945.014655380742624, 5304503.218178889714181 ], [ -95930.517406775266863, 5304498.909657804295421 ], [ -95918.115747583899065, 5304497.936746596358716 ], [ -95900.356169981183484, 5304493.326180006377399 ], [ -95889.540590894815978, 5304489.986923631280661 ], [ -95877.646771220432129, 5304486.182429809123278 ], [ -95860.921129048234434, 5304483.78612419962883 ], [ -95845.798376223901869, 5304481.482136857695878 ], [ -95830.517772361752577, 5304479.496623103506863 ], [ -95816.408694820667733, 5304476.741847040131688 ], [ -95802.47327568520268, 5304475.477993222884834 ], [ -95786.16441368656524, 5304474.437709341756999 ], [ -95769.981565351350582, 5304476.430978528223932 ], [ -95757.653599663128261, 5304481.148150752298534 ], [ -95743.331567935994826, 5304487.127203425392509 ], [ -95730.641925221978454, 5304490.243953251279891 ], [ -95717.906084919261048, 5304497.261777148582041 ], [ -95703.310652523083263, 5304503.517033279873431 ], [ -95689.46952099626651, 5304508.654896859079599 ], [ -95674.893346871758695, 5304512.289668607525527 ], [ -95660.298693711971282, 5304515.47638772893697 ], [ -95648.256596475868719, 5304521.304133730009198 ], [ -95634.429268565814709, 5304524.570094336755574 ], [ -95620.955602678106516, 5304530.459290032275021 ], [ -95608.598248644280829, 5304536.731146080419421 ], [ -95595.383957170051872, 5304544.170140396803617 ], [ -95582.838807155116228, 5304549.868171916343272 ], [ -95569.365029947948642, 5304555.757231440395117 ], [ -95554.780506861716276, 5304563.479736122302711 ], [ -95541.854310229886323, 5304565.993475429713726 ], [ -95529.99522223661188, 5304569.409716367721558 ], [ -95504.310587445361307, 5304576.410565542057157 ], [ -95487.18931580298522, 5304581.004899423569441 ], [ -95468.984237597993342, 5304585.352697536349297 ], [ -95452.136366625025403, 5304587.766063239425421 ], [ -95439.615818217411288, 5304590.21912509854883 ], [ -95425.164989839700866, 5304592.961615251377225 ], [ -95410.599725025313091, 5304595.098634948953986 ], [ -95396.040471463347785, 5304599.020738842897117 ], [ -95378.919199821015354, 5304603.614931726828218 ], [ -95365.545944114011945, 5304606.554534993134439 ], [ -95348.888095511574647, 5304610.066607740707695 ], [ -95332.687881335936254, 5304614.519209742546082 ], [ -95318.18117057372001, 5304617.376079145818949 ], [ -95306.495407027890906, 5304622.54670471791178 ], [ -95292.501879118179204, 5304624.157649387605488 ], [ -95282.441157498673419, 5304625.431713359430432 ], [ -95267.743979087827029, 5304628.99367896374315 ], [ -95251.499571074222331, 5304633.391233078204095 ], [ -95242.472562246257439, 5304636.879589708521962 ], [ -95228.362260190755478, 5304643.082163556478918 ], [ -95217.30378197535174, 5304647.84124481678009 ], [ -95204.934850714329514, 5304655.610061198472977 ], [ -95187.925455160293495, 5304664.363827648572624 ], [ -95172.932612181655713, 5304670.981325230561197 ], [ -95156.414580859753187, 5304677.559739961288869 ], [ -95146.448258168573375, 5304675.116389072500169 ], [ -95131.755643856726238, 5304669.926570937037468 ], [ -95120.543322105004336, 5304665.044588618911803 ], [ -95107.386916766146896, 5304659.456296894699335 ], [ -95096.538053151787608, 5304657.428007747046649 ], [ -95083.510444463958265, 5304655.343901564367115 ], [ -95068.871486146730604, 5304651.275006107054651 ], [ -95054.511049195381929, 5304646.942842758260667 ], [ -95037.52291566360509, 5304646.288699043914676 ], [ -95024.026317960961023, 5304645.505277971737087 ], [ -95010.937594872521004, 5304645.826190108433366 ], [ -94996.301642181453644, 5304646.982538528740406 ], [ -94983.089131819229806, 5304648.382689130492508 ], [ -94967.42135876804241, 5304648.264666435308754 ], [ -94953.287234341667499, 5304649.599418045952916 ], [ -94938.399922240321757, 5304652.062077849172056 ], [ -94923.473648317303741, 5304656.055232213810086 ], [ -94908.335088125255425, 5304659.824205717071891 ], [ -94897.788456928537926, 5304663.054473185911775 ], [ -94882.598355812311638, 5304666.71744180098176 ], [ -94867.974759584933054, 5304669.510296636261046 ], [ -94854.522800997830927, 5304672.403684781864285 ], [ -94840.700705103925429, 5304674.919886806979775 ], [ -94825.021800103757414, 5304676.298900860361755 ], [ -94812.003764892055187, 5304678.164151911623776 ], [ -94796.706351786575397, 5304678.42285970505327 ], [ -94782.157673576337402, 5304678.312897485680878 ], [ -94766.332383445740561, 5304680.030772158876061 ], [ -94748.88628152901947, 5304680.239441864192486 ], [ -94735.900640289080911, 5304677.96323892660439 ], [ -94721.354856385514722, 5304677.478827241808176 ], [ -94707.552352721992065, 5304677.374492420814931 ], [ -94693.376817445110646, 5304677.267115768045187 ], [ -94679.579991075559519, 5304676.414034171029925 ], [ -94664.666741532928427, 5304675.177986146882176 ], [ -94649.386137670648168, 5304673.190454117953777 ], [ -94635.22473996898043, 5304671.211439630948007 ], [ -94619.37796517649258, 5304672.10193526186049 ], [ -94604.334026551805437, 5304672.15319009590894 ], [ -94588.837128918952658, 5304672.807487709447742 ], [ -94573.923879376365221, 5304671.571288068778813 ], [ -94559.383772766959737, 5304670.337978332303464 ], [ -94545.216697771262261, 5304669.107406399212778 ], [ -94531.422765708426596, 5304667.879724369384348 ], [ -94516.512410472831107, 5304666.269228449091315 ], [ -94502.724044384507579, 5304664.292800982482731 ], [ -94427.653074100395315, 5304641.559580497443676 ], [ -94354.288631609888398, 5304620.439184340648353 ], [ -94272.393442581626005, 5304608.925777106545866 ], [ -94195.570748790429207, 5304595.135440787300467 ], [ -94178.141567436308833, 5304594.687230860814452 ], [ -94164.605117355808034, 5304597.629112678579986 ], [ -94150.424016104196198, 5304598.269716960377991 ], [ -94141.138300779537531, 5304604.659488495439291 ], [ -94132.123091817804379, 5304612.826746209524572 ], [ -94126.815489816144691, 5304624.017117573879659 ], [ -94122.983093706643558, 5304637.464987667277455 ], [ -94114.97866572116618, 5304648.164134217426181 ], [ -94108.195857827653526, 5304657.09705719165504 ], [ -94096.196173317657667, 5304665.241546951234341 ], [ -94085.811957258003531, 5304667.358811265788972 ], [ -94078.87185492394201, 5304686.82257794123143 ], [ -94069.818352057220181, 5304696.047250024974346 ], [ -94057.471684694406576, 5304701.858530423603952 ], [ -94046.218063411695766, 5304710.008534445427358 ], [ -94032.743173009366728, 5304715.895565429702401 ], [ -94021.759167533557047, 5304716.908955818973482 ], [ -94008.094922677628347, 5304714.150459674187005 ], [ -93997.961398111103335, 5304709.732487278990448 ], [ -93985.291681585964398, 5304702.186136540025473 ], [ -93968.728120592466439, 5304701.978530989959836 ], [ -93953.209293019943289, 5304703.548120305873454 ], [ -93937.014533499212121, 5304705.975508949719369 ], [ -93924.015088642365299, 5304711.32960656657815 ], [ -93909.479323493069387, 5304717.081732580438256 ], [ -93898.007627327941009, 5304726.62050523608923 ], [ -93884.538302900342387, 5304731.758491275832057 ], [ -93870.328592539561214, 5304736.142101154662669 ], [ -93853.766367379852454, 5304738.839462568983436 ], [ -93842.342204637257964, 5304742.264740055426955 ], [ -93830.695068954490125, 5304747.818404076620936 ], [ -93816.502390475812717, 5304749.955915405414999 ], [ -93802.326743879195419, 5304749.84732118062675 ], [ -93788.156885896212771, 5304748.989974370226264 ], [ -93773.986916593610658, 5304748.132627641782165 ], [ -93759.81138131651096, 5304748.02388134226203 ], [ -93738.726467884742306, 5304744.627803537994623 ], [ -93701.112502501695417, 5304764.794552591629326 ], [ -93688.021775662229629, 5304769.18654306139797 ], [ -93674.933943129784893, 5304773.204082291573286 ], [ -93660.048857418325497, 5304772.28787330724299 ], [ -93645.873210821839166, 5304772.178974635899067 ], [ -93632.070595838711597, 5304772.072965737432241 ], [ -93618.963171075942228, 5304774.646077392622828 ], [ -93604.852869020352955, 5304769.386849632486701 ], [ -93590.312762411034782, 5304768.152006074786186 ], [ -93576.453374487697147, 5304772.073117827996612 ], [ -93562.26347899614484, 5304773.8358771847561 ], [ -93548.082155105599668, 5304774.475580965168774 ], [ -93534.632645547448192, 5304776.99272298719734 ], [ -93522.276404708463815, 5304782.887552855536342 ], [ -93508.456646523904055, 5304785.027505688369274 ], [ -93492.453467846949934, 5304783.372578370384872 ], [ -93478.266355342741008, 5304784.760886092670262 ], [ -93464.087814439408248, 5304785.025984753854573 ], [ -93448.876339980924968, 5304783.102004396729171 ], [ -93432.95509244929417, 5304783.347635067999363 ], [ -93423.299796415434685, 5304797.849133820272982 ], [ -93415.784506272291765, 5304804.90429919026792 ], [ -93405.512611578902579, 5304816.33460005838424 ], [ -93402.187943666736828, 5304826.970071579329669 ], [ -93394.148004763803328, 5304842.953796414658427 ], [ -93384.84247456988669, 5304850.713344881311059 ], [ -93378.776341558143031, 5304863.395288052968681 ], [ -93369.367061598793953, 5304874.179561731405556 ], [ -93358.112661079590907, 5304882.328955318778753 ], [ -93346.490906240782351, 5304889.726854449138045 ], [ -93336.341240348294377, 5304899.7566142026335 ], [ -93326.928954762683134, 5304910.915236473083496 ], [ -93317.525352097392897, 5304920.950798559002578 ], [ -93308.859241058744374, 5304932.115225730463862 ], [ -93299.8228813935566, 5304942.902316307649016 ], [ -93291.159553342062281, 5304953.692309143953025 ], [ -93280.636633196947514, 5304963.71924761030823 ], [ -93270.486855984767317, 5304973.749086649157107 ], [ -93259.602370133448858, 5304982.275614215061069 ], [ -93247.971821054830798, 5304990.796521971933544 ], [ -93235.603669030344463, 5304998.188575053587556 ], [ -93222.868274005537387, 5305004.828971088863909 ], [ -93211.980782527971314, 5305013.72983777616173 ], [ -93204.060512077456224, 5305024.900003208778799 ], [ -93182.513734078689595, 5305070.296419114805758 ], [ -93178.322777889261488, 5305080.690951562486589 ], [ -93175.059447016566992, 5305088.921289129182696 ], [ -93168.672157273831544, 5305090.327285576611757 ], [ -93166.138636982970638, 5305079.719805064611137 ], [ -93158.502231233855127, 5305064.519436184316874 ], [ -93151.130320595169906, 5305052.856579085811973 ], [ -93142.678944854080328, 5305042.354392510838807 ], [ -93133.160571793938288, 5305030.949520080350339 ], [ -93126.589604891312774, 5305018.260657617822289 ], [ -93118.419867461969261, 5305010.657478056848049 ], [ -93110.887322798007517, 5304998.340519748628139 ], [ -93103.584652882505907, 5304985.54934049025178 ], [ -93096.010586048403638, 5304974.851025065407157 ], [ -93084.576293232079479, 5304962.430232166312635 ], [ -93077.58041983320436, 5304950.396083800122142 ], [ -93070.208620513847563, 5304938.733368895016611 ], [ -93062.51332675429876, 5304929.349669762887061 ], [ -93053.358411831577541, 5304925.27305041719228 ], [ -93039.346961483723135, 5304923.062188988551497 ], [ -93028.788975698960712, 5304918.344033578410745 ], [ -93016.145753212651471, 5304913.004874994046986 ], [ -93004.265737155161332, 5304905.425355697982013 ], [ -92992.391621030721581, 5304897.097078108228743 ], [ -92979.37247262398887, 5304892.12934778444469 ], [ -92965.595683762905537, 5304888.653215722180903 ], [ -92952.585218276421074, 5304882.56226890720427 ], [ -92938.435397801629733, 5304879.083250598050654 ], [ -92923.510571032209555, 5304879.341811849735677 ], [ -92909.215812580194324, 5304877.294767393730581 ], [ -92895.401509050891036, 5304878.685066280886531 ], [ -92880.485476520960219, 5304877.820559212937951 ], [ -92866.226785584323807, 5304875.349322703666985 ], [ -92852.076965109532466, 5304871.870154980570078 ], [ -92837.542647113572457, 5304869.885318889282644 ], [ -92823.378466424546787, 5304868.277830108068883 ], [ -92810.35942933728802, 5304863.30981088988483 ], [ -92796.585646102525061, 5304859.459080687724054 ], [ -92783.028267957546632, 5304858.03486758004874 ], [ -92770.012125177265261, 5304852.692397316917777 ], [ -92756.993199409509543, 5304847.724386370740831 ], [ -92740.768606265395647, 5304842.698886427097023 ], [ -92722.941680370713584, 5304842.170206789858639 ], [ -92707.97165788775601, 5304837.911872863769531 ], [ -92694.520033259366755, 5304835.375702691264451 ], [ -92680.527061947082984, 5304828.449642186053097 ], [ -92666.836434371987707, 5304818.24915742687881 ], [ -92654.961761650032713, 5304805.25152899324894 ], [ -92647.388251413343824, 5304794.553115449845791 ], [ -92639.02760105728521, 5304780.552312776446342 ], [ -92633.465522699931171, 5304767.936794413253665 ], [ -92630.294364365647198, 5304755.601904348470271 ], [ -92623.24650476462557, 5304741.416367404162884 ], [ -92614.314006184285972, 5304741.185186631046236 ], [ -92599.471555837822962, 5304744.747348379343748 ], [ -92584.908517413350637, 5304746.505691901780665 ], [ -92570.359950522630243, 5304746.392382842488587 ], [ -92556.675668158364715, 5304748.828603975474834 ], [ -92542.870270188243012, 5304749.09537463914603 ], [ -92528.683157683903119, 5304750.482156352140009 ], [ -92514.493150872964179, 5304752.243238623254001 ], [ -92500.317615595820826, 5304752.132667162455618 ], [ -92486.515111932429136, 5304752.024985468946397 ], [ -92471.636260112500167, 5304755.266691720113158 ], [ -92457.452041915050359, 5304756.279173817485571 ], [ -92443.646643944841344, 5304756.54564050771296 ], [ -92429.465320054296171, 5304757.183670083992183 ], [ -92414.750107885833131, 5304761.397099866531789 ], [ -92392.398378648955259, 5304765.850382228381932 ], [ -92383.239344904970494, 5304768.602201515808702 ], [ -92373.680674189017736, 5304774.5093456460163 ], [ -92364.488467236733413, 5304781.168138374574482 ], [ -92354.55999317241367, 5304786.697946818545461 ], [ -92344.477786891235155, 5304788.29705645609647 ], [ -92334.621113898363546, 5304785.220360024832189 ], [ -92324.208177410240751, 5304781.764800258912146 ], [ -92313.955207030070596, 5304781.4913365598768 ], [ -92303.700566857660306, 5304781.405099676921964 ], [ -92293.637173570561572, 5304780.759007508866489 ], [ -92282.845194216133677, 5304778.04855400044471 ], [ -92272.80829496755905, 5304774.221889589913189 ], [ -92262.765273147320841, 5304771.14352476131171 ], [ -92253.105969611628097, 5304766.758529652841389 ], [ -92243.45145281412988, 5304761.812313605099916 ], [ -92233.610475869616494, 5304756.864579243585467 ], [ -92228.180088469671318, 5304759.625521465204656 ], [ -92218.992556936078472, 5304765.722776191309094 ], [ -92208.900999817575212, 5304768.444328921847045 ], [ -92202.403503779118182, 5304765.021627437323332 ], [ -92192.940233866786002, 5304759.515710381790996 ], [ -92182.690380432439269, 5304758.86794670112431 ], [ -92172.246274486649781, 5304759.154033451341093 ], [ -92161.800498748605605, 5304759.627346580848098 ], [ -92151.735546988551505, 5304759.168178091756999 ], [ -92141.108097841599374, 5304759.0785953681916 ], [ -92130.654641058630659, 5304760.487279943190515 ], [ -92120.403229151474079, 5304760.026590482331812 ], [ -92110.151817244288395, 5304759.565901041962206 ], [ -92100.104120005358709, 5304757.048611613921821 ], [ -92090.83510260428011, 5304750.60869753267616 ], [ -92080.419160489807837, 5304747.526994428597391 ], [ -92069.976724336389452, 5304747.626006786711514 ], [ -92059.161256569524994, 5304747.721673106774688 ], [ -92048.728171253329492, 5304746.6980891674757 ], [ -92039.067420564431814, 5304742.500027357600629 ], [ -92028.842725334892748, 5304738.858626230619848 ], [ -92019.56914383500407, 5304732.979793799109757 ], [ -92010.293892542613321, 5304727.288190788589418 ], [ -92000.44211760739563, 5304723.649837427772582 ], [ -91990.391303422598867, 5304721.506704691797495 ], [ -91980.165049720380921, 5304718.052233089692891 ], [ -91970.126925957578351, 5304714.412362400442362 ], [ -91960.082345664312015, 5304711.520786373876035 ], [ -91954.728880032722373, 5304705.113755491562188 ], [ -91946.022471338015748, 5304698.304141687229276 ], [ -91944.075270805173204, 5304685.938468761742115 ], [ -91943.92020275440882, 5304682.194884050637484 ], [ -91940.396606912487186, 5304679.919897370040417 ], [ -91932.934193527529715, 5304680.41799742821604 ], [ -91922.693802249981673, 5304678.647498992271721 ], [ -91912.64309938486258, 5304676.504224467091262 ], [ -91902.589279573920066, 5304674.735247682780027 ], [ -91888.891416231694166, 5304662.831507280468941 ], [ -91880.197697959214565, 5304654.525042484514415 ], [ -91871.124825500999577, 5304646.96398341935128 ], [ -91861.473759607790271, 5304641.643230544403195 ], [ -91850.860670674970606, 5304639.869393442757428 ], [ -91840.610928560272441, 5304639.221333855763078 ], [ -91829.80514558890718, 5304638.194263691082597 ], [ -91819.195173601925489, 5304636.046283609233797 ], [ -91809.149257474869955, 5304633.341651455499232 ], [ -91799.092320718045812, 5304631.946674194186926 ], [ -91789.041617852810305, 5304629.803258271887898 ], [ -91778.817145262422855, 5304626.161596804857254 ], [ -91768.779132819123333, 5304622.521457665599883 ], [ -91759.311521446681581, 5304617.576534559950233 ], [ -91748.894243498332798, 5304614.681490364484489 ], [ -91738.657191805323237, 5304612.536557488143444 ], [ -91728.235349757713266, 5304610.202880811877549 ], [ -91718.173737582561444, 5304609.369120816700161 ], [ -91708.126262982521439, 5304606.851567600853741 ], [ -91698.094595750109875, 5304602.462999284267426 ], [ -91689.394866225251462, 5304594.904871985316277 ], [ -91679.743911651326925, 5304589.583996614441276 ], [ -91670.099302288566832, 5304583.514689098112285 ], [ -91660.442225142745883, 5304578.942254941910505 ], [ -91650.593901111642481, 5304574.929361785762012 ], [ -91640.560675406552036, 5304570.727878941223025 ], [ -91630.715468321184744, 5304566.340848461724818 ], [ -91620.113511337549426, 5304563.257076766341925 ], [ -91610.268415571830701, 5304558.87004978582263 ], [ -91600.620689263334498, 5304553.174902488477528 ], [ -91590.976302539347671, 5304547.105618583038449 ], [ -91581.320783866423881, 5304542.345980178564787 ], [ -91570.529249789993628, 5304539.634835258126259 ], [ -91560.46930740706739, 5304538.613707503303885 ], [ -91550.414040442701662, 5304537.031522433273494 ], [ -91540.169307704738458, 5304535.821804257109761 ], [ -91530.112482267737505, 5304534.426537348888814 ], [ -91519.869308002744219, 5304533.029749756678939 ], [ -91509.054062874769443, 5304533.124957615509629 ], [ -91498.22790843671828, 5304534.529805950820446 ], [ -91487.782466656979523, 5304535.002195189706981 ], [ -91476.964104583443259, 5304535.471542662009597 ], [ -91466.336989394840202, 5304535.381201637908816 ], [ -91455.70976288667589, 5304535.290708523243666 ], [ -91445.454009519424289, 5304535.390631170943379 ], [ -91435.013243158362457, 5304535.301811040379107 ], [ -91424.940721672872314, 5304535.777394189499319 ], [ -91414.493610100951628, 5304536.436853308230639 ], [ -91403.4935746180563, 5304536.343318397179246 ], [ -91393.054478049583849, 5304536.067276350222528 ], [ -91382.244130979088368, 5304535.600970632396638 ], [ -91371.812826774956193, 5304534.389579659327865 ], [ -91361.195173743049963, 5304533.176515864208341 ], [ -91350.947324059612583, 5304532.340785569511354 ], [ -91340.882594938622788, 5304531.880867784842849 ], [ -91330.264941906585591, 5304530.667652222327888 ], [ -91320.21780126496742, 5304528.149663903750479 ], [ -91309.421591770078521, 5304525.999579826369882 ], [ -91298.614361645290046, 5304525.15898332092911 ], [ -91287.800786309628165, 5304525.066817324608564 ], [ -91277.361689741024747, 5304524.790775611996651 ], [ -91266.932055329074501, 5304523.392012298107147 ], [ -91256.499303971329937, 5304522.36754035577178 ], [ -91245.134363197954372, 5304521.33500780723989 ], [ -91235.071303869204712, 5304520.687868963927031 ], [ -91224.632207300426671, 5304520.411675291135907 ], [ -91213.259362843018607, 5304520.314642491750419 ], [ -91201.698388446340687, 5304520.4031583070755 ], [ -91191.25294666668924, 5304520.875242650508881 ], [ -91180.056988880096469, 5304521.90245203115046 ], [ -91169.047491240766249, 5304522.931030328385532 ], [ -91158.037993601232301, 5304523.959608739241958 ], [ -91147.401304936327506, 5304524.991381132975221 ], [ -91136.026902006167802, 5304525.081417878158391 ], [ -91125.537711666853284, 5304529.675574475899339 ], [ -91113.156757900578668, 5304536.354420914314687 ], [ -91103.647401719063055, 5304541.576560029760003 ], [ -91093.719261613223352, 5304546.131333558820188 ], [ -91081.428699273761595, 5304549.311828529462218 ], [ -91068.993755554722156, 5304549.644144080579281 ], [ -91059.246620940815774, 5304547.202347477898002 ], [ -91054.029299046262167, 5304546.628818139433861 ], [ -91046.443766304655583, 5304544.899561242200434 ], [ -91038.630139926332049, 5304545.753847570158541 ], [ -91028.170337932358962, 5304547.909715585410595 ], [ -91017.903341296623694, 5304549.318672557361424 ], [ -91007.260307420947356, 5304551.098728173412383 ], [ -90995.272422776775784, 5304551.005041025578976 ], [ -90985.060084010954597, 5304551.005953562445939 ], [ -90974.608297020298778, 5304552.226167879067361 ], [ -90964.350873860777938, 5304552.51270458009094 ], [ -90953.534070259775035, 5304552.794222334399819 ], [ -90942.906955071215634, 5304552.703272783197463 ], [ -90935.01395789590606, 5304548.808716495521367 ], [ -90925.263149739053915, 5304543.710374120622873 ], [ -90911.772118010660051, 5304536.438678380101919 ], [ -90901.320219700763118, 5304537.658890794962645 ], [ -90891.410224671795731, 5304540.942043204791844 ], [ -90880.384808345173951, 5304543.841171006672084 ], [ -90870.484275472903391, 5304546.001601265743375 ], [ -90858.36058105029224, 5304551.155305474065244 ], [ -90848.604874835451483, 5304557.464741527102888 ], [ -90841.847670424933312, 5304563.540419922210276 ], [ -90831.018176402023528, 5304565.318653162568808 ], [ -90820.390504615905229, 5304569.418993847444654 ], [ -90810.657841535954503, 5304569.634505128487945 ], [ -90799.635542155083385, 5304572.159500737674534 ], [ -90789.170842103587347, 5304574.876282406970859 ], [ -90779.069600189453922, 5304578.718986859545112 ], [ -90769.519612393865827, 5304583.50176144298166 ], [ -90737.549545194022357, 5304594.60723140090704 ], [ -90704.208244506386109, 5304602.489158825948834 ], [ -90663.023929095026688, 5304610.166227006353438 ], [ -90625.053852660872508, 5304611.581885332241654 ], [ -90576.287232773247524, 5304608.996042898856103 ], [ -90505.715907626217813, 5304581.335695198737085 ], [ -90387.25237719193683, 5304559.425024933181703 ], [ -90320.146205154407653, 5304557.890288312919438 ], [ -90225.068005428809556, 5304562.383321357890964 ], [ -90209.633891989054973, 5304611.255347020924091 ], [ -90173.911690032487968, 5304689.157946728169918 ], [ -90154.930047059664503, 5304728.286829451099038 ], [ -90145.164322090800852, 5304736.435183465480804 ], [ -90129.435545958855073, 5304744.157685114070773 ], [ -90118.223112887586467, 5304747.054442375898361 ], [ -90101.398173729568953, 5304752.14802853576839 ], [ -90078.230917903201771, 5304757.560708321630955 ], [ -90067.404206867591711, 5304758.963917321525514 ], [ -90027.813763925398234, 5304766.105442215688527 ], [ -90009.869952565495623, 5304771.1891526915133 ], [ -89991.543758754618466, 5304777.392119723372161 ], [ -89973.927783295090194, 5304787.717732797376812 ], [ -89967.651367765269242, 5304799.405050789937377 ], [ -89966.841184511358733, 5304806.882429376244545 ], [ -89966.368521953379968, 5304818.47927544824779 ], [ -89962.721027517865878, 5304833.275739100761712 ], [ -89956.973936166759813, 5304854.22049012221396 ], [ -89931.89766239275923, 5304909.309413691051304 ], [ -89904.321041535891709, 5304958.425235697068274 ], [ -89896.766455612829304, 5304969.586665637791157 ], [ -89889.22789969627047, 5304978.876865779049695 ], [ -89881.689343779769843, 5304988.167227241210639 ], [ -89874.150787863211008, 5304997.457597919739783 ], [ -89866.242428598328843, 5305006.37047325540334 ], [ -89856.871665182712604, 5305011.9025441063568 ], [ -89847.567359503285843, 5305019.652346315793693 ], [ -89837.61317063657043, 5305025.856846881099045 ], [ -89828.239067636270192, 5305031.763240778818727 ], [ -89819.128903148826794, 5305038.491420853883028 ], [ -89810.838272752560442, 5305042.107081967405975 ], [ -89799.98217337137612, 5305046.877773428335786 ], [ -89789.878371108876308, 5305050.906534977257252 ], [ -89779.404876817658078, 5305054.557791752740741 ], [ -89769.307531085854862, 5305057.838083509355783 ], [ -89758.827580264172866, 5305062.237816375680268 ], [ -89748.717321471252944, 5305067.014906206168234 ], [ -89738.973415122542065, 5305072.543818841688335 ], [ -89729.58305947673216, 5305080.321048923768103 ], [ -89722.037824390776223, 5305090.359682509675622 ], [ -89713.746748716424918, 5305100.391938729211688 ], [ -89703.743467954365769, 5305108.824432633817196 ], [ -89695.758520879666321, 5305115.26550576929003 ], [ -89687.467333885928383, 5305125.297636581584811 ], [ -89679.562091566753224, 5305133.836318021640182 ], [ -89670.904440809201333, 5305143.116794744506478 ], [ -89662.519300165309687, 5305150.15442474745214 ], [ -89653.861649407801451, 5305159.434917646460235 ], [ -89646.316191682781209, 5305169.473636085167527 ], [ -89639.879810044803889, 5305180.644747879356146 ], [ -89636.031049970042659, 5305194.45800134819001 ], [ -89636.679819962359034, 5305205.690743525512516 ], [ -89637.568149498867569, 5305218.967423809692264 ], [ -89641.936214998204377, 5305231.355247114785016 ], [ -89657.625250072043855, 5305271.535590711981058 ], [ -89660.757335264905123, 5305282.868812326341867 ], [ -89662.223412958803237, 5305294.537431689910591 ], [ -89661.992647654304164, 5305306.29626196809113 ], [ -89660.069937409294653, 5305317.897985667921603 ], [ -89656.495579879585421, 5305329.09878243226558 ], [ -89651.344715720915701, 5305339.662892195396125 ], [ -89644.725881437378121, 5305349.368395259603858 ], [ -89636.777892433688976, 5305358.011319313198328 ], [ -89627.6681732240977, 5305365.409746525809169 ], [ -89617.58797069391585, 5305371.408224815502763 ], [ -89606.749459792263224, 5305375.880506074056029 ], [ -89539.508368531940505, 5305426.612140784040093 ], [ -89409.874929071767838, 5305490.667203857563436 ], [ -89299.038342229643604, 5305516.861967111937702 ], [ -89285.850990072227432, 5305520.789780950173736 ], [ -89272.914440727749025, 5305525.482990563847125 ], [ -89260.27266539473203, 5305530.92547391820699 ], [ -89247.968744716417859, 5305537.098827560432255 ], [ -89236.044423501487472, 5305543.981910246424377 ], [ -89224.540556003412348, 5305551.551299247890711 ], [ -89213.496215363484225, 5305559.781290335580707 ], [ -89202.949027569120517, 5305568.643897737376392 ], [ -89199.040154969392461, 5305582.725430889986455 ], [ -89200.63758966246678, 5305605.08675498701632 ], [ -89184.229319358404609, 5305615.596722017042339 ], [ -89117.003367548866663, 5305668.535825640894473 ], [ -89091.147189422350493, 5305690.176210543140769 ], [ -89051.045456058971467, 5305726.688142000697553 ], [ -88722.052278246483183, 5305912.464510774239898 ], [ -88649.324471923973761, 5305953.88658114336431 ], [ -88391.393983490721439, 5306098.631394851021469 ], [ -88367.35732244112296, 5306143.521454891189933 ], [ -88366.929410318509326, 5306151.406360054388642 ], [ -88365.673392504104413, 5306174.550918638706207 ], [ -88369.551763563271379, 5306209.666180822066963 ], [ -88356.980787426378811, 5306241.22355769854039 ], [ -88346.380834193521878, 5306260.527679939754307 ], [ -88333.534787594951922, 5306286.183819495141506 ], [ -88325.748657131029177, 5306300.421592601574957 ], [ -88316.758049776486587, 5306310.688647277653217 ], [ -88309.900769143700018, 5306322.762574384920299 ], [ -88299.55707337858621, 5306334.744789606891572 ], [ -88277.825393705439637, 5306348.614965599961579 ], [ -88260.600483617046848, 5306356.91441535577178 ], [ -88244.384462073721807, 5306359.988281867466867 ], [ -88234.200843736412935, 5306365.847143908031285 ], [ -88219.63635815847374, 5306372.465844601392746 ], [ -88207.296703923508176, 5306377.392527930438519 ], [ -88192.043818614518386, 5306376.990324767306447 ], [ -88179.359964513991144, 5306378.406554593704641 ], [ -88164.118545112782158, 5306377.567008658312261 ], [ -88137.546471340872813, 5306376.428548590280116 ], [ -88118.325602782540955, 5306377.672275147400796 ], [ -88104.277083044376923, 5306381.240688198246062 ], [ -88091.478569868282648, 5306387.030501353554428 ], [ -88080.308772162126843, 5306397.239997742697597 ], [ -88073.172524885332678, 5306401.363502630032599 ], [ -88062.269226040167268, 5306403.32904009334743 ], [ -88055.766609304933809, 5306401.84450479503721 ], [ -88047.417758815005072, 5306404.250276581384242 ], [ -88033.08225742947252, 5306402.121362470090389 ], [ -88021.304321345232893, 5306402.248230222612619 ], [ -88011.728284788579913, 5306401.557911474257708 ], [ -87998.631435377392336, 5306402.087591919116676 ], [ -87984.078193067907705, 5306408.268669843673706 ], [ -87975.489226436271565, 5306422.874150459654629 ], [ -87969.386580631515244, 5306436.849267869256437 ], [ -87963.35562457870401, 5306450.176069037988782 ], [ -87956.027573819330428, 5306463.550502932630479 ], [ -87946.990657556714723, 5306475.566821351647377 ], [ -87943.302976785227656, 5306485.147394159808755 ], [ -87927.68930500667193, 5306479.871840948238969 ], [ -87916.351526188780554, 5306475.349440732970834 ], [ -87903.949644358392106, 5306470.491616520099342 ], [ -87893.90328295333893, 5306471.101772733964026 ], [ -87886.563432327966439, 5306468.281911258585751 ], [ -87874.831248554197373, 5306466.6590879810974 ], [ -87863.534880587016232, 5306465.047826152294874 ], [ -87853.568891854389221, 5306462.596250436268747 ], [ -87842.765557911610813, 5306458.809665528126061 ], [ -87828.407124711200595, 5306457.555127631872892 ], [ -87819.88617428856378, 5306466.521266667172313 ], [ -87809.025622127810493, 5306481.553080936893821 ], [ -87796.949349808128318, 5306493.051298052072525 ], [ -87786.318115798349027, 5306499.335726340301335 ], [ -87775.583577301149489, 5306509.556450106203556 ], [ -87767.30508072928933, 5306517.519854109734297 ], [ -87756.453434127761284, 5306522.308943792246282 ], [ -87743.368607221418642, 5306524.024114521220326 ], [ -87734.213024381548166, 5306525.845922818407416 ], [ -87721.06240765635448, 5306526.498524570837617 ], [ -87713.266258438132354, 5306533.932102930732071 ], [ -87704.268971914279973, 5306540.231466614641249 ], [ -87694.157933885042439, 5306545.774484221823514 ], [ -87684.43050282097829, 5306549.822754165157676 ], [ -87672.848600359735428, 5306552.360605929978192 ], [ -87660.691955367714399, 5306550.288703878410161 ], [ -87651.051910104055423, 5306544.575154923833907 ], [ -87643.553651843278203, 5306537.827333208173513 ], [ -87631.625100487886812, 5306536.619486109353602 ], [ -87619.736624148950796, 5306534.299933325499296 ], [ -87611.561432064598193, 5306527.981710551306605 ], [ -87601.132910847663879, 5306525.66155142057687 ], [ -87591.080092912015971, 5306522.969607744365931 ], [ -87579.541716371735674, 5306518.38177446089685 ], [ -87566.479153363732621, 5306517.59865303710103 ], [ -87555.572626253167982, 5306517.748036335222423 ], [ -87543.232415420818143, 5306522.673883417621255 ], [ -87530.961111353244632, 5306524.975482970476151 ], [ -87520.879127711057663, 5306530.876129649579525 ], [ -87509.308245879496098, 5306535.782664171420038 ], [ -87498.023343819819274, 5306533.733431933447719 ], [ -87489.175670691605774, 5306530.275705322623253 ], [ -87475.969728179101367, 5306526.585081778466702 ], [ -87467.52870515093673, 5306532.489380391314626 ], [ -87453.526271681956132, 5306536.852080329321325 ], [ -87441.57924129111052, 5306538.264074937440455 ], [ -87430.761881092694239, 5306538.186797054484487 ], [ -87421.895283650941565, 5306543.099724533967674 ], [ -87414.78463985704002, 5306548.163711716420949 ], [ -87407.719525734850322, 5306555.345849458128214 ], [ -87397.597801034644363, 5306562.38575844373554 ], [ -87387.854228644442628, 5306568.679512753151357 ], [ -87378.118671257630922, 5306573.8504558224231 ], [ -87367.999506905529415, 5306580.516005236655474 ], [ -87357.517886291476316, 5306585.681630552746356 ], [ -87347.046952348362538, 5306589.349915375933051 ], [ -87337.678971920133336, 5306595.27220407128334 ], [ -87328.676119421725161, 5306602.319901360198855 ], [ -87319.673266923447954, 5306609.367756074294448 ], [ -87309.305526148469653, 5306612.337957606650889 ], [ -87297.400908483468811, 5306617.275111590512097 ], [ -87286.436829196361941, 5306619.610962115228176 ], [ -87275.438240866715205, 5306623.259027853608131 ], [ -87266.274865662679076, 5306623.45420191809535 ], [ -87255.666118190187262, 5306628.863248199224472 ], [ -87245.470143389407895, 5306635.158568450249732 ], [ -87233.634432489183382, 5306637.471300680190325 ], [ -87224.115614150970941, 5306634.593277941457927 ], [ -87215.372136066085659, 5306631.541379112750292 ], [ -87206.018738491198746, 5306626.235927215777338 ], [ -87196.121656523391721, 5306621.159271564334631 ], [ -87188.357678637956269, 5306617.889993187971413 ], [ -87178.393693655947573, 5306615.288992579095066 ], [ -87168.729937340685865, 5306610.35351299867034 ], [ -87159.079428044802626, 5306603.546620175242424 ], [ -87147.806103212147718, 5306601.059563553892076 ], [ -87136.88799887461937, 5306601.645844995044172 ], [ -87128.550169014226412, 5306603.613402116112411 ], [ -87118.067880483111367, 5306604.211245058104396 ], [ -87105.761844734443002, 5306607.824468634091318 ], [ -87096.594795987140969, 5306609.617389878258109 ], [ -87085.774652801424963, 5306609.914181813597679 ], [ -87074.957181283753016, 5306609.836446968838573 ], [ -87063.020726244416437, 5306609.750801731832325 ], [ -87051.457191499197506, 5306609.667742585763335 ], [ -87039.515393124427646, 5306610.330694548785686 ], [ -87028.689906603263807, 5306611.375931666232646 ], [ -87017.121139841881813, 5306612.041469843126833 ], [ -87007.452819427722716, 5306614.849052666686475 ], [ -86994.321238335294765, 5306616.689437666907907 ], [ -86985.355121268803487, 5306620.446422437205911 ], [ -86974.897323025768856, 5306622.242844932712615 ], [ -86964.804430073534604, 5306625.164979609660804 ], [ -86954.34128849474655, 5306627.710001603700221 ], [ -86944.253850197550491, 5306629.883387043140829 ], [ -86934.169083568107453, 5306631.68239744566381 ], [ -86923.721971996041248, 5306631.981624052859843 ], [ -86912.531468864704948, 5306631.901150805875659 ], [ -86901.348980736511294, 5306630.697703139856458 ], [ -86890.555554228747496, 5306627.251045702956617 ], [ -86880.124472663374036, 5306625.304324493743479 ], [ -86868.671589492179919, 5306618.611208889633417 ], [ -86857.768179327278631, 5306613.556463094428182 ], [ -86846.588474186646636, 5306611.978643036447465 ], [ -86836.149377617766731, 5306611.154744817875326 ], [ -86825.710281049337937, 5306610.330998793244362 ], [ -86815.265841145068407, 5306610.255697916261852 ], [ -86804.448480946783093, 5306610.177658823318779 ], [ -86793.622994425531942, 5306611.222743800841272 ], [ -86781.660490625479724, 5306610.614251805469394 ], [ -86769.412007053411799, 5306612.040100733749568 ], [ -86756.493936744358507, 5306615.064002558588982 ], [ -86746.406387127528433, 5306617.237232938408852 ], [ -86735.948588884493802, 5306619.033350569196045 ], [ -86725.85836760008533, 5306621.580804865807295 ], [ -86715.027537743313587, 5306623.374337238259614 ], [ -86704.577754503639881, 5306624.047482430003583 ], [ -86693.011548090755241, 5306624.338342013768852 ], [ -86681.818373291374883, 5306624.631939828395844 ], [ -86671.746965000987984, 5306624.559224927797914 ], [ -86660.929493483010447, 5306624.481033592484891 ], [ -86650.331989278914989, 5306629.451965353451669 ], [ -86637.60149231190735, 5306632.615674161352217 ], [ -86628.816269418079173, 5306635.008574788458645 ], [ -86619.182458045630483, 5306636.503643588162959 ], [ -86608.700058195187012, 5306637.100880135782063 ], [ -86597.323094916617265, 5306638.549703740514815 ], [ -86585.678408262669109, 5306639.560868356376886 ], [ -86575.215155364508973, 5306642.105590015649796 ], [ -86564.735761140327668, 5306646.895960440859199 ], [ -86550.403933298104675, 5306648.246361590921879 ], [ -86533.02940981402935, 5306645.596673002466559 ], [ -86523.778314851151663, 5306643.661661485210061 ], [ -86513.704234892851673, 5306643.963018207810819 ], [ -86503.262466656495235, 5306643.513188921846449 ], [ -86492.818026752225705, 5306643.437583528459072 ], [ -86481.627523620889406, 5306643.356501688249409 ], [ -86465.661859612213448, 5306644.511575694195926 ], [ -86454.844388094410533, 5306644.433232066221535 ], [ -86443.28085334932257, 5306644.349411995150149 ], [ -86431.074225905889762, 5306642.014011665247381 ], [ -86421.498078029733733, 5306641.322001869790256 ], [ -86408.400894660095219, 5306641.849566157907248 ], [ -86395.65882046589104, 5306645.450178012251854 ], [ -86383.156417135425727, 5306656.497853849083185 ], [ -86372.512492703783209, 5306663.218074589967728 ], [ -86363.199170145395328, 5306669.098119575530291 ], [ -86353.117965739773354, 5306671.018836699426174 ], [ -86342.165129721091944, 5306672.916279242374003 ], [ -86332.978600062939222, 5306673.985254698432982 ], [ -86322.484622985241003, 5306675.019393872469664 ], [ -86312.484236529911868, 5306673.878311510197818 ], [ -86303.306278472489794, 5306675.48185096681118 ], [ -86294.850449951816699, 5306674.601052769459784 ], [ -86284.77893034160661, 5306674.527881109155715 ], [ -86274.334490437569912, 5306674.452123338356614 ], [ -86261.896763731230749, 5306668.46467549353838 ], [ -86251.446869172010338, 5306669.137367554008961 ], [ -86241.359208235779079, 5306671.310001994483173 ], [ -86228.809716760879382, 5306671.654562816023827 ], [ -86217.281136335732299, 5306674.528489605523646 ], [ -86206.81231746301637, 5306677.821367000229657 ], [ -86196.71920187176147, 5306680.742606287822127 ], [ -86186.626086280462914, 5306683.663694363087416 ], [ -86178.184172696026508, 5306689.566875086165965 ], [ -86167.609377668311936, 5306693.66251790151 ], [ -86157.788215593027417, 5306696.438635466620326 ], [ -86144.901314741422539, 5306694.809535526670516 ], [ -86129.924835727957543, 5306696.103201194666326 ], [ -86119.453233868072857, 5306699.770312303677201 ], [ -86108.235680100289756, 5306703.431796245276928 ], [ -86098.145236176904291, 5306705.978665015660226 ], [ -86088.054792253431515, 5306708.525382358580828 ], [ -86077.585973380773794, 5306711.818119590170681 ], [ -86067.857651760743465, 5306715.864787990227342 ], [ -86057.026599265023833, 5306717.657577808946371 ], [ -86046.571250050808885, 5306719.078575058840215 ], [ -86036.483477795074577, 5306721.251068965531886 ], [ -85988.210893807452521, 5306732.088901829905808 ], [ -85978.116887660507928, 5306735.01730793248862 ], [ -85954.215479792183032, 5306746.381662043742836 ], [ -85944.109117181462352, 5306751.182126116938889 ], [ -85933.727238831095747, 5306764.47423393279314 ], [ -85925.582214328853297, 5306775.637361543253064 ], [ -85911.771695661969716, 5306786.649593622423708 ], [ -85904.463571091328049, 5306799.148110131733119 ], [ -85904.058590783854015, 5306816.809962216764688 ], [ -85905.36303257693362, 5306831.123541045002639 ], [ -85904.144640750208055, 5306844.221800748258829 ], [ -85903.269669552508276, 5306860.830866450443864 ], [ -85900.227196549836663, 5306876.944482922554016 ], [ -85907.655657489958685, 5306892.899305948056281 ], [ -85916.214122580946423, 5306904.168619810603559 ], [ -85919.858611390009173, 5306917.298624373972416 ], [ -85929.416614189161919, 5306927.618687933310866 ], [ -85936.455679550446803, 5306941.812254826538265 ], [ -85942.313088516981225, 5306950.662783782929182 ], [ -85946.279624612987391, 5306966.147046058438718 ], [ -85948.503008802581462, 5306996.67918858397752 ], [ -85767.76078736850468, 5307066.442584950476885 ], [ -85627.916901573873474, 5307147.194208214990795 ], [ -85574.495457178651122, 5307163.497569981962442 ], [ -85499.481148515100358, 5307233.501059021800756 ], [ -85424.871374881273368, 5307284.206861015409231 ], [ -85424.619681512529496, 5307284.487852417863905 ], [ -85347.715724492911249, 5307249.588389619253576 ], [ -85311.007009208959062, 5307251.48397174384445 ], [ -85300.55165999464225, 5307252.536887151189148 ], [ -85289.72316784724535, 5307253.587368540465832 ], [ -85279.640961566023179, 5307254.642870452255011 ], [ -85268.817478795812349, 5307254.944398980587721 ], [ -85258.742730920479516, 5307254.876547454856336 ], [ -85248.297400460374774, 5307254.431709207594395 ], [ -85237.481487415512674, 5307253.609884288161993 ], [ -85227.416758294406463, 5307252.044279118068516 ], [ -85217.359598898605327, 5307249.35532128252089 ], [ -85207.304999851170578, 5307246.291811956092715 ], [ -85197.247840455369442, 5307243.602703637443483 ], [ -85186.076261637295829, 5307240.157341784797609 ], [ -85176.029120995794074, 5307235.970484149642289 ], [ -85166.352674258581828, 5307232.160614197142422 ], [ -85156.310654313725536, 5307227.224961394444108 ], [ -85147.024827669694787, 5307220.796430795453489 ], [ -85138.871120247029467, 5307212.503365096636117 ], [ -85130.3491679487488, 5307203.4589236471802 ], [ -85122.195460526301758, 5307195.165721178986132 ], [ -85113.663489473896334, 5307187.619039588607848 ], [ -85103.631599602667848, 5307181.185515833087265 ], [ -85093.960273561999202, 5307176.626721359789371 ], [ -85083.920813965247362, 5307171.316548587754369 ], [ -85074.635098640690558, 5307164.888056399300694 ], [ -85064.603208769462071, 5307158.454548271372914 ], [ -85055.312595387207693, 5307152.775009780190885 ], [ -85046.024431033831206, 5307146.720926458016038 ], [ -85037.111969962134026, 5307140.29488526750356 ], [ -84994.788076923490735, 5307111.881764996796846 ], [ -84949.483047921487014, 5307103.715977343730628 ], [ -84938.29165423415543, 5307103.265821696259081 ], [ -84927.84153703568154, 5307103.569475181400776 ], [ -84917.381289763943641, 5307105.370858615264297 ], [ -84906.908352070051478, 5307109.044519616290927 ], [ -84897.179251213761745, 5307113.097597170621157 ], [ -84887.452710705707432, 5307116.776281533762813 ], [ -84877.370615744031966, 5307117.831311619840562 ], [ -84866.184231433697278, 5307116.632061135023832 ], [ -84856.117275922879344, 5307115.440417366102338 ], [ -84845.314053299705847, 5307112.746022058650851 ], [ -84833.77222585544223, 5307108.923271133564413 ], [ -84823.715289098545327, 5307106.233898029662669 ], [ -84812.914738143328577, 5307103.164958840236068 ], [ -84802.857801386722713, 5307100.475587394088507 ], [ -84792.537037436719402, 5307100.822902374900877 ], [ -84782.734465716479463, 5307099.511077172122896 ], [ -84771.537951332269586, 5307099.80955808609724 ], [ -84761.065124958346132, 5307103.482912637293339 ], [ -84750.962435890571214, 5307104.616745096631348 ], [ -84742.649318957162905, 5307104.028910837136209 ], [ -84732.206771484488854, 5307103.209076832979918 ], [ -84722.137255625086254, 5307102.391829124651849 ], [ -84712.085439565125853, 5307098.953365155495703 ], [ -84702.043864897917956, 5307094.017326220870018 ], [ -84692.38534059880476, 5307087.585996649228036 ], [ -84682.348775308943004, 5307081.901024463586509 ], [ -84675.080169157561613, 5307073.170402356423438 ], [ -84669.61204445027397, 5307065.583200342021883 ], [ -84664.061654639357585, 5307057.608224430121481 ], [ -84655.164778296122677, 5307048.935282304883003 ], [ -84646.257660559786018, 5307041.760220102965832 ], [ -84633.793217175625614, 5307034.861279151402414 ], [ -84619.963328917554463, 5307030.114219249226153 ], [ -84607.371090757922502, 5307028.026542051695287 ], [ -84596.992774631347856, 5307024.684859910979867 ], [ -84586.190331244884874, 5307020.894244316965342 ], [ -84576.140407615821459, 5307022.172133577987552 ], [ -84565.324828529453953, 5307021.349568412639201 ], [ -84554.501568397987285, 5307021.650328777730465 ], [ -84544.054011548010749, 5307021.579132087528706 ], [ -84532.101303863193607, 5307023.369850661605597 ], [ -84520.521627791837091, 5307025.163307910785079 ], [ -84509.6857885580539, 5307027.336177140474319 ], [ -84499.225541286214138, 5307029.137089506722987 ], [ -84488.760284637333825, 5307031.686785260215402 ], [ -84477.914204010317917, 5307035.357374737039208 ], [ -84467.068123383345664, 5307039.027965650893748 ], [ -84440.421131594062899, 5307055.922012778930366 ], [ -84406.243821530777495, 5307079.981896444223821 ], [ -84369.274507318885298, 5307092.560521294362843 ], [ -84326.558101755654206, 5307108.049278034828603 ], [ -84312.547430644510314, 5307126.495189717039466 ], [ -84300.564666696969653, 5307150.685631768777966 ], [ -84294.079193163401214, 5307164.956211538054049 ], [ -84283.950566654588329, 5307168.624267043545842 ], [ -84265.541328503735713, 5307172.070363218896091 ], [ -84250.428260475076968, 5307170.007756147533655 ], [ -84238.189239059836837, 5307167.398082678206265 ], [ -84223.670728431476164, 5307163.616385060362518 ], [ -84206.24856020550942, 5307157.947644796222448 ], [ -84198.061122977160267, 5307154.226499467156827 ], [ -84189.402804302808363, 5307151.805930214934051 ], [ -84175.01309032527206, 5307148.634439288638532 ], [ -84165.0591240976064, 5307145.741502561606467 ], [ -84152.891013197950087, 5307144.102131581865251 ], [ -84142.442899750560173, 5307143.384374407120049 ], [ -84130.699027430382557, 5307142.194248545914888 ], [ -84112.486602139018942, 5307140.474248432554305 ], [ -84087.372145779692801, 5307136.436372175812721 ], [ -84074.595673862873809, 5307130.375757770612836 ], [ -84064.16325646371115, 5307128.057426991872489 ], [ -84053.733510732330615, 5307125.364701498299837 ], [ -84042.560039482967113, 5307122.292409148998559 ], [ -84031.762160195416072, 5307118.848156878724694 ], [ -84020.966952575778123, 5307115.029511000961065 ], [ -84010.915470473948517, 5307111.590433862991631 ], [ -84000.861428024203633, 5307108.525600461289287 ], [ -83990.066220404478372, 5307104.706958792172372 ], [ -83978.892749155071215, 5307101.634521096944809 ], [ -83968.087300142200547, 5307099.313611211255193 ], [ -83957.276841752158361, 5307097.741490224376321 ], [ -83946.839414976086118, 5307096.171803600154817 ], [ -83936.018603873380926, 5307096.097411596216261 ], [ -83925.565926326948102, 5307096.774394064210355 ], [ -83912.14079573728668, 5307095.188429595902562 ], [ -83902.95370948164782, 5307096.255019196309149 ], [ -83894.68478638594388, 5307095.595379685051739 ], [ -83880.715303486198536, 5307096.095890288241208 ], [ -83868.936588165452122, 5307096.217594997026026 ], [ -83852.466758183232741, 5307095.922004685737193 ], [ -83832.421123517560773, 5307091.735972239635885 ], [ -83808.930039292376023, 5307087.17174463160336 ], [ -83787.558478171820752, 5307074.85479155369103 ], [ -83772.904491723355022, 5307062.39682986214757 ], [ -83744.996918020609883, 5307050.970935654826462 ], [ -83718.578019867985859, 5307040.116759828291833 ], [ -83706.103891688238946, 5307036.286127814091742 ], [ -83696.627708714877372, 5307030.60407726187259 ], [ -83688.098409330443246, 5307022.86888756044209 ], [ -83682.945207462384133, 5307012.536092207767069 ], [ -83681.528444303097785, 5307001.480085316114128 ], [ -83681.213076185813406, 5306993.052731753326952 ], [ -83676.646528034456423, 5306978.792302513495088 ], [ -83668.716795427229954, 5306965.257397034205496 ], [ -83666.188395832927199, 5306953.070522207766771 ], [ -83666.283351358637447, 5306939.216640803031623 ], [ -83667.124592750435113, 5306925.367952264845371 ], [ -83667.033088129144744, 5306911.512894848361611 ], [ -83665.822154708046583, 5306897.650099436752498 ], [ -83662.927068711127504, 5306884.524534136988223 ], [ -83658.536850633303402, 5306871.763179851695895 ], [ -83654.333315341355046, 5306859.003059984184802 ], [ -83650.318911864451366, 5306845.869942551478744 ], [ -83647.425161701146862, 5306832.557334154844284 ], [ -83644.90700350003317, 5306818.872795695438981 ], [ -83642.762099551298888, 5306805.190863389521837 ], [ -83640.617084283279837, 5306791.509103211574256 ], [ -83637.166180068670656, 5306777.81823549605906 ], [ -83634.459001372058992, 5306764.506940913386643 ], [ -83631.566587042878382, 5306751.007182046771049 ], [ -83611.799919021039386, 5306695.266669247299433 ], [ -83590.479342227423331, 5306648.502233500592411 ], [ -83584.214837883118889, 5306637.03866165317595 ], [ -83577.201598643645411, 5306625.944459076039493 ], [ -83572.955873264829279, 5306619.36239290703088 ], [ -83565.188667114183772, 5306609.386315077543259 ], [ -83558.355542810764746, 5306599.22937386110425 ], [ -83552.839884680957766, 5306587.396660775877535 ], [ -83545.678033921329188, 5306576.313774109818041 ], [ -83537.64299307577312, 5306566.906679494306445 ], [ -83530.148742316669086, 5306553.574996309354901 ], [ -83525.635070923395688, 5306542.949428101070225 ], [ -83520.296522103453754, 5306530.551045583561063 ], [ -83518.606580913867219, 5306519.387906080111861 ], [ -83513.467961899252259, 5306506.996248113922775 ], [ -83508.701261303591309, 5306494.794301581569016 ], [ -83500.383580270863604, 5306485.688488411717117 ], [ -83495.459139956641593, 5306472.90273018181324 ], [ -83487.431112239035429, 5306450.087382851168513 ], [ -83482.673762480597361, 5306420.5588852269575 ], [ -83457.048794936359627, 5306392.151296757161617 ], [ -83455.818157965550199, 5306364.690735224634409 ], [ -83451.823458038459648, 5306296.079538793303072 ], [ -83447.391383832189604, 5306284.639976880513132 ], [ -83442.959420945160673, 5306273.873244716785848 ], [ -83436.557659668644192, 5306267.144176506437361 ], [ -83431.220891960518202, 5306259.678713309578598 ], [ -83420.81040450099681, 5306254.364649423398077 ], [ -83411.143419920481392, 5306249.43027288466692 ], [ -83401.481667356114485, 5306243.74702677782625 ], [ -83379.735627468602615, 5306225.218278085812926 ], [ -83361.184011688936152, 5306217.716796696186066 ], [ -83349.344181967579061, 5306203.830994594842196 ], [ -83345.243283246076317, 5306194.092204662971199 ], [ -83332.543733097612858, 5306179.745526153594255 ], [ -83318.84831878420664, 5306177.737291064113379 ], [ -83308.78770848448039, 5306175.795378947630525 ], [ -83293.571224648825591, 5306173.734512607567012 ], [ -83284.290407381893601, 5306166.930523317307234 ], [ -83277.273939877166413, 5306156.398184610530734 ], [ -83271.757613830501214, 5306144.753133380785584 ], [ -83268.625862595959916, 5306123.756665288470685 ], [ -83263.299447600540589, 5306110.921355724334717 ], [ -83244.896443341087434, 5306103.890913226641715 ], [ -83232.616678992155357, 5306100.467571237124503 ], [ -83235.274431834899588, 5306082.595175642520189 ], [ -83240.313197266019415, 5306073.539961233735085 ], [ -83243.655564977088943, 5306062.688440148718655 ], [ -83246.126412394776708, 5306051.813506105914712 ], [ -83249.024170059536118, 5306039.942087677307427 ], [ -83248.746650569140911, 5306026.086972035467625 ], [ -83241.780722113078809, 5305980.726990500465035 ], [ -83211.442153370255255, 5305946.281576712615788 ], [ -83175.188623484340496, 5305932.176679760217667 ], [ -83161.419404348431272, 5305925.24144144076854 ], [ -83147.506694389099721, 5305907.361166439950466 ], [ -83128.189534471282968, 5305895.900023501366377 ], [ -83113.015574681339785, 5305890.796536085195839 ], [ -83102.978564113465836, 5305885.48496331833303 ], [ -83093.312247449968709, 5305880.550477041862905 ], [ -83083.2753482015396, 5305875.238910088315606 ], [ -83073.987183848032146, 5305869.558172872290015 ], [ -83059.30948634800734, 5305862.535669331438839 ], [ -83061.00243316408887, 5305848.138846233487129 ], [ -83063.450014808156993, 5305838.138948574662209 ], [ -83067.22830964520108, 5305827.299565029330552 ], [ -83074.869836090641911, 5305818.752341198734939 ], [ -83096.363626012025634, 5305808.999349408783019 ], [ -83116.87914024827478, 5305808.238495395518839 ], [ -83139.665683416154934, 5305809.117386741563678 ], [ -83149.120270408238866, 5305797.993135172873735 ], [ -83155.108813734899741, 5305769.707450601272285 ], [ -83156.599493036133936, 5305746.552637097425759 ], [ -83161.058729198368383, 5305726.541205069981515 ], [ -83163.646350761817303, 5305711.293392648920417 ], [ -83160.153367779683322, 5305678.814203664660454 ], [ -83154.903317955031525, 5305659.092072878032923 ], [ -83151.389629547484219, 5305635.109613834880292 ], [ -83147.373778917084564, 5305622.35224471706897 ], [ -83142.984896673136973, 5305609.592459277249873 ], [ -83138.313819519986282, 5305594.969690803438425 ], [ -83135.800670695956796, 5305578.378082104958594 ], [ -83133.653540357438033, 5305560.815002186223865 ], [ -83120.258911308192182, 5305539.885857889428735 ], [ -83107.042950041781296, 5305528.589438782073557 ], [ -83087.244110687330249, 5305518.866257769986987 ], [ -83069.223377559173969, 5305507.878181005828083 ], [ -83052.404783612088067, 5305500.860968298278749 ], [ -83034.290653431235114, 5305493.371323224157095 ], [ -83020.557279171640403, 5305485.12420270126313 ], [ -83011.064509594260016, 5305481.367673652246594 ], [ -83003.237747515857336, 5305478.032171596772969 ], [ -82975.991634227524628, 5305472.10846037697047 ], [ -82949.835561392625095, 5305471.841669106855989 ], [ -82948.179795286589069, 5305435.911768689751625 ], [ -82953.332217917966773, 5305406.291862342506647 ], [ -82959.641027419711463, 5305382.497289886698127 ], [ -82963.286295465266448, 5305360.171785395592451 ], [ -82959.76214302565495, 5305345.197745775803924 ], [ -82951.374775991804199, 5305332.718510468490422 ], [ -82936.746949623688124, 5305325.322694833390415 ], [ -82922.932089496738627, 5305320.136775031685829 ], [ -82912.980349658682826, 5305317.243034551851451 ], [ -82901.344234605698148, 5305312.11583055369556 ], [ -82896.693751558355871, 5305302.189514406956732 ], [ -82896.745626441057539, 5305294.702309831045568 ], [ -82898.17107252056303, 5305284.022653724998236 ], [ -82902.212081355857663, 5305268.62984926532954 ], [ -82903.546134133561281, 5305257.667771336622536 ], [ -82904.530977668749983, 5305248.248008754104376 ], [ -82903.053656706324546, 5305240.17389062885195 ], [ -82899.911218800756615, 5305220.893318968825042 ], [ -82902.242916854855139, 5305207.431986320763826 ], [ -82900.844076133536873, 5305193.944816033355892 ], [ -82890.435147146868985, 5305165.657762811519206 ], [ -82866.996494401813834, 5305145.333944217301905 ], [ -82841.051817280094838, 5305137.195576971396804 ], [ -82824.386064993988839, 5305124.493489977903664 ], [ -82801.60853870480787, 5305112.064285174012184 ], [ -82793.315236640715739, 5305096.086793121881783 ], [ -82818.487690454960102, 5305067.882776901125908 ], [ -82859.76128409782541, 5305057.179196048527956 ], [ -82891.554130668344442, 5305042.281689901836216 ], [ -82900.20053815736901, 5305017.760258122347295 ], [ -82903.653891400696011, 5305003.932664120569825 ], [ -82910.070903447354794, 5304993.120863541960716 ], [ -82914.872224404796725, 5304981.133065154775977 ], [ -82920.289142146342783, 5304967.676640205085278 ], [ -82922.258829216327285, 5304956.238549717701972 ], [ -82925.705948568342137, 5304944.800625302828848 ], [ -82930.137911455283756, 5304937.39964072778821 ], [ -82934.077396914843121, 5304926.634458263404667 ], [ -82937.108626649220241, 5304916.589916448108852 ], [ -82922.25882921628363, 5304900.394501445814967 ], [ -82911.425216372386785, 5304886.938192567788064 ], [ -82905.023455095957615, 5304876.173068135045469 ], [ -82900.591492208841373, 5304860.69834703207016 ], [ -82901.576335743942764, 5304848.587673903442919 ], [ -82902.068813171266811, 5304836.477016441524029 ], [ -82906.500776058295742, 5304819.656634151935577 ], [ -82907.485619593222509, 5304809.564449707977474 ], [ -82909.455417982841027, 5304798.126704522408545 ], [ -82911.917582480207784, 5304779.960822138935328 ], [ -82912.902537334768567, 5304765.159119508229196 ], [ -82912.902537334593944, 5304747.666007170453668 ], [ -82912.004523002557107, 5304734.012045510113239 ], [ -82908.470574447870604, 5304714.698599882423878 ], [ -82900.651048136511235, 5304702.073740568011999 ], [ -82896.535009964412893, 5304690.389129661023617 ], [ -82888.39833442393865, 5304680.224688976071775 ], [ -82879.502682595062652, 5304671.926877957768738 ], [ -82870.745066934890929, 5304662.760176444426179 ], [ -82859.895646723234677, 5304656.472418463788927 ], [ -82850.25137131883821, 5304648.543601522222161 ], [ -82840.977567179797916, 5304640.991672744974494 ], [ -82830.949907449248713, 5304634.557617960497737 ], [ -82821.034012487332802, 5304630.352306082844734 ], [ -82805.419004874725942, 5304627.306079718284309 ], [ -82796.36283034022199, 5304623.561301730573177 ], [ -82804.262061406843713, 5304598.338613858446479 ], [ -82784.025847773038549, 5304579.470159262418747 ], [ -82777.250609604889178, 5304555.657916932366788 ], [ -82788.409164042517659, 5304529.703558885492384 ], [ -82780.726894663355779, 5304514.817082175984979 ], [ -82776.302612821382354, 5304507.299177089706063 ], [ -82770.036550003962475, 5304496.399282461032271 ], [ -82766.770324824712588, 5304483.274346645921469 ], [ -82761.587066694293753, 5304477.622894692234695 ], [ -82756.906750023423228, 5304470.285244006663561 ], [ -82746.863728202995844, 5304466.097191888839006 ], [ -82736.8310590951005, 5304460.411834672093391 ], [ -82727.163740556323319, 5304455.85208394844085 ], [ -82715.43400581140304, 5304452.981119663454592 ], [ -82707.062557464902056, 5304450.289924137294292 ], [ -82694.75151233896031, 5304448.271566026844084 ], [ -82682.770306864229497, 5304444.984796013683081 ], [ -82671.590156445556204, 5304443.409014453180134 ], [ -82658.192855728513678, 5304442.615876746363938 ], [ -82648.58531575629604, 5304435.488742799498141 ], [ -82638.857550733693643, 5304432.451400929130614 ], [ -82628.963808350512409, 5304426.950242116115987 ], [ -82620.3084953022626, 5304424.529009323567152 ], [ -82609.313135238277027, 5304426.237864260561764 ], [ -82597.142241351233679, 5304428.979850109666586 ], [ -82585.748468829668127, 5304428.848142299801111 ], [ -82571.429220089965384, 5304426.274061084724963 ], [ -82561.595701551137608, 5304419.007627542130649 ], [ -82555.659923663188238, 5304412.721402079798281 ], [ -82551.961110942589585, 5304404.307785701006651 ], [ -82555.327078385656932, 5304392.583851786330342 ], [ -82541.233362934304751, 5304376.45200309343636 ], [ -82530.892116198170697, 5304368.042221477255225 ], [ -82517.349988823654712, 5304357.277845870703459 ], [ -82506.762503373771324, 5304346.513330555520952 ], [ -82501.838063059505657, 5304339.112819004803896 ], [ -82495.190174388830201, 5304331.375899170525372 ], [ -82486.080009901415906, 5304322.966158048249781 ], [ -82472.004884804802714, 5304312.885611346922815 ], [ -82456.943357700496563, 5304305.477978364564478 ], [ -82448.969765214016661, 5304293.886026217602193 ], [ -82446.447042913641781, 5304274.127119094133377 ], [ -82454.933484294233494, 5304250.28964701294899 ], [ -82474.212795585175627, 5304235.645580919459462 ], [ -82459.107519920944469, 5304208.395594324916601 ], [ -82448.648942441504914, 5304191.923243491910398 ], [ -82441.336031132857897, 5304188.225481428205967 ], [ -82435.046813861525152, 5304178.86686797440052 ], [ -82424.660816689953208, 5304175.961161533370614 ], [ -82415.321890648716362, 5304166.520283285528421 ], [ -82413.059210678999079, 5304153.332239264622331 ], [ -82409.831502043394721, 5304143.618699189275503 ], [ -82398.998111838373006, 5304141.138531532138586 ], [ -82388.693043936684262, 5304140.271507169120014 ], [ -82377.237711736641359, 5304139.676254917867482 ], [ -82365.097319390290068, 5304137.160805093124509 ], [ -82355.606108285632217, 5304133.404056563973427 ], [ -82349.232622159688617, 5304128.763861311599612 ], [ -82338.790965242762468, 5304128.315977883525193 ], [ -82328.730132304015569, 5304126.747853762470186 ], [ -82318.299050738773076, 5304124.802717138081789 ], [ -82308.253913847991498, 5304120.988638449460268 ], [ -82298.214120292788721, 5304116.426011404953897 ], [ -82287.872873556611012, 5304113.062100044451654 ], [ -82275.910481075858115, 5304113.750272959470749 ], [ -82264.24097017555323, 5304109.934677951037884 ], [ -82258.089677753378055, 5304100.511659907177091 ], [ -82248.049884198218933, 5304095.948890767991543 ], [ -82232.239733518174035, 5304082.93933825660497 ], [ -82222.194707947041024, 5304079.125124542973936 ], [ -82212.533289341154159, 5304073.816404713317752 ], [ -82202.123135839938186, 5304068.876638071611524 ], [ -82193.149894326124922, 5304062.070984957739711 ], [ -82183.293555291878874, 5304055.678846314549446 ], [ -82175.203411298527499, 5304048.459389414638281 ], [ -82171.091046669651405, 5304039.849307327531278 ], [ -82162.566979300972889, 5304031.928312546573579 ], [ -82151.654774896611343, 5304025.426544095389545 ], [ -82142.006603310117498, 5304018.246195308864117 ], [ -82127.751919874819578, 5304015.742184176109731 ], [ -82062.287265048740664, 5303983.275569533929229 ], [ -82022.056623714917805, 5303969.786208862438798 ], [ -82012.01794335473096, 5303967.403114324435592 ], [ -82001.248561856875313, 5303963.887024447321892 ], [ -81983.441339512181003, 5303964.517548077739775 ], [ -81971.760474023700226, 5303961.138939548283815 ], [ -81971.208663307945244, 5303951.123872617259622 ], [ -81964.999484750413103, 5303936.890585114248097 ], [ -81960.170445239768014, 5303921.883083496242762 ], [ -81949.030926435094443, 5303914.581150783225894 ], [ -81933.253058407615754, 5303917.655127801932395 ], [ -81914.827456291444832, 5303938.15968900360167 ], [ -81904.26201210085128, 5303941.845946314744651 ], [ -81896.032941382887657, 5303940.773480858653784 ], [ -81884.855128673370928, 5303939.871800907887518 ], [ -81877.948422186498647, 5303931.474273691885173 ], [ -81864.772647256409982, 5303935.479439124464989 ], [ -81854.003377078028279, 5303931.963209157809615 ], [ -81845.072659609562834, 5303921.834266042336822 ], [ -81837.947989559746929, 5303911.140207834541798 ], [ -81824.972033115423983, 5303907.288804746232927 ], [ -81813.515587720452459, 5303911.792171071283519 ], [ -81804.929849354084581, 5303917.779680695384741 ], [ -81790.567519971431466, 5303922.110289975069463 ], [ -81783.004807725330465, 5303926.70582353323698 ], [ -81772.552575456895283, 5303927.311251563020051 ], [ -81766.201130590066896, 5303935.080078307539225 ], [ -81756.045453445112798, 5303941.304086626507342 ], [ -81745.919387284622644, 5303944.968141545541584 ], [ -81736.594264860337717, 5303951.279298149980605 ], [ -81728.322002179993433, 5303955.657675999216735 ], [ -81715.140883913991274, 5303954.636764022521675 ], [ -81706.238552915834589, 5303945.207210798747838 ], [ -81697.171803029865259, 5303941.89902210328728 ], [ -81686.208948256899021, 5303942.388262274675071 ], [ -81675.378674997584312, 5303943.362636542879045 ], [ -81663.649051572312601, 5303940.116801136173308 ], [ -81654.556364244737779, 5303934.993088824674487 ], [ -81643.766833919158671, 5303932.973625173792243 ], [ -81633.365474657926825, 5303929.836530162021518 ], [ -81623.357407157731359, 5303925.207537607289851 ], [ -81613.732612664156477, 5303919.835183853283525 ], [ -81603.729665860417299, 5303914.831929356791079 ], [ -81593.706458909393405, 5303911.325592290610075 ], [ -81583.315341041321517, 5303907.439971338026226 ], [ -81572.075300736512872, 5303908.321877885609865 ], [ -81559.417495396832237, 5303908.854306763969362 ], [ -81546.925110820520786, 5303919.454985690303147 ], [ -81538.918679084192263, 5303925.364027266390622 ], [ -81525.739453249698272, 5303928.105866404250264 ], [ -81516.935528681191499, 5303932.207296701148152 ], [ -81504.384256094272132, 5303944.99399508908391 ], [ -81497.214501650829334, 5303968.427981772460043 ], [ -81491.140130996660446, 5303999.767779939807951 ], [ -81485.183202405387419, 5304026.735201046802104 ], [ -81488.858081435362692, 5304052.213214312680066 ], [ -81478.716541865622276, 5304058.244613226503134 ], [ -81458.525746584113222, 5304045.26583353523165 ], [ -81435.599831413652282, 5304038.519053011201322 ], [ -81416.583234120975249, 5304032.315663087181747 ], [ -81407.08089106726402, 5304028.995277127251029 ], [ -81407.878161260407069, 5304004.94931834936142 ], [ -81398.412887597180088, 5303978.441090174019337 ], [ -81393.902221830372582, 5303951.627865009009838 ], [ -81354.502803134295391, 5303908.99254665710032 ], [ -81343.422061020857655, 5303883.314179329201579 ], [ -81355.278032068177708, 5303847.756123659200966 ], [ -81366.003998964719358, 5303821.793539044447243 ], [ -81357.8453934842546, 5303797.673746692016721 ], [ -81356.112149012798909, 5303784.333841064013541 ], [ -81364.059358779981267, 5303764.421803605742753 ], [ -81361.774748870360781, 5303752.108614047057927 ], [ -81353.401408092526253, 5303740.900731607340276 ], [ -81347.976141389153781, 5303728.474428321234882 ], [ -81341.033701345673762, 5303717.898601963184774 ], [ -81324.919648455979768, 5303712.168228436261415 ], [ -81318.243150676193181, 5303701.048749803565443 ], [ -81314.769314646531711, 5303684.327887946739793 ], [ -81312.107888260565232, 5303669.816708445549011 ], [ -81308.257569712994155, 5303647.767198177054524 ], [ -81418.60913753391651, 5303405.803882194682956 ], [ -81462.063925279595423, 5303329.975546897388995 ], [ -81499.372875257657142, 5303271.91962668672204 ], [ -81512.944390977922012, 5303252.970968075096607 ], [ -81516.808401822825545, 5303239.577398156747222 ], [ -81523.745609850113397, 5303227.721559144556522 ], [ -81531.336263288278133, 5303218.094593632034957 ], [ -81539.024098641937599, 5303207.802189732901752 ], [ -81546.606069159854087, 5303201.444545425474644 ], [ -81551.656523137586191, 5303191.955836239270866 ], [ -81556.330049319629325, 5303180.269156316295266 ], [ -81558.425082136367564, 5303167.200353535823524 ], [ -81565.280136379500618, 5303156.814636525698006 ], [ -81570.674122305776109, 5303144.163289478980005 ], [ -81578.274905817670515, 5303133.787938546389341 ], [ -81585.129848741198657, 5303123.402258601039648 ], [ -81591.984791664872319, 5303113.016742242500186 ], [ -81601.046532173888409, 5303104.907057336531579 ], [ -81608.647204366163351, 5303094.531597844325006 ], [ -81616.983475753746461, 5303084.914957686327398 ], [ -81623.112949555841624, 5303073.022210543043911 ], [ -81623.225048282998614, 5303064.789843519218266 ], [ -81615.425448160676751, 5303048.733426021412015 ], [ -81616.697829940341762, 5303042.772323232144117 ], [ -81627.539457787657739, 5303012.439810558222234 ], [ -81631.462022684674594, 5302998.271360912360251 ], [ -81632.871550077223219, 5302983.937182871624827 ], [ -81638.275554757798091, 5302970.537611140869558 ], [ -81642.923477456832188, 5302957.876175480894744 ], [ -81649.778309060944594, 5302947.49069067183882 ], [ -81656.653400812370819, 5302935.608458393253386 ], [ -81662.782651975488989, 5302923.716052969917655 ], [ -81669.647613653054577, 5302912.582152395509183 ], [ -81672.824894559322274, 5302900.787248416803777 ], [ -81681.05363131883496, 5302886.572132489643991 ], [ -81687.940188977809157, 5302873.633296723477542 ], [ -81693.531544361365377, 5302860.221869957633317 ], [ -81702.360181856623967, 5302839.897885844111443 ], [ -81717.165228854297311, 5302817.402509368956089 ], [ -81623.870590010279557, 5302787.999210534617305 ], [ -81612.683983060749597, 5302787.845781105570495 ], [ -81603.178189103011391, 5302783.401042617857456 ], [ -81592.443094008383923, 5302781.961635117419064 ], [ -81581.26672845230496, 5302781.059762644581497 ], [ -81570.825850771725527, 5302780.916521398350596 ], [ -81560.405455877596978, 5302779.276394097134471 ], [ -81549.249461788247572, 5302776.877788270823658 ], [ -81538.849438360964996, 5302773.740928563289344 ], [ -81526.957845076380181, 5302770.583693787455559 ], [ -81516.578193115754402, 5302765.95010432228446 ], [ -81506.94438174366951, 5302761.326705201528966 ], [ -81497.310570371351787, 5302756.703308364376426 ], [ -81487.727743325973279, 5302748.338014697656035 ], [ -81477.814520031781285, 5302744.132029434666038 ], [ -81462.938451199195697, 5302736.467743786051869 ], [ -81451.843682829887257, 5302729.57866592798382 ], [ -81442.220112850540318, 5302724.206846170127392 ], [ -81431.850813602766721, 5302718.824841490015388 ], [ -81405.198589797451859, 5302704.745638927444816 ], [ -81356.922777544663404, 5302662.165569701232016 ], [ -81348.846993765691877, 5302652.698087023571134 ], [ -81345.991648826820892, 5302643.302537607960403 ], [ -81346.14994514270802, 5302631.702759594656527 ], [ -81346.33885431852832, 5302617.858009599149227 ], [ -81341.89542552412604, 5302601.825167222879827 ], [ -81340.418104561598739, 5302589.717415930703282 ], [ -81331.500300154293654, 5302565.568865515291691 ], [ -81332.887118370665121, 5302544.82432328350842 ], [ -81334.960777845059056, 5302529.508553209714592 ], [ -81338.510756406467408, 5302515.335968549363315 ], [ -81340.910581988980994, 5302503.618353408761322 ], [ -81348.789552908332553, 5302470.658847557380795 ], [ -81350.759351297907415, 5302457.878572228364646 ], [ -81350.759351297994726, 5302441.735155507922173 ], [ -81351.412462750333361, 5302429.609364625997841 ], [ -81354.206470649922267, 5302416.174853307195008 ], [ -81350.266873870627023, 5302346.220610797405243 ], [ -81344.850067448671325, 5302266.849975736811757 ], [ -81384.24525600396737, 5302179.408686787821352 ], [ -81446.785213848706917, 5302083.896665948443115 ], [ -81454.171818660150166, 5302071.117070563137531 ], [ -81480.271118554635905, 5302017.308063086122274 ], [ -81486.180402403828339, 5302007.218899108469486 ], [ -81490.119887863664189, 5301997.802254498936236 ], [ -81492.601978549704654, 5301983.656474796123803 ], [ -81497.995296559180133, 5301971.006712835282087 ], [ -81501.897267350519542, 5301958.336593605577946 ], [ -81504.328151070920285, 5301944.149212596938014 ], [ -81510.456956956128124, 5301932.258066388778389 ], [ -81517.331380790492403, 5301920.377274464815855 ], [ -81524.185544477659278, 5301909.992940373718739 ], [ -81533.981659667391796, 5301902.64285737182945 ], [ -81542.306687786491239, 5301893.775661420077085 ], [ -81549.170981547169504, 5301882.643137546256185 ], [ -81556.035163988461136, 5301871.510626910254359 ], [ -81563.624704231740907, 5301861.884903696365654 ], [ -81571.939490957767703, 5301853.765963257290423 ], [ -81580.254277683459804, 5301845.647181906737387 ], [ -81590.009538620070089, 5301841.290316827595234 ], [ -81596.832866808326798, 5301833.15102016646415 ], [ -81603.686807856487576, 5301822.766782810911536 ], [ -81618.963738175545586, 5301813.497047176584601 ], [ -81635.926268224124215, 5301791.644548773765564 ], [ -81639.091637944889953, 5301771.169623265974224 ], [ -81635.782109483523527, 5301748.332434604875743 ], [ -81627.880095429514768, 5301701.74854960013181 ], [ -81578.295499923377065, 5301681.596151632256806 ], [ -81542.667919533938402, 5301672.868892310187221 ], [ -81522.272741667256923, 5301673.955542082898319 ], [ -81510.217954009247478, 5301668.379830469377339 ], [ -81512.027897610096261, 5301649.995453208684921 ], [ -81498.668556839722442, 5301644.007265079766512 ], [ -81481.622982450891868, 5301645.733097450807691 ], [ -81474.32420871744398, 5301641.598459135740995 ], [ -81473.346600949342246, 5301629.323334776796401 ], [ -81477.583866046887124, 5301617.626897873356938 ], [ -81475.817337047526962, 5301602.268400211818516 ], [ -81473.980231490946608, 5301589.53264188952744 ], [ -81465.045061242824886, 5301581.416674334555864 ], [ -81459.111843703009072, 5301575.131745654158294 ], [ -81456.945009814779041, 5301558.450105495750904 ], [ -81459.993160111698671, 5301542.347161771729589 ], [ -81465.583736258849967, 5301528.112670326605439 ], [ -81465.026693526931922, 5301514.259213249199092 ], [ -81470.244238060447969, 5301501.50487370416522 ], [ -81478.44848453188024, 5301488.166262656450272 ], [ -81487.382764223963022, 5301480.096755046397448 ], [ -81493.429750283277826, 5301472.665972407907248 ], [ -81490.524756851707934, 5301460.496888864785433 ], [ -81488.181704209302552, 5301450.3722915193066 ], [ -81481.997127259455738, 5301441.531218427233398 ], [ -81471.405856946847052, 5301425.858897489495575 ], [ -81485.967002940145903, 5301419.254031837917864 ], [ -81497.443931121335481, 5301413.87794647924602 ], [ -81510.168862113830983, 5301410.72299465816468 ], [ -81519.8918403981952, 5301405.736892784945667 ], [ -81530.544781708653318, 5301398.588808383792639 ], [ -81537.701400452366215, 5301391.783423563465476 ], [ -81542.350547665846534, 5301380.97336098831147 ], [ -81543.880411427788204, 5301372.703407755121589 ], [ -81548.435271032445598, 5301358.98534208163619 ], [ -81553.696341487011523, 5301348.035138791427016 ], [ -81557.368660168795031, 5301341.135527526959777 ], [ -81558.921901023757528, 5301331.991395305842161 ], [ -81554.813209938045475, 5301322.694170665927231 ], [ -81547.79651979447226, 5301308.068822275847197 ], [ -81542.510402454630821, 5301293.927885395474732 ], [ -81534.882011709123617, 5301285.847598536871374 ], [ -81529.413664362858981, 5301277.148074578493834 ], [ -81532.326561478286749, 5301267.40619851835072 ], [ -81534.75098866839835, 5301258.2857038769871 ], [ -81539.890609558176948, 5301251.892590442672372 ], [ -81541.018053360981867, 5301242.932204600423574 ], [ -81546.803215977968648, 5301231.491214022040367 ], [ -81546.22580177927739, 5301220.539791494607925 ], [ -81548.39085455572058, 5301204.850812465883791 ], [ -81550.555796012602514, 5301189.162011755630374 ], [ -81553.356928359469748, 5301182.238952148705721 ], [ -81551.826285360977636, 5301174.323719291016459 ], [ -81548.941886035201605, 5301168.121770639903843 ], [ -81542.122231390196248, 5301165.436992385424674 ], [ -81532.591167907929048, 5301160.24288594443351 ], [ -81525.775298125692643, 5301154.37177336961031 ], [ -81521.72538373102725, 5301142.889081592671573 ], [ -81526.294937508675503, 5301125.665906510315835 ], [ -81531.601092356853769, 5301119.377330821938813 ], [ -81536.084484848601278, 5301111.345541278831661 ], [ -81537.672902662612614, 5301100.890344513580203 ], [ -81541.427375128652784, 5301090.93124414794147 ], [ -81543.486563069338445, 5301079.176490840502083 ], [ -81535.645440776832402, 5301063.563613050617278 ], [ -81527.511882181963301, 5301057.310350671410561 ], [ -81518.165163776662666, 5301048.308950168080628 ], [ -81514.480377311861957, 5301039.460655035451055 ], [ -81505.769738476825296, 5301039.22485264390707 ], [ -81496.836349340577726, 5301036.693664113990963 ], [ -81486.019545739705791, 5301036.919432297348976 ], [ -81474.462244886060944, 5301036.76071042381227 ], [ -81464.396179931078223, 5301036.622512929141521 ], [ -81453.957306001539109, 5301036.479298366233706 ], [ -81443.150743793637957, 5301035.956762877292931 ], [ -81433.094808912370354, 5301035.070261800661683 ], [ -81437.765106828999706, 5301024.8045823732391 ], [ -81438.84991526689555, 5301015.542173990979791 ], [ -81440.003073872008827, 5301005.075225693173707 ], [ -81438.772102942792117, 5300995.798393804579973 ], [ -81439.967006356993807, 5300990.201953559182584 ], [ -81439.460168715391774, 5300976.628269964829087 ], [ -81430.596131621961831, 5300965.890141322277486 ], [ -81418.165640682622325, 5300958.117392498068511 ], [ -81413.071104186383309, 5300948.879223003983498 ], [ -81403.015503263566643, 5300938.023302277550101 ], [ -81391.950345878794906, 5300928.100558417849243 ], [ -81379.107861503885943, 5300919.44180691614747 ], [ -81367.67779882819741, 5300906.884548638947308 ], [ -81353.175540845681098, 5300895.118928146548569 ], [ -81343.381874684491777, 5300886.54275943338871 ], [ -81334.447483673080569, 5300878.427249087952077 ], [ -81323.382437607695465, 5300868.504416342824697 ], [ -81316.602190062432783, 5300861.322231289930642 ], [ -81313.447173054373707, 5300848.989142276346684 ], [ -81314.588643112918362, 5300838.959464171901345 ], [ -81315.271031591488281, 5300829.792257779277861 ], [ -81316.353613639425021, 5300821.94816830009222 ], [ -81314.022694821775076, 5300811.387178525328636 ], [ -81305.458886394990259, 5300803.252121609635651 ], [ -81295.822069396541337, 5300799.003681783564389 ], [ -81286.231116028153338, 5300791.388268898241222 ], [ -81274.37559025878727, 5300782.759137294255197 ], [ -81266.67940594322863, 5300772.924582251347601 ], [ -81255.532317413206329, 5300766.061425345018506 ], [ -81247.021831022575498, 5300758.39495786651969 ], [ -81235.851254079927457, 5300752.405971591360867 ], [ -81224.256883835754707, 5300745.968051264062524 ], [ -81212.180054918731912, 5300741.266595016233623 ], [ -81200.009161031688564, 5300740.061927997507155 ], [ -81180.575894885143498, 5300749.595737565308809 ], [ -81167.628324910838273, 5300761.05483886692673 ], [ -81158.188432091701543, 5300771.734201802872121 ], [ -81146.629684084662586, 5300780.169031105935574 ], [ -81135.169899104832439, 5300784.51628081779927 ], [ -81120.392793299484765, 5300783.394463677890599 ], [ -81107.347039534390206, 5300781.110086214728653 ], [ -81095.846288982051192, 5300776.835811632685363 ], [ -81085.857257114752429, 5300771.085497736930847 ], [ -81077.036857261831756, 5300766.080884935334325 ], [ -81067.435996458792943, 5300759.213324236683547 ], [ -81061.621111537708202, 5300748.557843935675919 ], [ -81054.487981206795666, 5300738.304032673127949 ], [ -81043.263636949923239, 5300731.765479838475585 ], [ -81029.098565705076908, 5300726.242930664680898 ], [ -81017.021848107338883, 5300721.541332292370498 ], [ -81004.753660985472379, 5300717.469585211016238 ], [ -80992.856613046009443, 5300712.5752207711339 ], [ -80989.172383178709424, 5300703.72709081415087 ], [ -80992.362243187468266, 5300682.380694354884326 ], [ -81002.968986909065279, 5300659.343205616809428 ], [ -81015.585492717669695, 5300645.393736974336207 ], [ -81027.862140120778349, 5300626.480949922464788 ], [ -81038.514302194846096, 5300603.150037623010576 ], [ -81041.399703396178666, 5300585.644176268950105 ], [ -81038.184573863109108, 5300566.836863075383008 ], [ -81027.261460148452898, 5300551.669055199250579 ], [ -81018.774907448299928, 5300543.12831864040345 ], [ -81004.897597087168833, 5300540.564882994629443 ], [ -80990.467028856553952, 5300542.360443257726729 ], [ -80972.14038976781012, 5300543.175598236732185 ], [ -80959.13404310248734, 5300540.635878385975957 ], [ -80945.221444462629734, 5300539.38365354668349 ], [ -80933.545143073366489, 5300536.005064498633146 ], [ -80920.585995872170315, 5300531.716915549710393 ], [ -80906.30849194151233, 5300527.830264429561794 ], [ -80893.419921297361725, 5300520.919703603722155 ], [ -80880.43717436400766, 5300517.505547597073019 ], [ -80869.184666276181815, 5300514.575893215835094 ], [ -80858.803233203783748, 5300511.669803460128605 ], [ -80852.11471291896305, 5300508.115332797169685 ], [ -80845.820708909493987, 5300492.071964018978179 ], [ -80838.264341874513775, 5300481.369356350041926 ], [ -80830.401957559442963, 5300465.847016810439527 ], [ -80823.83433024144324, 5300450.797342287376523 ], [ -80815.818881626371876, 5300440.957206950522959 ], [ -80805.649623503471958, 5300430.183663138188422 ], [ -80799.870583458512556, 5300418.217211826704443 ], [ -80794.609513004033943, 5300403.203035005368292 ], [ -80791.890868399874307, 5300390.882254967465997 ], [ -80785.335152267609374, 5300375.395486457273364 ], [ -80781.004044839297421, 5300358.219785299152136 ], [ -80777.897006531711668, 5300344.138962783850729 ], [ -80772.165165950835217, 5300330.42422794830054 ], [ -80768.681533805982326, 5300314.146291549317539 ], [ -80765.315789001761004, 5300293.49764444027096 ], [ -80759.781985795052606, 5300268.144023610278964 ], [ -80750.203834168132744, 5300255.909464438445866 ], [ -80739.363653474283637, 5300253.865710858255625 ], [ -80732.411194676722516, 5300252.051507480442524 ], [ -80723.791949143575039, 5300249.506393866613507 ], [ -80709.103008374891942, 5300244.733737628906965 ], [ -80698.321715691476129, 5300240.504553598351777 ], [ -80683.679974387006951, 5300233.983526491560042 ], [ -80670.744872195806238, 5300228.821100591681898 ], [ -80662.152899937951588, 5300224.213851845823228 ], [ -80650.912636994093191, 5300220.846929954364896 ], [ -80640.143255496237543, 5300216.180549690499902 ], [ -80630.680319542472716, 5300211.549744212068617 ], [ -80621.723553313291632, 5300204.308319509029388 ], [ -80614.508825795477605, 5300197.114178259856999 ], [ -80609.518706981456489, 5300188.230962913483381 ], [ -80605.787834247690625, 5300181.131541574373841 ], [ -80603.069523601938272, 5300168.811053673736751 ], [ -80605.600483544723829, 5300155.758310549892485 ], [ -80615.792896121623926, 5300142.077599551528692 ], [ -80626.716677753225667, 5300132.27594502735883 ], [ -80635.619565348970355, 5300119.891522000543773 ], [ -80646.100740685054916, 5300105.311528845690191 ], [ -80659.378595588568714, 5300086.841137826442719 ], [ -80663.605396653860225, 5300073.35678119212389 ], [ -80677.447196097520646, 5300061.048748414032161 ], [ -80695.808121589449001, 5300058.923100422136486 ], [ -80715.828598050095025, 5300059.904063423164189 ], [ -80730.293786642228952, 5300056.797756943851709 ], [ -80737.120565734687261, 5300046.048673619516194 ], [ -80734.588158638638561, 5300033.766367457807064 ], [ -80727.987914710043697, 5300012.997637922875583 ], [ -80720.949962543643778, 5299999.247968354262412 ], [ -80710.366039317494142, 5299983.206839377991855 ], [ -80705.734814542083768, 5299969.395191373303533 ], [ -80700.742469338336377, 5299956.71151433698833 ], [ -80703.438293446903117, 5299937.540324987843633 ], [ -80700.672672017550212, 5299926.968323326669633 ], [ -80698.283644425697275, 5299918.593395962379873 ], [ -80695.906416699843248, 5299909.781435389071703 ], [ -80687.903435867876397, 5299899.504676218144596 ], [ -80681.766837618328282, 5299886.527859250083566 ], [ -80684.984638819092652, 5299873.379588960669935 ], [ -80689.704028631269466, 5299860.964345527812839 ], [ -80695.449227551260265, 5299845.913210739381611 ], [ -80700.875607449517702, 5299822.44271897803992 ], [ -80707.796451511458145, 5299808.197616355493665 ], [ -80718.142151027335785, 5299796.232263735495508 ], [ -80728.040568829106633, 5299784.692104306071997 ], [ -80737.927186765111401, 5299773.589145429432392 ], [ -80747.307634976183181, 5299765.096546062268317 ], [ -80754.263767316864687, 5299749.540278914384544 ], [ -80771.529642977897311, 5299739.512234181165695 ], [ -80787.324320248590084, 5299735.567387439310551 ], [ -80812.510800318530528, 5299738.875002455897629 ], [ -80841.547264977460145, 5299729.781838172115386 ], [ -80866.233697894800571, 5299726.35109731182456 ], [ -80908.443488455362967, 5299720.484835851937532 ], [ -80929.62847810916719, 5299710.562773840501904 ], [ -80951.898387520515826, 5299695.665411519818008 ], [ -80987.688383046930539, 5299703.594443855807185 ], [ -81042.632121478862246, 5299681.523412784561515 ], [ -81124.144816736705252, 5299656.610605521127582 ], [ -81165.981130405591102, 5299644.594219232909381 ], [ -81250.526057273367769, 5299618.018983038142323 ], [ -81271.58135972043965, 5299617.730925196781754 ], [ -81315.619795556180179, 5299618.796663253568113 ], [ -81382.298278110029059, 5299619.097033892758191 ], [ -81406.043504732690053, 5299626.207429942674935 ], [ -81433.131099066318711, 5299632.53847786039114 ], [ -81477.291986342082964, 5299618.548279847018421 ], [ -81513.146547173178988, 5299614.460139225237072 ], [ -81572.443990889907582, 5299614.302353509701788 ], [ -81637.960409279272426, 5299660.573204190470278 ], [ -81684.494516779319383, 5299661.391018608585 ], [ -81752.656442867344595, 5299670.084025479853153 ], [ -81793.841092237198609, 5299680.864599524997175 ], [ -81819.633706934459042, 5299686.884062790311873 ], [ -81849.138158732763259, 5299681.180933250114322 ], [ -81883.913588420065935, 5299675.182451084256172 ], [ -81929.213830684137065, 5299664.898348804563284 ], [ -81954.92518215320888, 5299664.79528590478003 ], [ -81991.866221214469988, 5299650.2160011716187 ], [ -82002.863807668283698, 5299640.510627534240484 ], [ -82041.032700713229133, 5299648.860528631135821 ], [ -82077.390091684035724, 5299621.088965747505426 ], [ -82092.750956899268203, 5299623.445872838608921 ], [ -82110.545934100096929, 5299617.209532922133803 ], [ -82122.763804811882437, 5299617.67665783688426 ], [ -82151.081368199447752, 5299643.56967290583998 ], [ -82184.956779803804238, 5299661.087150381878018 ], [ -82250.738027261788375, 5299659.610220202244818 ], [ -82281.06535273604095, 5299649.155427877791226 ], [ -82311.554982027853839, 5299650.072351781651378 ], [ -82320.643995812250068, 5299653.028489514254034 ], [ -82351.700241312093567, 5299652.474717150442302 ], [ -82362.412961189125781, 5299646.848525566980243 ], [ -82380.796707176778, 5299645.208339042030275 ], [ -82415.064965264129569, 5299628.253630726598203 ], [ -82429.131184801153722, 5299626.188428749330342 ], [ -82435.897962688119151, 5299626.239503957331181 ], [ -82442.238720883615315, 5299619.721032646484673 ], [ -82455.74567129908246, 5299613.116072558797896 ], [ -82476.833701676514465, 5299607.063062660396099 ], [ -82511.053758424299303, 5299608.151296875439584 ], [ -82519.614338585786754, 5299614.691801492124796 ], [ -82608.129141134078964, 5299627.392800495028496 ], [ -82650.361752190132393, 5299626.749039988033473 ], [ -82732.274863656624802, 5299628.608117084950209 ], [ -82700.353443074272946, 5299660.89956989698112 ], [ -82689.702505514607765, 5299698.24579313583672 ], [ -82697.038459957882878, 5299757.456131840124726 ], [ -82745.775023583089933, 5299835.231103116646409 ], [ -82798.117448154065642, 5299923.49281801097095 ], [ -82832.418100213209982, 5299968.162044794298708 ], [ -82850.356122959696222, 5299998.908821543678641 ], [ -82885.42833040941332, 5300036.219452639110386 ], [ -82920.650707852415508, 5300054.15099735185504 ], [ -83020.550377363178995, 5300108.322536523453891 ], [ -83096.863895803689957, 5300168.915946343913674 ], [ -83150.297362703873659, 5300194.812917694449425 ], [ -83175.802773114759475, 5300228.287360734306276 ], [ -83261.56063715426717, 5300277.663975012488663 ], [ -83302.758310904639075, 5300306.171592202037573 ], [ -83344.367532812335412, 5300348.051685326732695 ], [ -83354.585660191674833, 5300363.197120319120586 ], [ -83359.45688978927501, 5300377.495970667339861 ], [ -83383.852222238085233, 5300385.36188308801502 ], [ -83396.510695494696847, 5300398.52136167511344 ], [ -83410.51190444927488, 5300405.365702531300485 ], [ -83424.978985472742352, 5300406.169443922117352 ], [ -83480.207033884071279, 5300418.022623150609434 ], [ -83557.691410728701157, 5300441.582780689001083 ], [ -83583.7551997055416, 5300448.758866976946592 ], [ -83631.857687511190306, 5300453.047890080139041 ], [ -83674.316945050712093, 5300459.989109490066767 ], [ -83688.900688900495879, 5300461.354884976521134 ], [ -83726.458883218627307, 5300469.746868228539824 ], [ -83740.73082117496233, 5300465.800345693714917 ], [ -83761.869167962024221, 5300454.717558519914746 ], [ -83842.085102471755818, 5300430.492573065683246 ], [ -83926.406499801771133, 5300411.809165573678911 ], [ -83989.941765213690815, 5300405.691638126038015 ], [ -84116.522378958296031, 5300395.623213075101376 ], [ -85116.580950688541634, 5300203.274134761653841 ], [ -86024.671032668455155, 5300124.408572970889509 ], [ -86518.631903472283739, 5300129.102574732154608 ], [ -86727.380995595041895, 5300076.491064265370369 ], [ -86895.600330912464415, 5300063.28096055611968 ], [ -86989.311527291094535, 5300045.469491286203265 ], [ -87157.566039567434927, 5300040.753793111070991 ], [ -87326.745060215034755, 5299954.29082914441824 ], [ -87451.218507318248157, 5299848.52814073394984 ], [ -87583.671001563256141, 5299784.474422947503626 ], [ -87723.665725267885136, 5299710.62160206399858 ], [ -87768.47404670206015, 5299671.386297492310405 ], [ -87906.841390770903672, 5299548.35226184129715 ], [ -87821.349357675615465, 5299322.910724039189517 ], [ -88849.859632779625827, 5298450.366209300234914 ], [ -88890.560932920474443, 5298423.282306598499417 ], [ -88940.025859973931802, 5298362.946106415241957 ], [ -88953.83782579410763, 5298264.078053845092654 ], [ -88977.496111894550268, 5298213.292649714276195 ], [ -88991.536060031765373, 5298165.664114516228437 ], [ -89020.563619131411542, 5298124.962847944349051 ], [ -89030.517028761780239, 5298100.569560541771352 ], [ -89094.781659477288486, 5298032.6025106953457 ], [ -89169.124600291732349, 5297966.728450483642519 ], [ -89235.036870790354442, 5297964.068450979888439 ], [ -89293.395000643955427, 5297935.139675304293633 ], [ -89377.285591544728959, 5297859.222790566273034 ], [ -89495.602625529252691, 5297751.89207645598799 ], [ -89599.455138838558923, 5297730.362128514796495 ], [ -89704.537955160136335, 5297672.585746185854077 ], [ -89740.932526841163053, 5297663.437595829367638 ], [ -89852.682044827291975, 5297563.946984277106822 ], [ -89916.448966099356767, 5297555.722193890251219 ], [ -89993.49162720462482, 5297486.292691455222666 ], [ -90071.719284289152711, 5297444.727515673264861 ], [ -90121.095378388999961, 5297443.117045680992305 ], [ -90334.071939494242542, 5297442.260215578600764 ], [ -90453.784140656818636, 5297417.858219509012997 ], [ -90595.2707681771426, 5297365.315124890767038 ], [ -90739.21288102537801, 5297247.267752204090357 ], [ -91049.621937766933115, 5297064.903623742982745 ], [ -91129.524062632001005, 5296991.275875424034894 ], [ -91175.217262698439299, 5296921.666829154826701 ], [ -91196.243065480477526, 5296868.301196214742959 ], [ -91218.375495320535265, 5296807.159267757087946 ], [ -91213.110083406048943, 5296766.247658946551383 ], [ -91217.39888942768448, 5296576.854706854559481 ], [ -91243.643683896589209, 5296522.708295884542167 ], [ -91247.401384627970401, 5296412.056665764190257 ], [ -91257.570308792463038, 5296361.495862294919789 ], [ -91281.617990471611847, 5296315.879213825799525 ], [ -91300.329794998426223, 5296243.42755392100662 ], [ -91344.930171623680508, 5296176.837758295238018 ], [ -91384.783773842180381, 5296111.994978217408061 ], [ -91374.438853562664008, 5295982.732426643371582 ], [ -91418.825274126691511, 5295853.064892437309027 ], [ -91342.955141218131757, 5295608.837098580785096 ], [ -91349.221426674354007, 5295595.625999723561108 ], [ -91352.608878779225051, 5295554.526104175485671 ], [ -91348.271314820478437, 5295529.273584125563502 ], [ -91319.961877755704336, 5295495.502773397602141 ], [ -91286.276154563835007, 5295454.82617122028023 ], [ -91292.956882484140806, 5295425.065209579654038 ], [ -91289.260296153428499, 5295373.961681596003473 ], [ -91266.945079709432321, 5295353.326958894729614 ], [ -91256.509879323100904, 5295325.644703746773303 ], [ -91263.662824523460586, 5295222.34171362221241 ], [ -91240.227288724287064, 5295174.487406986765563 ], [ -91235.87792489954154, 5295104.070488292723894 ], [ -91248.176947520245449, 5295022.313217150047421 ], [ -91184.729179228190333, 5295016.786891667172313 ], [ -91084.327570133493282, 5295011.373153049498796 ], [ -90979.388244635396404, 5295008.641823434270918 ], [ -90857.797749704797752, 5295050.41908360645175 ], [ -90815.723657603521133, 5295050.198321575298905 ], [ -90788.776771106102387, 5295015.457614347338676 ], [ -90700.583125288670999, 5294968.031602487899363 ], [ -90612.487329303679871, 5294939.46608030796051 ], [ -90645.064421686896821, 5294905.745861546136439 ], [ -90660.277120659826323, 5294864.23239304497838 ], [ -90705.097241959811072, 5294775.020444418303668 ], [ -90798.903171225043479, 5294649.067870266735554 ], [ -90776.666657661276986, 5294612.424229422584176 ], [ -90774.197146077494835, 5294577.980492317117751 ], [ -90811.425500744429883, 5294521.139054233208299 ], [ -90836.304293741821311, 5294498.085414025001228 ], [ -90872.272400453613955, 5294462.782348964363337 ], [ -90942.789513008407084, 5294374.135126309469342 ], [ -90943.598694386979332, 5294345.997560775838792 ], [ -90933.05128395385691, 5294259.474407548084855 ], [ -90888.857668747848948, 5294179.211812309920788 ], [ -90880.378463134169579, 5294168.182339294813573 ], [ -90876.478718732832931, 5294151.061918688938022 ], [ -90858.063135370801319, 5294103.061769422143698 ], [ -90863.986445475995424, 5294095.832204629667103 ], [ -90865.580206625498249, 5294083.197190823964775 ], [ -90859.871631818255992, 5294074.626343905925751 ], [ -90859.2482426698989, 5294062.315554489381611 ], [ -90878.7841453870642, 5294041.180259997956455 ], [ -90875.947279483545572, 5293998.886570487171412 ], [ -90881.055396957788616, 5293940.518684668466449 ], [ -90907.074992096793721, 5293907.773111917078495 ], [ -90912.79358565833536, 5293864.440310508944094 ], [ -90910.048558334834524, 5293823.675991558469832 ], [ -90883.190170832749573, 5293775.14475413504988 ], [ -90887.562021194549743, 5293622.591626860201359 ], [ -90875.234055506196455, 5293505.550552307628095 ], [ -90863.04791084905446, 5293438.605295168235898 ], [ -90816.861899396855733, 5293383.218604254536331 ], [ -90713.92777188650507, 5293384.010958001948893 ], [ -90651.059644183158525, 5293361.208483981899917 ], [ -90629.74886350473389, 5293344.532651961781085 ], [ -90628.338000278308755, 5293289.498788730241358 ], [ -90733.385862279712455, 5293141.687208442017436 ], [ -90772.905506025723298, 5293030.434460450895131 ], [ -90847.653093189175706, 5292963.834070960991085 ], [ -90876.753232596995076, 5292916.97637037653476 ], [ -90948.463912732244353, 5292912.421323726885021 ], [ -90986.831065790102002, 5292895.828620087355375 ], [ -91104.429309822473442, 5292779.996921562589705 ], [ -91122.546668268565554, 5292753.305501919239759 ], [ -91222.842746486043325, 5292719.095986400730908 ], [ -91230.645018276249175, 5292632.229526151902974 ], [ -91245.53555864279042, 5292604.249236605130136 ], [ -91314.526480978893233, 5292511.471205902285874 ], [ -91283.37227432684449, 5292467.397542874328792 ], [ -91290.096082890260732, 5292391.443220078013837 ], [ -91289.669951879564906, 5292360.341969847679138 ], [ -91271.163420493656304, 5292328.573716555722058 ], [ -91236.781171247697785, 5292267.138022536411881 ], [ -91220.556355464505032, 5292234.636761615052819 ], [ -91192.819434541161172, 5292164.833834790624678 ], [ -91178.085743337214808, 5292102.91879341378808 ], [ -91130.193760688707698, 5292032.998983431607485 ], [ -91127.47433684799762, 5292000.38963201828301 ], [ -91180.296437104800134, 5291949.35291968844831 ], [ -91258.607361168556963, 5291869.173589265905321 ], [ -91310.215856336857541, 5291788.480062968097627 ], [ -91404.915347154557821, 5291757.204629882238805 ], [ -91441.105870209139539, 5291734.701977862045169 ], [ -91490.126743813700159, 5291676.336493251845241 ], [ -91549.720297375999507, 5291639.807142238132656 ], [ -91635.657608434485155, 5291639.43442858569324 ], [ -91694.699907878326485, 5291658.675220612436533 ], [ -91785.989905332171475, 5291695.060054470784962 ], [ -91891.662380996538559, 5291704.184003300964832 ], [ -91937.193945162303862, 5291714.722127406857908 ], [ -91987.435882261459483, 5291747.058009283617139 ], [ -92039.750143001278047, 5291776.437613840214908 ], [ -92189.511816189231467, 5291712.219428174197674 ], [ -92263.394339589794981, 5291711.336542632430792 ], [ -92323.215986788680311, 5291695.327972476370633 ], [ -92362.980978692343342, 5291596.863610319793224 ], [ -92430.813176448937156, 5291528.000849841162562 ], [ -92443.85392083672923, 5291458.593052505515516 ], [ -92527.632858288212446, 5291375.594547786749899 ], [ -92597.167353697906947, 5291271.623397832736373 ], [ -92700.349389714188874, 5291179.530589994974434 ], [ -92767.043123038441991, 5291077.656218060292304 ], [ -92822.655223692854634, 5291109.917156437411904 ], [ -92881.471655890025431, 5291104.000093850307167 ], [ -92919.629528305027634, 5291076.113664945587516 ], [ -92957.576005007198546, 5291012.034376908093691 ], [ -93040.39225150240236, 5290951.604480350390077 ], [ -93100.177831186359981, 5290923.473389000631869 ], [ -93157.590301965363324, 5290828.964912049472332 ], [ -93284.733969694352709, 5290714.820757491514087 ], [ -93379.9330623869173, 5290645.564161377027631 ], [ -93460.585703259057482, 5290563.863381694070995 ], [ -93557.69782140069583, 5290456.474186883307993 ], [ -93666.251134167338023, 5290317.403141613118351 ], [ -93700.633272093793494, 5290163.901587256230414 ], [ -93695.655287104542367, 5290057.979482725262642 ], [ -93626.767446616941015, 5289940.399178098887205 ], [ -93592.731846265349304, 5289841.931983560323715 ], [ -93585.14998706690676, 5289725.437982530333102 ], [ -93638.9364480725053, 5289632.600665355101228 ], [ -93721.257768111448968, 5289621.667800108902156 ], [ -93776.548266757177771, 5289567.158700344152749 ], [ -93817.82887352812395, 5289563.937125797383487 ], [ -93879.251295004622079, 5289598.407696808688343 ], [ -93974.557588366849814, 5289605.943714323453605 ], [ -94070.188934642123058, 5289598.662496068514884 ], [ -94116.694989630253986, 5289551.174441508948803 ], [ -94184.22951906817616, 5289482.590002052485943 ], [ -94185.273473252906115, 5289399.316534427925944 ], [ -94213.089319695325685, 5289238.841362627223134 ], [ -94289.54733083480096, 5289111.509130694903433 ], [ -94291.728858896050951, 5288999.477589286863804 ], [ -94307.28319738600112, 5288970.166507700458169 ], [ -94345.293126197895617, 5288904.970128311775625 ], [ -94376.286364866100485, 5288795.908800949342549 ], [ -94533.316421566458303, 5288804.144736321642995 ], [ -94579.228364432274248, 5288816.751533024944365 ], [ -94732.724917855710373, 5288841.102907785214484 ], [ -94757.146966982298181, 5288857.003206375986338 ], [ -94799.543996926353429, 5288885.902915702201426 ], [ -94851.037610380211845, 5288887.300864874385297 ], [ -94905.986914786524721, 5288871.848732512444258 ], [ -94965.135969622017001, 5288813.188740936107934 ], [ -95104.728941284411121, 5288772.082128663547337 ], [ -95203.026278044824721, 5288748.953646122477949 ], [ -95381.173976107063936, 5288721.279497511684895 ], [ -95357.604634279778111, 5288693.375100890174508 ], [ -95339.148307984272833, 5288658.868835366331041 ], [ -95342.942966786431498, 5288613.425996393896639 ], [ -95350.971773740267963, 5288553.639371677301824 ], [ -95376.504012148754555, 5288483.607857007533312 ], [ -95396.725308970737387, 5288415.065688880160451 ], [ -95400.352654578266083, 5288372.931888761930168 ], [ -95412.334973247809103, 5288332.3601169642061 ], [ -95413.328833661566023, 5288296.977473872713745 ], [ -95415.966660315403715, 5288235.690558411180973 ], [ -95428.294737323347363, 5288153.490015200339258 ], [ -95407.014124226814602, 5288108.689254456199706 ], [ -95379.324959364923416, 5288028.560973999090493 ], [ -95381.434575034872978, 5287945.038677118718624 ], [ -95384.340013744760654, 5287855.054803871549666 ], [ -95385.735069603208103, 5287812.035687099210918 ], [ -95400.029494096597773, 5287793.409904966130853 ], [ -95407.576955572294537, 5287740.467704671435058 ], [ -95415.047495279912255, 5287731.177880276925862 ], [ -95418.317394002588117, 5287703.582338939420879 ], [ -95430.72773611402954, 5287671.109946916811168 ], [ -95444.994664693149389, 5287622.343348606489599 ], [ -95447.161053303236258, 5287583.775736605748534 ], [ -95456.51567539293319, 5287554.698925013653934 ], [ -95461.347275251711835, 5287526.765662454999983 ], [ -95462.758695075463038, 5287496.922372018918395 ], [ -95468.546306721342262, 5287487.140611652284861 ], [ -95439.548024647665443, 5287463.532078303396702 ], [ -95417.457784894635552, 5287394.594760145992041 ], [ -95404.118147673842032, 5287318.408558730967343 ], [ -95407.614136282078107, 5287246.413812218233943 ], [ -95423.166916299436707, 5287101.907557297497988 ], [ -95446.402077015241957, 5286978.698044768534601 ], [ -95458.043869362343685, 5286900.387545350939035 ], [ -95450.831479553991812, 5286862.57599466945976 ], [ -95448.33391545851191, 5286756.160924905911088 ], [ -95412.057231118305936, 5286659.55254096724093 ], [ -95405.89558598320582, 5286604.093392136506736 ], [ -95387.9157071083755, 5286545.80263499263674 ], [ -95340.414344552889816, 5286472.445372892543674 ], [ -95290.917134847186389, 5286396.20670095551759 ], [ -95271.430991942324908, 5286360.43775668926537 ], [ -95270.994619538309053, 5286318.540115987882018 ], [ -95280.242486236063996, 5286296.688194110989571 ], [ -95295.104306173889199, 5286263.464135251007974 ], [ -95298.568791366240475, 5286241.242119359783828 ], [ -95289.962013616110198, 5286175.894697442650795 ], [ -95270.701181360607734, 5286118.118590613827109 ], [ -95207.918992304097628, 5286046.94861978199333 ], [ -95104.179913555941312, 5285919.349758154712617 ], [ -95037.251852703673649, 5285827.567524229176342 ], [ -95021.863491574345971, 5285769.389358844608068 ], [ -95065.434496868445422, 5285694.109753729775548 ], [ -95079.785026384910452, 5285565.456405813805759 ], [ -95059.844254679657752, 5285486.694923143833876 ], [ -95020.295779185427818, 5285443.887166300788522 ], [ -95012.40656687306182, 5285371.721329740248621 ], [ -94978.142984204314416, 5285322.669501481577754 ], [ -94960.803748998863739, 5285262.866963581182063 ], [ -94969.790905449073762, 5285219.34854961745441 ], [ -95022.604434105131077, 5285213.741637675091624 ], [ -95073.215172677315422, 5285208.068402997218072 ], [ -95098.976506597682601, 5285186.427303385920823 ], [ -95158.929844754224177, 5285149.087242824025452 ], [ -95227.144758919996093, 5284929.428604740649462 ], [ -95087.464401457385975, 5284263.049693454988301 ], [ -95022.574489162099781, 5284083.738297270610929 ], [ -94781.933364802520373, 5282730.268083113245666 ], [ -95087.305659863457549, 5282445.68478471506387 ], [ -95384.116150248679332, 5282175.910304416902363 ], [ -95461.823722672270378, 5282117.778138314373791 ], [ -95778.444740958482726, 5281925.014543945901096 ], [ -95735.544546916033141, 5281361.050767484121025 ], [ -95248.693206711337552, 5281020.759823464788496 ], [ -95183.389965146765462, 5280965.814140819944441 ], [ -95087.806152294142521, 5280870.478081488981843 ], [ -94611.347711069232901, 5280391.103736617602408 ], [ -94597.663651343988022, 5280286.937346087768674 ], [ -94592.266548472020077, 5280070.974538962356746 ], [ -94567.800082868372556, 5279909.165878402069211 ], [ -94502.503409153869143, 5279800.950957575812936 ], [ -94342.097588895296212, 5279579.66198805347085 ], [ -94346.931637782938196, 5279443.197633780539036 ], [ -94505.746702518008533, 5279191.851447804830968 ], [ -94873.011187306750799, 5278716.390060623176396 ], [ -94931.324232766462956, 5278563.550450447946787 ], [ -94987.183685329568107, 5278346.461426716297865 ], [ -95047.094833399067284, 5278184.107982162386179 ], [ -95087.204247807414504, 5278051.295866091735661 ], [ -95235.977849195056478, 5277657.691560125909746 ], [ -95303.991275082385982, 5277604.803011685609818 ], [ -95375.484325613084366, 5277521.959706019610167 ], [ -95450.352249146046233, 5277413.256529154255986 ], [ -95489.554075745953014, 5277315.934602716937661 ], [ -95510.479023069201503, 5277188.105425272136927 ], [ -95578.25533844124584, 5277036.892650130204856 ], [ -95683.91478972506593, 5276840.219856690615416 ], [ -95787.250557958250283, 5276842.852188308723271 ], [ -96033.609496643010061, 5276892.81916541326791 ], [ -96062.645404704642715, 5276874.440831835381687 ], [ -96062.645627343576052, 5276874.440680195577443 ], [ -96231.430576993428986, 5276224.676816280931234 ], [ -96247.781740398932016, 5276115.859918609261513 ], [ -96273.30507324791688, 5276020.931075229309499 ], [ -96352.762476747346227, 5275945.123395994305611 ], [ -96726.56408731333795, 5275741.61570125631988 ], [ -97216.424504673836054, 5275358.085000681690872 ], [ -97511.270762643907801, 5275317.757748706266284 ], [ -97633.545315845534788, 5275378.190015761181712 ], [ -97786.003926336867153, 5275428.460777448490262 ], [ -98087.728949601660133, 5275548.029561705887318 ], [ -98255.783977350598434, 5275681.972108380869031 ], [ -98357.97660573264875, 5275784.217004868201911 ], [ -98444.680574124358827, 5275798.688737500458956 ], [ -98679.815057232946856, 5275807.33706587459892 ], [ -98986.051525500879507, 5275910.610742622986436 ], [ -99128.228333864331944, 5275937.392885409295559 ], [ -99596.534737458670861, 5275924.562138110399246 ], [ -99855.450180746542173, 5275633.3993607936427 ], [ -99939.093976336211199, 5275606.82049844507128 ], [ -100247.128031741653103, 5275583.119618183001876 ], [ -100294.627167907136027, 5275423.199485084973276 ], [ -100301.108745258607087, 5275326.425496086478233 ], [ -100291.23682149554952, 5275175.998480942100286 ], [ -100334.771981913683703, 5274846.697286950424314 ], [ -100317.08598649421765, 5274408.030634430237114 ], [ -100284.342360152804758, 5274247.490906177088618 ], [ -100143.425020508526359, 5274006.440114942379296 ], [ -100135.506197211390827, 5273996.686498659662902 ], [ -100122.584787317537121, 5273530.877306191250682 ], [ -100204.766512715315912, 5273014.234044621698558 ], [ -100243.12175458749698, 5272948.309697863645852 ], [ -100308.422658442679676, 5272892.613012520596385 ], [ -100376.210885000298731, 5272901.130128983408213 ], [ -100483.989191471904633, 5272887.440902958624065 ], [ -100618.256638694845606, 5273012.270490732043982 ], [ -100697.729960881435545, 5272988.318015991710126 ], [ -100798.805275534483371, 5272915.765217824839056 ], [ -101201.082300525973551, 5273092.309821073897183 ], [ -101298.943598840764025, 5273094.745564243756235 ], [ -101869.720261627502623, 5273057.062479592859745 ], [ -102293.987672788687632, 5273059.394381525926292 ], [ -102443.196756024437491, 5273075.374837355688214 ], [ -102746.196276139089605, 5273086.967528671957552 ], [ -102823.729299601181992, 5272975.593155984766781 ], [ -102804.872891055551008, 5272801.780014396645129 ], [ -102944.738595470669679, 5272311.14730651024729 ], [ -103224.393527809967054, 5272053.274269292131066 ], [ -103556.901284585866961, 5271802.161641610786319 ], [ -103675.594801088300301, 5271841.934557905420661 ], [ -103742.346531867020531, 5271892.710502091795206 ], [ -104181.601553990782122, 5271612.81807819288224 ], [ -104189.768174474302214, 5271445.155783873982728 ], [ -104139.327309445245191, 5270948.533271772786975 ], [ -104303.408899289657711, 5270631.875295678153634 ], [ -104483.187316572555574, 5270340.172422668896616 ], [ -104461.085944870384992, 5270242.746280274353921 ], [ -104602.634577347096638, 5270180.720318076200783 ], [ -104766.651267928566085, 5270089.223447845317423 ], [ -104972.587093879890745, 5269950.993051500990987 ], [ -105102.856390271539567, 5269737.226633076556027 ], [ -105155.11321015417343, 5269600.69363147392869 ], [ -105283.536384110266226, 5269014.406541307456791 ], [ -105309.838730755946017, 5268826.767867233604193 ], [ -105335.506111026203143, 5268553.165318317711353 ], [ -105606.159081423189491, 5268154.584904545918107 ], [ -105721.004617087222869, 5268183.308408674784005 ], [ -105895.631724933860824, 5268269.422937084920704 ], [ -106034.471731560362969, 5268317.827651830390096 ], [ -106390.505749520321842, 5268322.40259710047394 ], [ -106720.005097057524836, 5268187.16411245148629 ], [ -106749.015735594672151, 5268111.470497630536556 ], [ -106819.240523166794446, 5268017.679017632268369 ], [ -106881.423590723788948, 5267975.533157526515424 ], [ -106927.698323810254806, 5267916.630258501507342 ], [ -107042.854552173201228, 5267706.608192324638367 ], [ -107088.142660612473264, 5267688.607761442661285 ], [ -107215.101649306365289, 5267665.766109588555992 ], [ -107332.780488650168991, 5267633.148865632712841 ], [ -107488.463579511895659, 5267489.588495407253504 ], [ -107637.75915799185168, 5267385.43323580827564 ], [ -107833.121302110273973, 5267230.55338345002383 ], [ -107892.113396463842946, 5266980.983617919497192 ], [ -108087.834211981738918, 5267037.546005832031369 ], [ -108356.909785194031429, 5267095.87382045853883 ], [ -108487.803027331610792, 5267078.567443169653416 ], [ -108762.455595713210641, 5267074.269408411346376 ], [ -108882.318300827522762, 5267063.512590176425874 ], [ -108997.739914856414543, 5267124.945079457014799 ], [ -109067.935536721954122, 5267031.145260470919311 ], [ -109151.095760443655308, 5266963.575202076695859 ], [ -109516.255193661490921, 5266754.090050792321563 ], [ -109989.02016550139524, 5266819.981123959645629 ], [ -110138.700241502345307, 5266640.779527891427279 ], [ -110472.71826980986225, 5266596.92983057256788 ], [ -111103.454170686047291, 5266476.934547622688115 ], [ -111358.391500650934177, 5266443.446366671472788 ], [ -111485.518136497863452, 5266412.36944505572319 ], [ -111628.236402864189586, 5266411.669641800224781 ], [ -112235.28295950210304, 5266488.818568835966289 ], [ -112512.169598744658288, 5266562.213063090108335 ], [ -113191.102497674073675, 5266762.403474231250584 ], [ -113432.568276821708423, 5266665.791622656397521 ], [ -113639.562194533093134, 5266590.185990266501904 ], [ -113647.776125800199225, 5266587.651200659573078 ], [ -113980.02139121676737, 5266502.708878344856203 ], [ -114251.668110708051245, 5266451.798141188919544 ], [ -114434.321465160202933, 5266428.802112879231572 ], [ -114588.831248588830931, 5266038.230545112863183 ], [ -114668.319710226263851, 5265892.78576666302979 ], [ -114583.996754423278617, 5265720.319602032192051 ], [ -114553.206896464675083, 5265641.855336881242692 ], [ -115041.332844839052996, 5265338.223200420849025 ], [ -115244.968364832689986, 5265288.427412625402212 ], [ -115681.606822325440589, 5265152.684291563928127 ], [ -115628.414028164275805, 5264985.057939083315432 ], [ -115529.423059656721307, 5264506.791842286475003 ], [ -115450.748343497150927, 5263973.112436967901886 ], [ -115419.167003959111753, 5263635.556407985277474 ], [ -115227.198323197895661, 5263242.452583314850926 ], [ -115035.683714639744721, 5262947.544377708807588 ], [ -114936.255705811534426, 5262724.332781467586756 ], [ -115033.268193009091192, 5262524.806972729973495 ], [ -115195.515571603813441, 5262148.200783697888255 ], [ -115564.67749711307988, 5261400.156113754957914 ], [ -115730.166165321264998, 5260999.121169636026025 ], [ -115721.628739613835933, 5260663.569506390951574 ], [ -115687.204968197984272, 5260331.516267434693873 ], [ -115711.942942039473564, 5260025.388456903398037 ], [ -115599.798351180434111, 5259530.706991494633257 ], [ -115581.737876994171529, 5259372.175277393311262 ], [ -115562.828146412575734, 5259309.036117166280746 ], [ -115416.991932428325526, 5259097.098639715462923 ], [ -115578.38426601444371, 5259106.31327923387289 ], [ -115583.997328698693309, 5258922.44417205825448 ], [ -115615.992665422978462, 5258596.087742418050766 ], [ -116041.734837198368041, 5258389.298673431389034 ], [ -116518.246823098306777, 5258217.743929894641042 ], [ -116592.475661434669746, 5258178.58066535089165 ], [ -116767.764786292609642, 5257937.336151129566133 ], [ -116843.660856642818544, 5257884.582614124752581 ], [ -116939.568497894128086, 5257847.282909496687353 ], [ -116991.12868040324247, 5257789.876662946306169 ], [ -117099.812236974088592, 5257728.341345950961113 ], [ -117180.413670880458085, 5257707.038849699310958 ], [ -117251.17101089649077, 5257700.498563542030752 ], [ -117384.042845663192566, 5257709.021154463291168 ], [ -117484.625348930479959, 5257704.531119006685913 ], [ -117838.456910765104112, 5257610.489657139405608 ], [ -117940.644752409134526, 5257595.129577380605042 ], [ -118087.976766391191632, 5257624.416806882247329 ], [ -118419.141787469037808, 5257630.676017995923758 ], [ -118536.319466465080041, 5257612.92865851148963 ], [ -119045.05666383789503, 5257572.823608236387372 ], [ -119137.40174742542149, 5257572.215260236524045 ], [ -119228.048874819869525, 5257586.55745312012732 ], [ -119308.793910869368119, 5257618.387774507515132 ], [ -119449.619189294826356, 5257695.201628185808659 ], [ -119616.236859778684448, 5257712.641483566723764 ], [ -119802.779939878091682, 5257749.612564424052835 ], [ -119899.598397203080822, 5257791.345206662081182 ], [ -119924.241304199560545, 5257842.331237305887043 ], [ -119981.70353479096957, 5257883.164601872675121 ], [ -120153.75470962037798, 5257900.719215152785182 ], [ -120299.557973035320174, 5257938.114473299123347 ], [ -120421.582725299580488, 5258066.274881315417588 ], [ -120528.646917237885646, 5258075.527859917841852 ], [ -120588.829907503910363, 5258176.385174927301705 ], [ -120635.316258942315471, 5258222.41748381126672 ], [ -120719.402104230000987, 5258227.056837009266019 ], [ -120891.184553808518103, 5258256.858020070940256 ], [ -121050.476622561749537, 5258298.638313393108547 ], [ -121654.353579338348936, 5258316.42646583262831 ], [ -122420.906160790778813, 5258286.060437874868512 ], [ -122812.644569588825107, 5258256.734676874242723 ], [ -122991.356100871882518, 5258219.873748080804944 ], [ -123361.830928455703543, 5258169.603780861012638 ], [ -123517.587601500665187, 5258126.766047358512878 ], [ -123727.714606280525913, 5258142.384725646115839 ], [ -123973.43345789326122, 5258145.167859609238803 ], [ -124319.410427777111181, 5258097.037162000313401 ], [ -124522.48044475770439, 5258124.745668492279947 ], [ -124725.432463078017463, 5258096.570887232199311 ], [ -124831.085012553317938, 5258108.46884629316628 ], [ -125117.491917287436081, 5258174.82031889166683 ], [ -125492.064415327302413, 5258245.850970256142318 ], [ -125853.064284452164429, 5258255.236851689405739 ], [ -125994.795926171704195, 5258293.817314586602151 ], [ -126324.898736668357742, 5258411.528786319307983 ], [ -126644.918561647515162, 5258432.242180330678821 ], [ -126778.112221062197932, 5258427.010213914327323 ], [ -127330.142792918806663, 5258580.938091124407947 ], [ -127402.55745751367067, 5258560.728050201199949 ], [ -127493.093488056270871, 5258519.110349647700787 ], [ -127817.568207737465855, 5258584.857665098272264 ], [ -127946.305302657783614, 5258597.228746023960412 ], [ -128064.451683862906066, 5258597.099344492889941 ], [ -128173.601669100098661, 5258573.601569589227438 ], [ -128245.191567587811733, 5258528.834912538528442 ], [ -128285.62213872691791, 5258480.658363421447575 ], [ -128335.746745082782581, 5258299.133504495956004 ], [ -128375.441494387749117, 5258222.321685087867081 ], [ -128448.850353355141124, 5257969.082607188262045 ], [ -128536.195076735762996, 5257574.427861448377371 ], [ -128528.568244462934672, 5257425.721666316501796 ], [ -128570.070599659418804, 5256891.092184757813811 ], [ -128553.939737526641693, 5256821.243561552837491 ], [ -128502.38367383860168, 5256694.750958907417953 ], [ -128481.151484720539884, 5256609.803009235300124 ], [ -128477.478498121869052, 5256466.648875405080616 ], [ -128495.737232321262127, 5256189.083662834949791 ], [ -128700.042005093710031, 5255534.10555720794946 ], [ -128700.436187410465209, 5255391.056735775433481 ], [ -128755.412653772698832, 5255047.568968843668699 ], [ -128797.397022364239092, 5254864.566849247552454 ], [ -128812.421925356145948, 5254672.803959220647812 ], [ -128813.17644886492053, 5254388.096162687987089 ], [ -128835.423426460765768, 5254238.731389393098652 ], [ -128802.515492550955969, 5254129.029884503223002 ], [ -128777.919451060253778, 5253636.728316563181579 ], [ -128809.515818729589228, 5252931.831611852161586 ], [ -128869.264440342609305, 5252867.758813731372356 ], [ -128993.61465676969965, 5253016.221684989519417 ], [ -129138.374522597165196, 5253225.064754709601402 ], [ -129207.29208538873354, 5253301.487621678970754 ], [ -129283.288788558362285, 5253364.443571597337723 ], [ -129374.415146360799554, 5253418.194336974062026 ], [ -129507.950667931654607, 5253456.523554855957627 ], [ -129747.363047752063721, 5253557.093322034925222 ], [ -130122.276740031069494, 5253794.100983424112201 ], [ -130189.196897199406521, 5253822.118886408396065 ], [ -130235.265577908357955, 5253841.50991743709892 ], [ -130248.518942523733131, 5253844.522316813468933 ], [ -130340.643836158400518, 5253864.232575285248458 ], [ -130457.345401692582527, 5253865.404318761080503 ], [ -130587.106969886677689, 5253827.353589535690844 ], [ -130668.467825359140988, 5253767.818675423040986 ], [ -130769.250481070717797, 5253625.610643679276109 ], [ -130860.163328089969582, 5253563.557972465641797 ], [ -130947.893550867098384, 5253523.230709368363023 ], [ -131049.726839932860457, 5253521.348666734062135 ], [ -131220.993434991221875, 5253572.729987449944019 ], [ -131331.973290018126136, 5252891.340218487195671 ], [ -131361.285381736408453, 5252473.817189688794315 ], [ -130828.627518223467632, 5252189.886840954422951 ], [ -130585.109898221795447, 5252091.992019527591765 ], [ -130366.553892918469501, 5252095.420985990203917 ], [ -130281.188986681692768, 5252089.481094893999398 ], [ -130186.857963378308341, 5252058.829779729247093 ], [ -130097.096159894135781, 5252005.123067158274353 ], [ -130000.137773969036061, 5251907.676472743041813 ], [ -129932.727143124400754, 5251824.492167334072292 ], [ -129829.523177168448456, 5251765.044165930710733 ], [ -129550.43886853865115, 5251681.333911973983049 ], [ -129474.100303212806466, 5251634.725747304968536 ], [ -128958.328715897456277, 5251265.284387947060168 ], [ -128925.455958946695318, 5251216.900138963013887 ], [ -128911.837021123603336, 5251156.680325869470835 ], [ -128940.29128484580724, 5251096.019014262594283 ], [ -128998.434790720886667, 5251042.816228370182216 ], [ -129123.503797100100201, 5251031.930419789627194 ], [ -129185.154868810612243, 5250942.033907986246049 ], [ -129242.412160219682846, 5250804.37840314861387 ], [ -129316.885456157877343, 5250686.165398379787803 ], [ -129512.029302754905075, 5250697.230608039535582 ], [ -129812.162791259717778, 5250747.346388073638082 ], [ -129932.129802736832062, 5250784.002214847132564 ], [ -130158.122840580923366, 5250874.710343929938972 ], [ -130319.741264052732731, 5250804.683266002684832 ], [ -130401.194737341575092, 5250739.72320257499814 ], [ -130457.289853266745922, 5250655.147555634379387 ], [ -130781.11725010900409, 5250234.576565410941839 ], [ -130927.587205954070669, 5250111.108428910374641 ], [ -131453.602078853698913, 5249813.377031314186752 ], [ -132068.464154301298549, 5249419.498513481579721 ], [ -132193.324993232672568, 5249290.107917023822665 ], [ -132389.457022949442035, 5249062.853772169910371 ], [ -133007.733267179661198, 5248504.272003700956702 ], [ -133094.835981987213017, 5248363.181855532340705 ], [ -133187.212123712757602, 5248293.001088940538466 ], [ -133282.29488753748592, 5248171.143045861274004 ], [ -133346.171903785900213, 5248089.461467488668859 ], [ -133567.116714042145759, 5248096.903665879741311 ], [ -133797.175473648414481, 5247994.260261628776789 ], [ -133757.507218382292194, 5247817.794407681562006 ], [ -133804.901380267983768, 5247757.543095857836306 ], [ -133866.369554055359913, 5247609.103634046390653 ], [ -133937.179659509798512, 5247403.689491440542042 ], [ -134061.735149077925598, 5246837.326606683433056 ], [ -134086.666262236074544, 5246492.108262011781335 ], [ -134034.037412615201902, 5245004.681819726713002 ], [ -133965.190426380635472, 5244797.709784272126853 ], [ -133691.016643128969008, 5244105.970750898122787 ], [ -133816.731859152147081, 5243867.782500172033906 ], [ -133894.029998488578713, 5243674.833986161276698 ], [ -134334.751098306180211, 5243863.840332152321935 ], [ -134464.892265963746468, 5243672.01039489172399 ], [ -135005.59674754893058, 5243684.842888128012419 ], [ -135622.923659161664546, 5243599.924936990253627 ], [ -136496.210704220691696, 5242554.253184617497027 ], [ -136587.901563160849037, 5242577.950829181820154 ], [ -136696.19416567980079, 5242585.668648669496179 ], [ -136743.338303989352426, 5242600.265303094871342 ], [ -136747.255525550805032, 5242672.46172843221575 ], [ -136777.515280094143236, 5242716.638202399946749 ], [ -136835.387611689831829, 5242736.902379311621189 ], [ -136870.875263479305431, 5242725.401239546015859 ], [ -136911.051580901548732, 5242684.06388384103775 ], [ -136981.152803838864202, 5242637.911748786456883 ], [ -137036.541486275324132, 5242647.237224110402167 ], [ -137170.550560960051371, 5242722.160918336361647 ], [ -137195.561824151547626, 5242758.062125849537551 ], [ -137169.44359994365368, 5242840.515861018560827 ], [ -137168.48135426529916, 5242886.758737608790398 ], [ -137229.770303672237787, 5242938.388244238682091 ], [ -137308.959538518363843, 5242976.785476280376315 ], [ -137352.719786946690874, 5242958.65199095197022 ], [ -137399.783775222604163, 5242912.013043797574937 ], [ -137448.455328265350545, 5242918.474477580748498 ], [ -137511.666208680981072, 5242942.928666286170483 ], [ -137587.383833887171932, 5243017.989789721556008 ], [ -137675.807354453136213, 5243134.138021527789533 ], [ -137725.073464896006044, 5243177.350075013935566 ], [ -137824.509822686115513, 5243220.249247146770358 ], [ -137848.395311867177952, 5243245.241229217499495 ], [ -137851.671110522613162, 5243283.410187866538763 ], [ -137841.197504911920987, 5243330.817510947585106 ], [ -137854.24170020406018, 5243355.583434850908816 ], [ -137999.841916867648251, 5243395.363143049180508 ], [ -138046.428678486670833, 5243437.157984358258545 ], [ -138086.777986397617497, 5243518.284911329858005 ], [ -138115.040557956555858, 5243528.399722878821194 ], [ -138249.968241079448489, 5243494.471727025695145 ], [ -138416.68888209213037, 5243496.584016331471503 ], [ -138512.178963933663908, 5243533.951926289126277 ], [ -138726.909808894153684, 5243640.477075817063451 ], [ -139048.82362368964823, 5243743.78058707434684 ], [ -139091.210968837986002, 5243792.288636967539787 ], [ -139130.61795725938282, 5243919.662479407154024 ], [ -139160.126082600821974, 5243935.243876429274678 ], [ -139267.502303071843926, 5243922.501407059840858 ], [ -139337.809467066952493, 5243932.123877622187138 ], [ -139563.932860034779878, 5244013.014339489862323 ], [ -139692.505202108673984, 5244090.521749911829829 ], [ -139831.47545253962744, 5244190.016636778600514 ], [ -139856.025964358705096, 5244249.041664549149573 ], [ -139804.356688748404849, 5244388.144706686027348 ], [ -139814.361527983506676, 5244429.178376568481326 ], [ -139925.12620243470883, 5244515.843497027643025 ], [ -139972.229597810452105, 5244533.147601439617574 ], [ -140059.587902168976143, 5244505.011919071897864 ], [ -140171.23088740251842, 5244482.82033284381032 ], [ -140271.222284173767548, 5244499.853115260601044 ], [ -140369.468636607169174, 5244535.901783686131239 ], [ -140793.49103356921114, 5244754.216015052981675 ], [ -140869.650597153929994, 5244676.848228481598198 ], [ -141167.985941923980135, 5244077.382245943881571 ], [ -141454.996086978528183, 5243566.160935636609793 ], [ -141679.58093326431117, 5242723.035288220271468 ], [ -141852.64611733527272, 5242478.94056321401149 ], [ -142309.521901656815317, 5241474.664805775508285 ], [ -142556.009970950777642, 5241150.460893700830638 ], [ -143394.800552966247778, 5239615.387979294173419 ], [ -143320.705965935863787, 5239458.821818135678768 ], [ -143512.332895860279677, 5238422.220230768434703 ], [ -143989.057390668051085, 5237828.032271437346935 ], [ -143481.864305951952701, 5237579.774099572561681 ], [ -143322.934804780496052, 5237465.037885098718107 ], [ -143314.688813499902608, 5237269.046284770593047 ], [ -143339.178990154992789, 5237129.476914351806045 ], [ -143269.880269426881569, 5236197.97392410133034 ], [ -143272.665928364469437, 5236185.79285192117095 ], [ -143293.656108909635805, 5236093.758139349520206 ], [ -143238.27377168397652, 5235951.225422800518572 ], [ -142737.182108258421067, 5236010.38600767031312 ], [ -142534.232205008418532, 5235863.486328710801899 ], [ -142234.764629697543569, 5235800.274627483449876 ], [ -142028.09554226018372, 5235636.975577300414443 ], [ -141944.85316475428408, 5235533.301953279413283 ], [ -141995.829921812255634, 5235357.592902570031583 ], [ -141983.015155990666244, 5234987.524910285137594 ], [ -142004.691955154790776, 5234720.139231350272894 ], [ -141875.355293457163498, 5234351.793594005517662 ], [ -141860.403861329308711, 5234287.593430837616324 ], [ -141902.007851220812881, 5234106.278474879451096 ], [ -141814.489692073577316, 5233813.5761554595083 ], [ -141679.758487852028338, 5233511.76025827601552 ], [ -141685.254665071057389, 5233441.187078768387437 ], [ -141844.303612056275597, 5233211.99592131562531 ], [ -141901.792893284145975, 5233115.301588978618383 ], [ -141963.586231303983368, 5232939.858191734179854 ], [ -142038.7866661559965, 5232503.721224304288626 ], [ -142075.276304682163754, 5232440.58392786886543 ], [ -142197.315751119342167, 5232299.001176366582513 ], [ -142357.872186648863135, 5231726.003539085388184 ], [ -142688.857315429660957, 5231295.126719653606415 ], [ -142640.480091120756697, 5230807.622468249872327 ], [ -143059.577825129614212, 5230503.586188795976341 ], [ -143225.596819391881581, 5230327.580624466761947 ], [ -143386.154590755351819, 5230086.239281792193651 ], [ -143584.019419665914029, 5229739.66916227620095 ], [ -143938.710813247365877, 5229605.529317240230739 ], [ -144168.592908821941819, 5229483.806105998344719 ], [ -144477.859493629512144, 5229250.902511502616107 ], [ -144682.058735524537042, 5229329.7459931736812 ], [ -145780.735132829024224, 5228883.039534564130008 ], [ -146027.354225163726369, 5228734.441296624019742 ], [ -146069.289724498958094, 5228599.413842439651489 ], [ -146408.134009329776745, 5228509.714634522795677 ], [ -147366.363169199583353, 5227418.837076728232205 ], [ -147806.094861382938689, 5226600.27244967687875 ], [ -147917.310379771719454, 5226450.337377603165805 ], [ -148327.06128405558411, 5226052.296809297055006 ], [ -148808.817865125194658, 5225499.477025364525616 ], [ -149335.989124895160785, 5224696.304789422079921 ], [ -149261.818506652518408, 5224405.579747191630304 ], [ -149249.256770033505745, 5224078.048250345513225 ], [ -149254.500697286246577, 5223947.78355994168669 ], [ -149358.341967326996382, 5222992.488102303817868 ], [ -149524.003069426544243, 5222474.335270595736802 ], [ -149495.989185609971173, 5222314.927549315616488 ], [ -149980.914142026449554, 5221445.990354533307254 ], [ -150074.156238070892869, 5221241.454339095391333 ], [ -150085.647081188479206, 5221137.143932988867164 ], [ -150222.3897172891011, 5220292.715824880637228 ], [ -150238.03856602680753, 5220183.066852093674242 ], [ -150286.25359783769818, 5219998.038345319218934 ], [ -150381.535066953365458, 5219756.920149462297559 ], [ -150557.423869908525376, 5219403.359169015660882 ], [ -150839.545753483427688, 5218869.998106654733419 ], [ -150889.861718044121517, 5218575.096528437919915 ], [ -150942.414759091567248, 5218444.467846966348588 ], [ -151031.070269476418616, 5218334.899518490768969 ], [ -151083.27209753045463, 5218292.483021472580731 ], [ -151369.457365158334142, 5217825.745325150899589 ], [ -151383.913425552309491, 5217777.16924386844039 ], [ -151363.514128864364466, 5217712.989927957765758 ], [ -151245.106703453260707, 5217542.415214100852609 ], [ -151065.872304522024933, 5217230.885918327607214 ], [ -150876.106636483775219, 5217045.359718643128872 ], [ -150747.182079540885752, 5216930.22277638874948 ], [ -150349.772387964796508, 5216576.460774840787053 ], [ -149924.611303931480506, 5216888.407307191751897 ], [ -149566.714354292926146, 5217007.608672637492418 ], [ -149374.429080900037661, 5217022.840768747963011 ], [ -148803.105060177127598, 5216923.423485824838281 ], [ -148747.400898303720169, 5216868.049018231220543 ], [ -148608.275245863682358, 5216653.626202628947794 ], [ -148533.812525277025998, 5216520.537625004537404 ], [ -148503.021220165130217, 5216435.802296501584351 ], [ -148482.088035199529259, 5216330.90812271554023 ], [ -148464.787650496291462, 5215970.994873411022127 ], [ -148479.839158846472856, 5215823.395476397126913 ], [ -148424.037926377146505, 5215704.253318751230836 ], [ -148302.527915438171476, 5215558.038563509471714 ], [ -148031.301983621960972, 5215256.914075211621821 ], [ -148344.377253487531561, 5214938.828597852028906 ], [ -147952.822744488017634, 5214364.022015867754817 ], [ -148616.851856031658826, 5213237.60754260700196 ], [ -148869.611331478634384, 5213097.433955793268979 ], [ -148885.9724023185845, 5212882.082886640913785 ], [ -149411.706638781994116, 5212463.772941990755498 ], [ -149521.891116047103424, 5212426.595305250957608 ], [ -150534.702782601205399, 5211974.357470310293138 ], [ -150747.879607470124029, 5211711.317071244120598 ], [ -151266.936789556406438, 5211070.409338543191552 ], [ -153081.262482119374909, 5208390.736307595856488 ], [ -153524.149302630161401, 5207546.472199779935181 ], [ -153698.282931173802353, 5207195.980911144986749 ], [ -154028.591460089461179, 5206585.50439530890435 ], [ -154197.826919718936551, 5206420.646901891566813 ], [ -155015.314736059168354, 5205537.531105083413422 ], [ -155314.052500788326142, 5205234.170976906083524 ], [ -155594.153267688554479, 5204915.550410032272339 ], [ -155745.094816159282345, 5204715.111193062737584 ], [ -155624.821676082676277, 5204360.478945556096733 ], [ -155462.773782015312463, 5204289.655631546862423 ], [ -155268.563571987586329, 5203918.729631579481065 ], [ -155175.973362881428329, 5203457.59362443163991 ], [ -154988.505663091375027, 5203375.446905132383108 ], [ -154977.636205371411052, 5203235.669973934069276 ], [ -154950.391539236094104, 5203176.886413511820138 ], [ -154721.365601865283679, 5202793.137440009973943 ], [ -154886.677940000023227, 5201828.869480287656188 ], [ -155002.089535274892114, 5201793.122404320165515 ], [ -155346.40606363400002, 5201428.42529281694442 ], [ -155223.667085516877705, 5201136.183813037350774 ], [ -155197.59773056540871, 5201015.119176035746932 ], [ -155286.899784552602796, 5200572.470649130642414 ], [ -155820.4754772670276, 5199467.729729362763464 ], [ -155828.124573437904473, 5198514.35040295496583 ], [ -155833.668061440432211, 5197826.460010596551001 ], [ -157668.09749744302826, 5194291.671515671536326 ], [ -157739.111874163354514, 5193880.110034325160086 ], [ -157798.74717253469862, 5192844.352884904481471 ], [ -157788.266999073937768, 5192754.824076216667891 ], [ -157729.089669087843504, 5192527.683601380325854 ], [ -157590.706072373286588, 5192281.475081058219075 ], [ -157509.090406586241443, 5191810.311182960867882 ], [ -157336.150679581391159, 5191319.870250378735363 ], [ -156710.355916942964541, 5190820.968988455832005 ], [ -156571.3925683205307, 5190608.609491880051792 ], [ -156153.748221583577106, 5190374.775390472263098 ], [ -155313.856355845637154, 5189580.88192318752408 ], [ -155287.482096808904316, 5189405.837179286405444 ], [ -155099.08654906321317, 5188957.127652974799275 ], [ -155072.489985003485344, 5188865.974040947854519 ], [ -155037.806282576435478, 5188559.548025038093328 ], [ -155001.95628584449878, 5188387.047423105686903 ], [ -154946.276725578500191, 5188193.880885505117476 ], [ -154930.768250718567288, 5188086.709449521265924 ], [ -154931.225662506389199, 5187918.963328673504293 ], [ -154952.148160801036283, 5187738.079329605214298 ], [ -154980.442458414909197, 5187595.216843470931053 ], [ -155155.664457620005123, 5187092.598007768392563 ], [ -155201.798148911475437, 5186932.496808809228241 ], [ -155198.635450858564582, 5186598.323327150195837 ], [ -155162.786901279963786, 5186354.168891504406929 ], [ -155184.38599943954614, 5186136.806624720804393 ], [ -155177.417287996300729, 5186005.473632630892098 ], [ -155178.201645128487144, 5185990.610131602734327 ], [ -155185.622425023786491, 5185855.493690721690655 ], [ -155224.125721818883903, 5185742.606289065442979 ], [ -155241.124987299466738, 5185626.607372602447867 ], [ -155399.107493562944001, 5185465.93555729277432 ], [ -155438.463163699081633, 5185235.398861823603511 ], [ -155523.772410190547816, 5185069.301387005485594 ], [ -155666.348410247708671, 5184434.996850395575166 ], [ -155370.036074583709706, 5184213.023779874667525 ], [ -155201.267822857276769, 5184231.471409010700881 ], [ -155200.153960032534087, 5183716.2159204185009 ], [ -155048.208421074174112, 5183413.138794474303722 ], [ -155465.644600363448262, 5181770.08250545244664 ], [ -155575.968115672672866, 5181561.253203630447388 ], [ -155645.916942227020627, 5181350.313954138197005 ], [ -155846.52178908381029, 5180273.945880496874452 ], [ -155821.841812697093701, 5180153.171548734419048 ], [ -155722.771584712201729, 5179905.28319438546896 ], [ -153332.453799899434671, 5178046.057941536419094 ], [ -153144.944132661417825, 5177922.193313024006784 ], [ -152951.260575144609902, 5177556.301184378564358 ], [ -152721.887320962559897, 5177439.741423080675304 ], [ -152541.126286534476094, 5177316.001130770891905 ], [ -152379.915848996402929, 5177226.418936566449702 ], [ -152146.975361731980229, 5177015.185095252469182 ], [ -152073.240114017738961, 5176009.765787797980011 ], [ -151979.12148830271326, 5174944.61216467898339 ], [ -151948.501615206740098, 5174856.204551792703569 ], [ -151905.746693099848926, 5174768.915051151998341 ], [ -151437.029520584328566, 5174080.33640416059643 ], [ -151328.922487656294834, 5173891.822128434665501 ], [ -150859.209784934588242, 5172838.544275551103055 ], [ -150580.078054201847408, 5172026.765041517093778 ], [ -150534.813100216502789, 5171931.342504933476448 ], [ -150362.358169593877392, 5171802.394140270538628 ], [ -149877.090460465260549, 5171636.337197634391487 ], [ -149636.496758208668325, 5171622.220156924799085 ], [ -149371.940867641824298, 5171664.356594451703131 ], [ -149064.925942174653756, 5171744.827077507041395 ], [ -148866.574535770021612, 5171842.261788500472903 ], [ -148635.559764376608655, 5171889.083112468011677 ], [ -147959.061756669107126, 5171939.345672859810293 ], [ -147732.758471404144075, 5171882.239679277874529 ], [ -147651.128111444442766, 5171927.911249601282179 ], [ -147405.863332034583436, 5171946.060174874030054 ], [ -147111.174925102415727, 5171807.911220766603947 ], [ -146635.001127815514337, 5171798.5371796740219 ], [ -146377.147561150515685, 5171909.602493962273002 ], [ -146248.643235285388073, 5171943.531419645063579 ], [ -146180.014657891966635, 5171943.526170777156949 ], [ -145894.521352218813263, 5171817.677431358955801 ], [ -146082.107050668942975, 5171379.754698937758803 ], [ -146115.070533004705794, 5171208.890637183561921 ], [ -146065.607387062977068, 5170918.909500000998378 ], [ -146134.016331101214746, 5170724.445943428203464 ], [ -146054.831994312640745, 5170645.906708670780063 ], [ -146011.105253051209729, 5170474.890428869053721 ], [ -145966.626214670774061, 5170410.542397944256663 ], [ -145868.404352525423747, 5170342.431095733307302 ], [ -145622.324380484526046, 5170267.340812074020505 ], [ -145652.241493635083316, 5170046.475387139245868 ], [ -145654.316934221569682, 5169941.19070256408304 ], [ -145625.966531584272161, 5169809.648744185455143 ], [ -145371.944359153276309, 5169319.869046870619059 ], [ -145195.499181383347604, 5168922.111658241599798 ], [ -145084.721705190604553, 5168741.69308990240097 ], [ -145622.478335340158083, 5167939.605894174426794 ], [ -145535.585235133796232, 5167639.534554358571768 ], [ -145252.174605813866947, 5167415.221895945258439 ], [ -145775.090678048407426, 5167020.604207016527653 ], [ -146519.549791482480941, 5166299.639016473665833 ], [ -147526.255027369101299, 5165434.002177307382226 ], [ -147854.096716368832858, 5165171.842710700817406 ], [ -148137.392241335182916, 5164779.249873877502978 ], [ -149114.722712630114984, 5163678.215721767395735 ], [ -149288.301970109721879, 5162835.543536234647036 ], [ -149646.641080765577499, 5162448.509167492389679 ], [ -150035.73687617178075, 5161928.504390893504024 ], [ -150133.297611861373298, 5161748.255372491665184 ], [ -150447.529491236316971, 5161344.196227698586881 ], [ -150630.034790765639627, 5161009.111924228258431 ], [ -150644.000600122002652, 5160990.495343190617859 ], [ -150741.759484505484579, 5160860.179694810882211 ], [ -150746.881739554664819, 5160851.509963522665203 ], [ -151032.035298142029205, 5160370.695697954855859 ], [ -151134.880926657031523, 5160123.120716877281666 ], [ -151238.063853229337838, 5159998.308597711846232 ], [ -151317.860113258677302, 5159831.23091890104115 ], [ -151425.685285235929769, 5159674.13669565320015 ], [ -151824.017370112793287, 5158869.798280878923833 ], [ -151975.927286833932158, 5158584.080168317072093 ], [ -152058.564308948960388, 5158407.633749688975513 ], [ -152092.570743593998486, 5158315.225335621275008 ], [ -152254.179370950529119, 5157588.705883500166237 ], [ -152466.505380951537518, 5157091.104716752655804 ], [ -152542.904170121939387, 5156959.062189577147365 ], [ -152574.810339934047079, 5156622.55204542633146 ], [ -152671.271906971844146, 5156494.943214214406908 ], [ -152718.924664034682792, 5156390.675344116054475 ], [ -152782.506794951972552, 5156154.5690175043419 ], [ -152992.329340924537973, 5155288.896468375809491 ], [ -153444.092443672765512, 5154982.002304777503014 ], [ -153621.138524054142181, 5154924.695000794716179 ], [ -153775.98994700005278, 5154833.258488222956657 ], [ -153994.377971191774122, 5154720.104807361029088 ], [ -154207.010555070213741, 5154627.061030087992549 ], [ -154287.192759774276055, 5154577.347168669104576 ], [ -154294.538732971763238, 5154543.781802604906261 ], [ -154320.705715116666397, 5154437.77188128605485 ], [ -154119.806316887144931, 5154335.556302635930479 ], [ -154061.513197616179241, 5154292.660398154519498 ], [ -154001.143524564104155, 5154217.369992844760418 ], [ -153907.183640443108743, 5154071.341738002374768 ], [ -153652.325235997210257, 5153625.689703225158155 ], [ -153630.87207769008819, 5153552.488834509626031 ], [ -153639.993596765678376, 5153496.044776103459299 ], [ -153689.873745519784279, 5153414.762374272570014 ], [ -153758.497981453168904, 5153336.531642634421587 ], [ -153766.478921026166063, 5153269.283284068107605 ], [ -153649.782587508176221, 5153190.23473531100899 ], [ -153679.703374201984843, 5153027.698284761980176 ], [ -153742.829874443559675, 5152884.665433284826577 ], [ -153869.660734403383685, 5152496.176063616760075 ], [ -154478.879690904199379, 5152252.274323024787009 ], [ -154729.347209355211817, 5152152.54071225784719 ], [ -155401.265199253044557, 5151883.487567805685103 ], [ -155504.339255363214761, 5151828.81477898452431 ], [ -155835.620939267362701, 5151561.425261571072042 ], [ -156242.727003769396106, 5151259.060180788859725 ], [ -156101.243827153462917, 5151069.080057071521878 ], [ -156301.688485263002804, 5150831.590468227863312 ], [ -156310.075407018972328, 5150741.453091188333929 ], [ -156349.232260544522433, 5150657.281987640075386 ], [ -156595.850684962206287, 5150318.239978292956948 ], [ -156634.728460524405818, 5150248.889980784617364 ], [ -156652.25671622515074, 5150172.404244320467114 ], [ -156654.652979584003333, 5150043.081378702074289 ], [ -156670.788739774434362, 5149969.266254393383861 ], [ -156710.388088275998598, 5149860.853060081601143 ], [ -156746.504249910300132, 5149795.497188908047974 ], [ -156778.22429353397456, 5149677.506086762063205 ], [ -156663.807115270465147, 5149621.471701284870505 ], [ -156864.264018524001585, 5149235.785834393464029 ], [ -156996.780410156672588, 5149038.832210723310709 ], [ -157047.503358775691595, 5148981.837058378383517 ], [ -157044.625415980233811, 5148847.04221778921783 ], [ -157400.608672252332326, 5148687.931700090877712 ], [ -157602.213502095051808, 5148525.159837079234421 ], [ -157613.097876626969082, 5148520.759960831142962 ], [ -157635.610239888948854, 5148464.588600032031536 ], [ -157827.877924802422058, 5148082.817934625782073 ], [ -157878.268696060840739, 5148043.332551717758179 ], [ -158271.612777194095543, 5147967.078099488280714 ], [ -159457.685884081322001, 5148141.16797571349889 ], [ -159886.51216234912863, 5148180.018136984668672 ], [ -160110.663419218239142, 5148402.387579970993102 ], [ -160380.624427660368383, 5148467.951730511151254 ], [ -160831.009729071171023, 5148354.903713061474264 ], [ -160906.325490915536648, 5148346.843726674094796 ], [ -161063.008898721454898, 5148367.210172610357404 ], [ -161520.057450892636552, 5148405.153643559664488 ], [ -161779.866121774568455, 5148364.053222541697323 ], [ -162199.563311241363408, 5148538.718069006688893 ], [ -162876.970019952132134, 5149091.244443172588944 ], [ -163175.389856215711916, 5149294.685564479790628 ], [ -163405.355218769283965, 5149422.781632174737751 ], [ -163979.526792066695634, 5149672.919854199513793 ], [ -164077.141629028803436, 5149694.877324741333723 ], [ -164485.864275176281808, 5149737.206758108921349 ], [ -164759.052213017595932, 5149700.298287373967469 ], [ -165034.327836589363869, 5149697.107381999492645 ], [ -165493.71988668065751, 5149606.888104629702866 ], [ -165805.087849515810376, 5149612.399385817348957 ], [ -166435.264926548319636, 5149658.55821127910167 ], [ -166658.126769755326677, 5149658.439415004104376 ], [ -166964.599569302517921, 5149636.876119809225202 ], [ -167175.264692500670208, 5149643.268514190800488 ], [ -167209.724642751301872, 5149437.703524089418352 ], [ -167240.152489725674968, 5149155.266660530120134 ], [ -167318.257361412019236, 5148910.05385628901422 ], [ -167386.547972831496736, 5148765.729534369893372 ], [ -167551.943466625787551, 5148518.011217304505408 ], [ -167609.827486768132076, 5148431.445200252346694 ], [ -167660.322119111457141, 5148383.823559125885367 ], [ -168119.815358619700419, 5148282.712339802645147 ], [ -168414.606958720018156, 5148235.302220118232071 ], [ -168826.665850006393157, 5148003.99093998875469 ], [ -168982.144669602479553, 5147939.324526728130877 ], [ -169301.037273417925462, 5147738.718842123635113 ], [ -169573.738188486953732, 5147491.502096601761878 ], [ -169885.023218301445013, 5147498.225279944017529 ], [ -170813.846666761295637, 5147577.526022914797068 ], [ -170944.982362749666208, 5147601.330839125439525 ], [ -171077.231364965467947, 5147638.625504581257701 ], [ -171398.564537296886556, 5147765.377596883103251 ], [ -171566.82038540719077, 5147816.754267601296306 ], [ -171729.893198026169557, 5147857.261754360981286 ], [ -172245.572501483780798, 5147922.631733239628375 ], [ -173145.059033978875959, 5148073.964439303614199 ], [ -173475.132678768917685, 5148082.235869113355875 ], [ -173575.553100857709069, 5148097.403391962870955 ], [ -173890.825260873971274, 5148268.437758421525359 ], [ -174504.437329759413842, 5148420.220102312043309 ], [ -174745.139345880481414, 5148521.264710057526827 ], [ -175145.649841872567777, 5148689.650031883269548 ], [ -175739.199689488334116, 5149083.55725784599781 ], [ -175903.255453210935229, 5149148.267477627843618 ], [ -176083.583343500387855, 5149284.66173040587455 ], [ -176192.661416346527403, 5149345.76076743286103 ], [ -176415.491422179387882, 5149428.9558957638219 ], [ -176627.986526486783987, 5149487.720369001850486 ], [ -176935.485469100007322, 5149647.766009442508221 ], [ -177306.447764733922668, 5149950.344432501122355 ], [ -177395.6061052584555, 5149998.977558435872197 ], [ -177465.006238042842597, 5150024.375915270298719 ], [ -177540.083887496381067, 5150031.001083778217435 ], [ -177693.936440651566954, 5150064.524096950888634 ], [ -177787.65342564356979, 5150163.090358722023666 ], [ -177971.925365491799312, 5150389.819202473387122 ], [ -178047.825109384953976, 5150511.004151431843638 ], [ -178110.746002527070232, 5150687.232153714634478 ], [ -178375.645647681434639, 5151241.43813858833164 ], [ -178561.608196636341745, 5151531.554807517677546 ], [ -178623.793156624800758, 5151671.394818903878331 ], [ -178808.260684818291338, 5152220.287492794916034 ], [ -178886.51071712069097, 5152280.871193465776742 ], [ -178986.406713088159449, 5152414.594775606878102 ], [ -179037.108844962349394, 5152517.863155062310398 ], [ -179114.281193274189718, 5152728.051065858453512 ], [ -179193.650431737012696, 5152885.707272716797888 ], [ -179268.742107446538284, 5152975.89588650316 ], [ -179340.277793342072982, 5153119.947424391284585 ], [ -179458.657722838950576, 5153274.197684551589191 ], [ -179761.419241882394999, 5153571.638875438831747 ], [ -179879.467995894141495, 5153663.873366743326187 ], [ -179988.727742149174446, 5153718.218391434289515 ], [ -180099.570228924596449, 5153757.758990933187306 ], [ -180157.222927164868452, 5153764.083795686252415 ], [ -180296.113361520809121, 5153813.512465131469071 ], [ -180461.124914391344646, 5153909.196968749165535 ], [ -180653.536646726017352, 5153971.618001130409539 ], [ -180764.644073889270658, 5153994.978337451815605 ], [ -180881.253021607117262, 5154010.337277450598776 ], [ -181125.759492645564023, 5154091.113572303205729 ], [ -181474.718377729237545, 5154276.019807800650597 ], [ -181637.922436027991353, 5154317.732183953747153 ], [ -181704.248592393327272, 5154370.025071885436773 ], [ -182427.357963327260222, 5154594.589459281414747 ], [ -183008.960780552064534, 5154850.565312514081597 ], [ -183082.84419450853602, 5154935.329699500463903 ], [ -183294.375160706258612, 5155150.36273702327162 ], [ -183554.225687716825632, 5155453.801657957024872 ], [ -183611.083564792817924, 5155511.331015671603382 ], [ -183684.228262608346995, 5155558.330860880203545 ], [ -184138.667708554276032, 5155790.678238951601088 ], [ -184525.051204567251261, 5155566.187196389771998 ], [ -184676.216171256062808, 5155435.075554476119578 ], [ -184718.693017274898011, 5155381.809120276942849 ], [ -184745.095662781852297, 5155325.594067213125527 ], [ -184754.186457677948056, 5155259.669303464703262 ], [ -184727.290666826884262, 5155175.652650274336338 ], [ -184701.105762244114885, 5155132.096369288861752 ], [ -184642.795165813149652, 5155081.294532526284456 ], [ -184588.282011171744671, 5155045.383209965191782 ], [ -184929.269196200213628, 5155058.822413597255945 ], [ -185008.609491595241707, 5155053.324004099704325 ], [ -185195.011195941449841, 5154987.479715013876557 ], [ -185249.001037656591507, 5155057.08601826056838 ], [ -185257.750526993972016, 5155099.019477630965412 ], [ -185233.78522173804231, 5155171.452405912801623 ], [ -185231.958914172108052, 5155202.434734470210969 ], [ -185267.505342652701074, 5155248.832740028388798 ], [ -185273.485091739625204, 5155296.117080423980951 ], [ -185295.433844419952948, 5155353.089476101100445 ], [ -185633.247088126809103, 5155571.401302388869226 ], [ -185741.593569279531948, 5155601.405971776694059 ], [ -185849.03724936186336, 5155603.080036831088364 ], [ -185945.318256185390055, 5155631.546224142424762 ], [ -186311.116997238830663, 5155952.753783563151956 ], [ -186409.329842505627312, 5155943.49099634308368 ], [ -186463.708634521695785, 5155988.831863350234926 ], [ -186511.893610070168506, 5156000.366349605843425 ], [ -186579.715455113851931, 5155958.268731184303761 ], [ -186646.672681672585895, 5155885.144282270222902 ], [ -186684.206163063878193, 5155803.473824766464531 ], [ -186698.55290771779255, 5155744.36742545850575 ], [ -186698.104958086914849, 5155686.380639418028295 ], [ -186675.064495160535444, 5155525.569575912319124 ], [ -186669.327867841318948, 5155462.108679660595953 ], [ -186682.289575390837854, 5155405.679520602338016 ], [ -186823.001085296767997, 5155166.510081329382956 ], [ -186857.262107617250877, 5155122.546499748714268 ], [ -186968.431428417359712, 5155230.780710810795426 ], [ -186983.30259919250966, 5155050.339693487621844 ], [ -187078.646518542431295, 5154877.886599203571677 ], [ -187205.595154523703968, 5154746.370204915292561 ], [ -187254.049634559167316, 5154652.741759047843516 ], [ -187265.912730054085841, 5154580.121160011738539 ], [ -187245.483711062115617, 5154511.047503645531833 ], [ -187195.615028215659549, 5154434.7790810726583 ], [ -187190.969554545270512, 5154387.520864809863269 ], [ -187222.498907881177729, 5154346.213696401566267 ], [ -187333.299427208345151, 5154303.432706166990101 ], [ -187380.818155604210915, 5154270.460925719700754 ], [ -187457.758625416929135, 5154158.400954463519156 ], [ -187587.951779276598245, 5154164.450448956340551 ], [ -187616.398918551421957, 5154148.710604538209736 ], [ -187662.881596446502954, 5154095.500300163403153 ], [ -187711.161304881505203, 5154012.658753565512598 ], [ -187775.718817177345045, 5153919.283140029758215 ], [ -187930.593394577386789, 5153979.632893849164248 ], [ -187938.2373700516182, 5154006.712937799282372 ], [ -187918.985109396919142, 5154123.705275107175112 ], [ -187923.778304031584412, 5154161.527189755812287 ], [ -187947.39161705749575, 5154198.290057266131043 ], [ -187997.840831048670225, 5154236.81341213081032 ], [ -188100.433986958581954, 5154290.966803953051567 ], [ -188139.231723806937225, 5154300.99934065528214 ], [ -188232.196189041074831, 5154282.202600962482393 ], [ -188277.193308331625303, 5154326.033875393681228 ], [ -188379.907357208634494, 5154284.466063502244651 ], [ -188491.676801383786369, 5154353.586130197159946 ], [ -188595.938636460603448, 5154298.557742803357542 ], [ -188625.481048205314437, 5154299.009507965296507 ], [ -188713.307117064250633, 5154352.930932248942554 ], [ -188744.212969932006672, 5154352.05494000017643 ], [ -188844.424445336568169, 5154298.310304838232696 ], [ -188893.443315190495923, 5154254.568971507251263 ], [ -189076.785069373610895, 5154210.179685961455107 ], [ -189209.0037926879304, 5154082.771669831126928 ], [ -189329.897316286835121, 5154081.915610737167299 ], [ -189548.816334449627902, 5154437.115779401734471 ], [ -189626.718048065173207, 5154525.931846935302019 ], [ -189737.462351049587596, 5154574.800115107558668 ], [ -190518.44583469099598, 5154535.386662346310914 ], [ -190937.524087788886391, 5154534.960932740010321 ], [ -191194.588510583766038, 5154769.371517409570515 ], [ -191321.014612875209423, 5154848.119681832380593 ], [ -191500.562932770466432, 5154877.77761809155345 ], [ -191826.583212261815788, 5155083.550549843348563 ], [ -191981.763250344723929, 5155126.318571324460208 ], [ -192329.209748826368013, 5155247.456051529385149 ], [ -192710.08003573838505, 5155379.865920488722622 ], [ -192899.368365800211905, 5155478.408805499784648 ], [ -193061.839941849320894, 5155573.854604027234018 ], [ -193330.970618209801614, 5155815.153608921915293 ], [ -193607.807163681514794, 5156172.529519772157073 ], [ -193668.656623738817871, 5156236.804682412184775 ], [ -193734.847860881534871, 5156212.161442049778998 ], [ -193798.096367284859298, 5156205.004216750152409 ], [ -193847.258282684459118, 5156242.137584127485752 ], [ -193883.697048203466693, 5156322.23357808124274 ], [ -194040.47385306211072, 5156807.303576901555061 ], [ -194095.465124916547211, 5156905.207634393125772 ], [ -194141.747427728259936, 5156955.785005863755941 ], [ -194267.797270140727051, 5157064.175381250679493 ], [ -194497.049631355825113, 5157281.967708 ], [ -194610.051159655005904, 5157456.247227535583079 ], [ -194687.061538107809611, 5157611.120024034753442 ], [ -194756.841938272438711, 5157709.245269684121013 ], [ -194926.809546192729613, 5157847.949448343366385 ], [ -195035.062296334275743, 5157980.355293361470103 ], [ -195191.238421220652526, 5158236.195008937269449 ], [ -195486.072211407794384, 5158753.026714901439846 ], [ -195603.329261201026384, 5159006.96374224871397 ], [ -195730.52680756355403, 5159224.631210368126631 ], [ -195892.450691717996961, 5159457.644703729078174 ], [ -196263.354210660821991, 5159924.362480309791863 ], [ -196475.08221235734527, 5160154.058026287704706 ], [ -196690.013988998660352, 5160348.725922673940659 ], [ -196899.119080853008199, 5160295.087679833173752 ], [ -197103.764045989286387, 5160271.059147454798222 ], [ -197279.685354235582054, 5160281.686928656883538 ], [ -197488.989596659084782, 5160307.630333875305951 ], [ -198358.985480972740334, 5159808.831628861837089 ], [ -198746.220348451315658, 5159607.967387771233916 ], [ -198851.43073690921301, 5159581.137731516733766 ], [ -199170.765279103099601, 5159523.626052489504218 ], [ -199303.342562497244217, 5159462.108636566437781 ], [ -199416.744952282781014, 5159425.947171311825514 ], [ -199522.781776640418684, 5159435.54208892211318 ], [ -200234.346982420654967, 5159870.500310969538987 ], [ -200384.296117631020024, 5159911.731362168677151 ], [ -200788.157886893430259, 5160249.255262542515993 ], [ -201016.919440473604482, 5160422.43836981523782 ], [ -201207.544494980946183, 5160535.727588144131005 ], [ -201526.733319961291272, 5160683.186801389791071 ], [ -201624.631465027487138, 5160602.259834326803684 ], [ -201819.917132655915339, 5160573.952858770266175 ], [ -201934.534574683319079, 5160547.218145751394331 ], [ -202601.171233979432145, 5160354.113699252717197 ], [ -202789.655837317724945, 5160331.089326208457351 ], [ -203191.636975102621363, 5160323.146532544866204 ], [ -203508.794330695527606, 5160227.684640156105161 ], [ -203681.33308489472256, 5160190.933571768924594 ], [ -204126.882444986316841, 5160240.207134516909719 ], [ -204268.670748326636385, 5160389.188543720170856 ], [ -204598.684391911287094, 5160832.136187887750566 ], [ -204622.026641977194231, 5160994.346282159909606 ], [ -204602.55441400865675, 5161042.648974826559424 ], [ -204749.22240722796414, 5161329.315169440582395 ], [ -204767.052561387739843, 5161402.412623680196702 ], [ -204803.862688727851491, 5161463.626478577032685 ], [ -204869.165151056018658, 5161604.830557122826576 ], [ -205540.281084022630239, 5162179.268018512055278 ], [ -205627.682135065406328, 5162177.752200498245656 ], [ -205733.856216355285142, 5161979.496727899648249 ], [ -205833.504860414279392, 5161766.314651567488909 ], [ -206128.478245242935373, 5161522.039996646344662 ], [ -206232.451651519280858, 5161487.012515678070486 ], [ -206407.463479525846196, 5161366.592684366740286 ], [ -206523.025801391195273, 5161369.494933924637735 ], [ -207147.899951840779977, 5161990.40985663048923 ], [ -207104.479227859439561, 5162425.64768048748374 ], [ -207331.976192024158081, 5162504.249506555497646 ], [ -207418.367797924642218, 5162782.018047417514026 ], [ -207592.469255135511048, 5163239.085771682672203 ], [ -207685.274310859007528, 5163236.273600255139172 ], [ -207844.552353356295498, 5163188.464415648020804 ], [ -207981.661787179124076, 5162986.526150767691433 ], [ -208165.964785165415378, 5162875.624174532480538 ], [ -208391.786613632546505, 5162878.616628839634359 ], [ -208688.970803548378171, 5163283.320383043028414 ], [ -208808.980005112447543, 5163461.68250841461122 ], [ -209316.811952385905897, 5164109.386095543392003 ], [ -209385.879907809518045, 5164277.639416476711631 ], [ -209643.712435090972576, 5164613.02448658272624 ], [ -209608.730841706681531, 5164924.333440700545907 ], [ -209862.321428471885156, 5165070.721645571291447 ], [ -210017.967449943011161, 5165097.05199181381613 ], [ -210177.195509989047423, 5165054.592583588324487 ], [ -210591.036181045201374, 5164976.306297881528735 ], [ -210885.721693670726381, 5164961.240786302834749 ], [ -211095.131133012881037, 5164989.600659064017236 ], [ -211252.636746577714803, 5165289.923472394235432 ], [ -211339.355297822592547, 5165343.684550163336098 ], [ -211682.554735091689508, 5165426.401617353782058 ], [ -211859.454096384200966, 5166210.211396981962025 ], [ -211867.019814256462269, 5166354.743618899025023 ], [ -211852.347237452864647, 5166450.395659947767854 ], [ -211787.796626965602627, 5166660.147540088742971 ], [ -211790.172518857667455, 5166789.770470639690757 ], [ -211973.638728231395362, 5167588.624338870868087 ], [ -211951.516094506689114, 5167740.895304389297962 ], [ -212016.74219166408875, 5167899.693423415534198 ], [ -211989.497859487339156, 5168136.960517351515591 ], [ -212073.522479055071017, 5168404.018428104929626 ], [ -212023.999554546899162, 5168489.791674166917801 ], [ -212041.863438512315042, 5168670.94560575298965 ], [ -211874.296658050006954, 5169150.818844658322632 ], [ -211924.114022611407563, 5169252.731365253217518 ], [ -212178.060609108186327, 5169277.60325391124934 ], [ -212297.741418174438877, 5169387.164475731551647 ], [ -212439.186634844023502, 5169656.343600865453482 ], [ -212535.482001881988253, 5169839.875948596745729 ], [ -212316.446320892864605, 5170030.170416105538607 ], [ -212208.761300154554192, 5170034.188742852769792 ], [ -212211.486846567015164, 5170136.854267721995711 ], [ -212155.867287506582215, 5170593.938589051365852 ], [ -212152.986450404423522, 5171030.114054996520281 ], [ -212129.770214002026478, 5171162.168780156411231 ], [ -212024.656339542561909, 5171385.010606036521494 ], [ -211788.547476930893026, 5171643.985005246475339 ], [ -211763.156502956408076, 5172050.20267307665199 ], [ -211625.547578578465618, 5172182.144224928691983 ], [ -211571.824903641070705, 5172278.700821751728654 ], [ -211523.996373102301732, 5172440.169071907177567 ], [ -211443.542994118761271, 5172626.882149210199714 ], [ -211369.545589003653731, 5172729.933492995798588 ], [ -211209.852992722619092, 5172903.467108030803502 ], [ -210943.244259426137432, 5173226.906009103171527 ], [ -210838.987099767779, 5173379.548414688557386 ], [ -210801.293206990376348, 5173484.426111002452672 ], [ -210780.340207155153621, 5173543.592421188950539 ], [ -210704.022347254620399, 5173720.918063944205642 ], [ -210620.011865262233187, 5173868.425560572184622 ], [ -210233.196894902910572, 5174220.032034104689956 ], [ -209925.49390366312582, 5174592.937364012934268 ], [ -209475.837522278219694, 5175113.953572679311037 ], [ -209208.541168487106916, 5175377.958282306790352 ], [ -208591.14078601039364, 5175954.865571452304721 ], [ -208442.148441823286703, 5176125.849525761790574 ], [ -208385.216759924893267, 5176257.517822806723416 ], [ -208317.41851461326587, 5176498.497974360361695 ], [ -207523.814183703041635, 5177052.791456013917923 ], [ -207419.81984936245135, 5177178.43216104619205 ], [ -207319.017712739965646, 5177367.632791287265718 ], [ -207169.422016912751133, 5177681.868859557434916 ], [ -207053.308886206941679, 5178110.090118359774351 ], [ -206993.959678926883498, 5178218.768789757974446 ], [ -206824.281613002181984, 5178320.560719298198819 ], [ -206646.106864303757902, 5178453.322648317553103 ], [ -206524.763721281517064, 5178565.222936882637441 ], [ -206406.842205447697779, 5178723.123938131146133 ], [ -205791.445462486037286, 5179323.05771045293659 ], [ -204858.531801975885173, 5180191.73023207206279 ], [ -204539.270285368111217, 5181089.079750106669962 ], [ -204648.552406840724871, 5181274.440354540944099 ], [ -204582.19853192215669, 5181598.013606334105134 ], [ -204617.541579693148378, 5182269.123181489296257 ], [ -203983.691627381398575, 5183209.67247065436095 ], [ -203628.33487720330595, 5183482.000656051561236 ], [ -202781.690259834431345, 5184011.233813931234181 ], [ -201779.779443096951582, 5183584.831692554056644 ], [ -201555.819655752158724, 5183510.02929413318634 ], [ -201430.533910324447788, 5183412.263277891092002 ], [ -201292.28879505652003, 5183277.803896879777312 ], [ -201214.445635493175359, 5183256.428616803139448 ], [ -200880.687315557675902, 5183134.095728107728064 ], [ -200658.942897399305366, 5182998.45641181897372 ], [ -200528.455526125209872, 5182888.440594888292253 ], [ -200415.575781348918099, 5182771.911689949221909 ], [ -200364.48592368842219, 5182668.424641847610474 ], [ -200334.355299754388398, 5182319.144261134788394 ], [ -200289.794330228905892, 5182230.627233429811895 ], [ -200015.571677720494336, 5182092.892113754525781 ], [ -199822.542233531625243, 5182025.258292808197439 ], [ -199603.716835060622543, 5181972.128151196055114 ], [ -199445.931141656881664, 5181984.76035017054528 ], [ -199267.321801666286774, 5181945.714593254029751 ], [ -199075.437389759812504, 5181892.955854119732976 ], [ -198930.673293791565811, 5181842.217923942022026 ], [ -198637.742398980015423, 5181696.069764255546033 ], [ -198511.377411089022644, 5181678.038237255066633 ], [ -198369.216966690990375, 5181634.090051929466426 ], [ -198225.441721759503707, 5181703.687682981602848 ], [ -198150.119392064982094, 5181695.847284189425409 ], [ -198037.916581112309359, 5181629.339188884012401 ], [ -198040.588916808424983, 5181725.372325845062733 ], [ -198057.536418725620024, 5181859.46896696370095 ], [ -198129.837982717872364, 5181984.897415263578296 ], [ -198200.486897549941204, 5182037.290054795332253 ], [ -198211.99243484030012, 5182080.72201388888061 ], [ -198196.022652010666206, 5182161.619053648784757 ], [ -198137.050261207041331, 5182235.139239870011806 ], [ -198050.159276070800843, 5182282.568432932719588 ], [ -197906.834986396395834, 5182319.721366034820676 ], [ -197805.049676031252602, 5182372.343151130713522 ], [ -197572.282735852728365, 5182540.71533352509141 ], [ -197375.882537482626503, 5182614.957002808339894 ], [ -197064.100800100248307, 5182749.727852480486035 ], [ -196996.056761352840113, 5182797.422656572423875 ], [ -196748.570935462717898, 5183050.759297458454967 ], [ -196636.116542460775236, 5183188.409652316011488 ], [ -196527.134760974266101, 5183365.326938430778682 ], [ -196446.51406879600836, 5183537.249003491364419 ], [ -195795.81279460695805, 5183534.535182221792638 ], [ -195426.518064945325023, 5183544.0128392605111 ], [ -195083.170350114436587, 5183529.515500803478062 ], [ -194894.215867205522954, 5183552.435245699249208 ], [ -194625.348906718660146, 5183511.969084173440933 ], [ -194392.219955556356581, 5183515.296112545765936 ], [ -193667.204906259459676, 5183435.610814765095711 ], [ -193377.138818543404341, 5183279.849192524328828 ], [ -193266.317371151904808, 5183211.940717621706426 ], [ -192761.016940418630838, 5182762.234968643635511 ], [ -192658.447495560074458, 5182683.628863647580147 ], [ -192431.302634944731835, 5182557.186040828004479 ], [ -192386.372084709786577, 5182498.37109658587724 ], [ -192180.342193788586883, 5182311.394784630276263 ], [ -192084.436111009912565, 5182238.294673074968159 ], [ -191912.39339646184817, 5181850.368149133399129 ], [ -191829.742793368932325, 5181701.753516182303429 ], [ -191702.196928319870494, 5181402.392804885283113 ], [ -191457.829384005803149, 5180989.069861620664597 ], [ -189748.83107668577577, 5181862.260524705052376 ], [ -189705.428275142417988, 5181881.879816803149879 ], [ -188159.868019690649817, 5183234.681173345074058 ], [ -187516.37624100339599, 5183465.443962107412517 ], [ -186978.788482521282276, 5183728.919207829982042 ], [ -187017.080606242263457, 5183779.549789343029261 ], [ -187563.208462099632015, 5184276.217704876326025 ], [ -187773.726198292133631, 5184430.94315333571285 ], [ -187940.188021488778759, 5184471.382594250142574 ], [ -188315.604432588384952, 5184593.480566786602139 ], [ -188501.680416104383767, 5184673.433863459154963 ], [ -188553.167461708188057, 5184743.200919765047729 ], [ -188772.880076520785224, 5185180.726780235767365 ], [ -189008.718544089148054, 5185622.572691041044891 ], [ -189175.644346923450939, 5185988.981628579087555 ], [ -189182.113901769800577, 5186006.664786333218217 ], [ -189234.314060031669214, 5186207.655301013030112 ], [ -189343.01921258342918, 5186947.898614278994501 ], [ -189170.525542778283125, 5187301.041185406036675 ], [ -188903.228632389713312, 5188036.959494640119374 ], [ -188428.881921905151103, 5188381.431930327787995 ], [ -187615.722430005902424, 5188841.071600428782403 ], [ -187505.287261247402057, 5188921.896112874150276 ], [ -186906.025833198276814, 5189230.561286310665309 ], [ -186872.195617307181237, 5189326.104263939894736 ], [ -186873.658355416177073, 5189405.96007835585624 ], [ -186931.677740059036296, 5189577.355797419324517 ], [ -186964.183142690220848, 5189654.99021443258971 ], [ -187030.594124507595552, 5189719.620813926681876 ], [ -187099.889394331577932, 5189772.117723731324077 ], [ -187278.027184959122678, 5189855.782982223667204 ], [ -187341.268678234686377, 5189899.776123903691769 ], [ -187405.142911495961016, 5189942.094912427477539 ], [ -187450.398625963454833, 5189965.877405197359622 ], [ -187486.093999922944931, 5189980.743672082200646 ], [ -187545.932011086930288, 5190008.806064285337925 ], [ -187607.446827740757726, 5190024.369723200798035 ], [ -187671.482808222295716, 5190030.429584783501923 ], [ -187717.527109962597024, 5190028.755914064124227 ], [ -187762.461779018776724, 5190021.995423277840018 ], [ -187813.780509552510921, 5190005.492838161997497 ], [ -187861.418683761992725, 5189977.303492467850447 ], [ -187935.583513391175075, 5189903.601219089701772 ], [ -188003.562207597540691, 5189827.475834145210683 ], [ -188039.91826273460174, 5189858.212082028388977 ], [ -188041.523378472251352, 5189859.873402145691216 ], [ -188067.801457469089655, 5189830.785241909325123 ], [ -188098.845346505462658, 5189797.391167792491615 ], [ -188110.384724921052111, 5189786.806092522107065 ], [ -188117.114878695516381, 5189783.305282431654632 ], [ -188122.223775406077038, 5189781.983689395710826 ], [ -188128.936674659373239, 5189782.189831453375518 ], [ -188147.658163981948746, 5189787.136791427619755 ], [ -188268.406526965001831, 5189835.927251914516091 ], [ -188322.985360105987638, 5189857.069126408547163 ], [ -188395.976103065768257, 5189888.827928086742759 ], [ -188423.150192643690389, 5189898.025096870027483 ], [ -188450.822659581986954, 5189904.394996402785182 ], [ -188484.273609968047822, 5189913.962850457057357 ], [ -188522.921844740136294, 5189929.46339849755168 ], [ -188543.516618453810224, 5189933.803718754090369 ], [ -188565.307408776629018, 5189934.961708781309426 ], [ -188575.848140040354338, 5189933.203312923200428 ], [ -188596.554233244853094, 5189924.742342738434672 ], [ -188673.036623352847528, 5189882.844784821383655 ], [ -188692.080382601270685, 5189875.912811493501067 ], [ -188704.773476219445001, 5189873.455760518088937 ], [ -188765.148937885096529, 5189872.304238772951066 ], [ -188787.749800142395543, 5189877.381362902931869 ], [ -188825.388701091374969, 5189892.956526012159884 ], [ -188887.459002004325157, 5189927.1510259648785 ], [ -188929.384593904949725, 5189945.580154858529568 ], [ -188944.671209019637899, 5189955.188017453998327 ], [ -188952.175255893991562, 5189961.656971499323845 ], [ -188954.253145509108435, 5189956.752441947348416 ], [ -188964.496653732465347, 5189959.744412020780146 ], [ -188998.040333254204597, 5189957.240610957145691 ], [ -189028.906445063854335, 5189951.22061285469681 ], [ -189058.05623296459089, 5189944.305417825467885 ], [ -189093.391154412587639, 5189934.820622405037284 ], [ -189112.30077367470949, 5189930.687198222614825 ], [ -189112.088264766876819, 5189927.38662048894912 ], [ -189098.570071082765935, 5189912.734094589948654 ], [ -189137.458533316181274, 5189855.802064033225179 ], [ -189185.601986694411607, 5189777.225895890034735 ], [ -189219.96375315397745, 5189693.841091092675924 ], [ -189236.641416625614511, 5189655.824687986634672 ], [ -189247.901494438905502, 5189619.167719181627035 ], [ -189257.864032267330913, 5189587.446779856458306 ], [ -189667.636866490938701, 5189704.912716301158071 ], [ -189712.899816725344863, 5189762.586072343401611 ], [ -189740.325933630694635, 5189798.494600590318441 ], [ -189731.324750924657565, 5189853.386938131414354 ], [ -189705.597703407460358, 5189952.046247567981482 ], [ -189622.325158319436014, 5190275.837319605052471 ], [ -189788.69302786589833, 5190913.686114592477679 ], [ -189836.636774077807786, 5191101.302000413648784 ], [ -189883.924625849787844, 5191198.363213073462248 ], [ -189993.865870027599158, 5191362.789402642287314 ], [ -189896.372259990719613, 5191622.573537139222026 ], [ -189895.205297768756282, 5191634.293158653192222 ], [ -189895.56107486129622, 5191643.683323097415268 ], [ -189897.104630920715863, 5191679.624663418158889 ], [ -189907.759687301469967, 5191752.149900750257075 ], [ -189918.414855001756223, 5191824.675692095421255 ], [ -189912.665537260647397, 5191850.354199872352183 ], [ -189916.139373290498042, 5191876.173140911385417 ], [ -189916.85949907641043, 5191903.640755293890834 ], [ -189882.995108101691585, 5191917.474004558287561 ], [ -189865.22050236776704, 5191939.798285636119545 ], [ -189943.878075325832469, 5192116.133667722344398 ], [ -190087.19156700943131, 5192284.246257900260389 ], [ -190088.466175179026322, 5192286.28763241134584 ], [ -190091.648688101238804, 5192284.65684721712023 ], [ -190095.804578651208431, 5192282.125831877812743 ], [ -190100.716217223874992, 5192279.772759200073779 ], [ -190107.60867481585592, 5192279.768851692788303 ], [ -190113.388494097336661, 5192280.945162522606552 ], [ -190122.397246528737014, 5192287.417955627664924 ], [ -190145.514297264919151, 5192314.325579253956676 ], [ -190151.102869661117438, 5192322.87629784271121 ], [ -190156.018181777064456, 5192334.637963237240911 ], [ -190161.638146269891877, 5192345.141115696169436 ], [ -190167.526168096374022, 5192352.392304400913417 ], [ -190173.150140090758214, 5192360.569135447964072 ], [ -190180.070872833428439, 5192365.627301081083715 ], [ -190187.667648843547795, 5192371.25191349349916 ], [ -190194.951505765231559, 5192374.329107663594186 ], [ -190208.230139904917451, 5192374.981968915089965 ], [ -190221.677200434234692, 5192375.362353793345392 ], [ -190229.51231147442013, 5192377.670062465593219 ], [ -190234.789411935373209, 5192381.25118257664144 ], [ -190239.573812330170767, 5192387.66467930469662 ], [ -190251.133784851641394, 5192408.092343010008335 ], [ -190264.964674985123565, 5192429.530608724802732 ], [ -190274.284008795948466, 5192436.068128403276205 ], [ -190289.109538579738, 5192442.435222115367651 ], [ -190300.4003405723779, 5192451.613974215462804 ], [ -190303.860929582704557, 5192456.346506373025477 ], [ -190307.67985603393754, 5192461.432376711629331 ], [ -190310.189665273326682, 5192467.344854699447751 ], [ -190313.997237136441981, 5192482.35526114422828 ], [ -190317.041045973252039, 5192488.20823647081852 ], [ -190324.339597067475552, 5192491.380152633413672 ], [ -190329.268156202888349, 5192492.754424528218806 ], [ -190348.380376938293921, 5192492.210817611776292 ], [ -190355.095168622850906, 5192490.504400078207254 ], [ -190370.05539499068982, 5192486.881457544863224 ], [ -190382.958659807540243, 5192486.06221523694694 ], [ -190397.264550208201399, 5192486.78662321716547 ], [ -190406.470560777321225, 5192489.284328262321651 ], [ -190418.069829079031479, 5192494.319567761383951 ], [ -190430.514791552326642, 5192494.734374347142875 ], [ -190434.823412443423877, 5192493.113622925244272 ], [ -190449.678219253342832, 5192484.581387221813202 ], [ -190458.48459285046556, 5192482.268692924641073 ], [ -190464.7285030890489, 5192482.803882915526628 ], [ -190478.346105078380788, 5192486.013069717213511 ], [ -190491.821774716867367, 5192488.560220672748983 ], [ -190510.359809518733528, 5192491.650828872807324 ], [ -190515.798768519365694, 5192492.261165500618517 ], [ -190522.274111979233567, 5192492.649821151047945 ], [ -190529.021854233229533, 5192491.42569116782397 ], [ -190540.127531912847189, 5192488.982090736739337 ], [ -190559.485323444794631, 5192483.211775566451252 ], [ -190576.404438891913742, 5192479.151486093178391 ], [ -190587.344361849653069, 5192477.896097121760249 ], [ -190600.563885339826811, 5192477.308004632592201 ], [ -190614.58613367806538, 5192479.873038000427186 ], [ -190630.551018450234551, 5192485.404086123220623 ], [ -190697.943726857076399, 5192506.996125299483538 ], [ -190717.737445515027503, 5192516.23490655887872 ], [ -190735.333606105006766, 5192521.175025098025799 ], [ -190756.728544318670174, 5192525.045663123950362 ], [ -190778.257845157524571, 5192533.604386737570167 ], [ -190791.170349492167588, 5192539.759632794186473 ], [ -190800.430795292224502, 5192544.362806595861912 ], [ -190809.568567013426218, 5192546.849254807457328 ], [ -190818.293343423923943, 5192547.18215395975858 ], [ -190825.416455000755377, 5192546.351634467951953 ], [ -190834.003529201028869, 5192542.080306624062359 ], [ -190845.747735479788389, 5192534.106064316816628 ], [ -190852.489355161727872, 5192535.086875619366765 ], [ -190863.640673832444008, 5192544.069284311495721 ], [ -190872.425006170466077, 5192553.213116368278861 ], [ -190880.97990903785103, 5192562.885989714413881 ], [ -190888.803665489889681, 5192574.983407584019005 ], [ -190893.507470573385945, 5192582.840906075201929 ], [ -190897.690077800827567, 5192588.325723719783127 ], [ -190905.170302304322831, 5192596.289340711198747 ], [ -190915.013060360710369, 5192602.06062638014555 ], [ -190922.602711923449533, 5192605.8005416020751 ], [ -190933.516920078807743, 5192610.4280950659886 ], [ -190996.888657158619026, 5192634.925910729914904 ], [ -191028.782915785210207, 5192649.2957255654037 ], [ -191048.551364918705076, 5192658.75061899330467 ], [ -191061.316370928107062, 5192662.97059847228229 ], [ -191070.340930727281375, 5192663.324542987160385 ], [ -191076.086463605519384, 5192660.820630062371492 ], [ -191083.629027023707749, 5192656.450807619839907 ], [ -191093.818767932913033, 5192648.985968212597072 ], [ -191103.81047146813944, 5192647.504213014617562 ], [ -191110.588492623501224, 5192650.218835600651801 ], [ -191120.009795087738894, 5192658.415311211720109 ], [ -191128.968676387303276, 5192668.752896214835346 ], [ -191163.401464682101505, 5192700.584979515522718 ], [ -191168.954748799820663, 5192704.377687294967473 ], [ -191205.652777412702562, 5192721.774414670653641 ], [ -191217.351899297675118, 5192728.515936902724206 ], [ -191227.651289905217709, 5192736.556172199547291 ], [ -191237.449742804426933, 5192745.94908019900322 ], [ -191245.38793569279369, 5192751.603526321239769 ], [ -191258.54322783680982, 5192760.142013877630234 ], [ -191265.750385629304219, 5192767.49707390461117 ], [ -191272.57248930298374, 5192782.293481417931616 ], [ -191278.448154666111805, 5192787.933069796301425 ], [ -191287.922556527453708, 5192792.056315464898944 ], [ -191295.68096843836247, 5192792.764364426024258 ], [ -191306.455581952293869, 5192794.886106884106994 ], [ -191314.705580734298564, 5192798.166940577328205 ], [ -191327.661165711906506, 5192806.634379447437823 ], [ -191339.106145199330058, 5192812.249032940715551 ], [ -191352.668755360180512, 5192814.412712699733675 ], [ -191368.418236917554168, 5192815.08559376001358 ], [ -191386.700125571194803, 5192817.211549530737102 ], [ -191400.645229502173606, 5192819.489757030270994 ], [ -191419.29525171185378, 5192824.342259663157165 ], [ -191434.542237087764079, 5192828.163874007761478 ], [ -191447.889555353438482, 5192828.47393780387938 ], [ -191461.591203558084089, 5192826.068125580437481 ], [ -191477.979547673254274, 5192822.070213194005191 ], [ -191488.013663934369106, 5192817.758932493627071 ], [ -191502.136990370228887, 5192815.359435472637415 ], [ -191511.575769994669827, 5192814.630944388918579 ], [ -191529.558209217939293, 5192815.446006731130183 ], [ -191545.094736589526292, 5192819.598271741531789 ], [ -191554.507356133428402, 5192824.637894777581096 ], [ -191561.062515668338165, 5192824.301228456199169 ], [ -191567.221043857571203, 5192815.105583301745355 ], [ -191575.264878942776704, 5192805.286965306848288 ], [ -191581.466710413777037, 5192800.445594397373497 ], [ -191587.4872024343058, 5192796.400349239818752 ], [ -191597.695645018073265, 5192794.921426678076386 ], [ -191609.676182575785788, 5192795.049780314788222 ], [ -191616.395760998420883, 5192799.213308685459197 ], [ -191620.656848467071541, 5192802.99478358309716 ], [ -191625.787229839217616, 5192807.752139657735825 ], [ -191632.01410819569719, 5192811.655358741059899 ], [ -191636.218311404634733, 5192813.133532420732081 ], [ -191641.206871745496755, 5192812.88208506628871 ], [ -191644.815181720099645, 5192810.720660113729537 ], [ -191649.342768049566075, 5192805.059114812873304 ], [ -191654.300492891576141, 5192799.618359283544123 ], [ -191659.791215455508791, 5192794.76752255577594 ], [ -191668.624305730481865, 5192792.943518409505486 ], [ -191675.271971762180328, 5192793.90977764967829 ], [ -191678.756049184972653, 5192795.488196668215096 ], [ -191684.580952860240359, 5192800.074210311286151 ], [ -191695.916950566112064, 5192811.55646314099431 ], [ -191702.854715190827847, 5192817.785384830087423 ], [ -191711.985028506314848, 5192826.355043493211269 ], [ -191718.332465871353634, 5192830.822487264871597 ], [ -191728.630965923017357, 5192835.076811094768345 ], [ -191733.634888353728456, 5192837.67365394346416 ], [ -191737.612890357180731, 5192838.713112710043788 ], [ -191748.814636757218977, 5192840.872890759259462 ], [ -191759.481604323489591, 5192843.504453979432583 ], [ -191765.657943631144008, 5192845.991882329806685 ], [ -191770.629583409521729, 5192851.096898958086967 ], [ -191792.911292686709203, 5192881.644241952337325 ], [ -191806.089627965324325, 5192900.021091107279062 ], [ -191828.856912861316232, 5192925.161431065760553 ], [ -191839.036635016353102, 5192937.499789411202073 ], [ -191845.197612234420376, 5192944.476683348417282 ], [ -191851.859304521902231, 5192954.840731985867023 ], [ -191858.904047177231405, 5192963.917024258524179 ], [ -191870.802430950716371, 5192975.357842209748924 ], [ -191875.488981513102772, 5192980.06388208642602 ], [ -191883.328211374144303, 5192984.337210599333048 ], [ -191918.802393505320651, 5193001.181195755489171 ], [ -191958.889544015371939, 5193022.507323931902647 ], [ -192002.447413609421346, 5193051.682218223810196 ], [ -192014.967739377898397, 5193056.783738240599632 ], [ -192035.298908537370153, 5193061.066870867274702 ], [ -192042.960695130313979, 5193063.686170425266027 ], [ -192052.036573214631062, 5193067.927372100763023 ], [ -192062.306018879346084, 5193073.847893208265305 ], [ -192074.471012833237182, 5193082.594086753204465 ], [ -192091.023330558295129, 5193095.877897460013628 ], [ -192103.125540319248103, 5193106.864511689171195 ], [ -192110.470400321908528, 5193115.769604948349297 ], [ -192115.914257380121853, 5193124.667642359621823 ], [ -192119.398112163995393, 5193129.954674634151161 ], [ -192121.499824150203494, 5193128.51132174488157 ], [ -192153.082499522104627, 5192917.918371892534196 ], [ -192306.44391108371201, 5192811.364383243955672 ], [ -192309.834814092842862, 5192806.402771492488682 ], [ -192335.621306218235986, 5192821.374035539105535 ], [ -192369.219977568311151, 5192855.704882961697876 ], [ -192389.760761328972876, 5192870.594161947257817 ], [ -192408.682737054448808, 5192878.873792512342334 ], [ -192433.66706092923414, 5192888.885620169341564 ], [ -192454.749636651657056, 5192898.838841916061938 ], [ -192500.164315352158155, 5192931.210218611173332 ], [ -192583.554859100346221, 5192992.342642645351589 ], [ -192616.763466954696923, 5193016.244450295343995 ], [ -192649.435292224516161, 5193034.247311053797603 ], [ -192699.91556435340317, 5193061.973788415081799 ], [ -192744.418425104930066, 5193082.237872085534036 ], [ -192782.543235631339485, 5193101.004691932350397 ], [ -192826.5065308107296, 5193126.111896477639675 ], [ -192867.26883403249667, 5193146.006222466006875 ], [ -192913.815409315313445, 5193165.359349529258907 ], [ -192945.317934653896373, 5193178.059498938731849 ], [ -192988.179278194031212, 5193193.280702323652804 ], [ -193019.930491275008535, 5193202.545101893134415 ], [ -193057.764869249920594, 5193206.547984233126044 ], [ -193090.256579583568964, 5193215.713196333497763 ], [ -193133.594481864012778, 5193230.413356489501894 ], [ -193181.311024994967738, 5193244.608517562970519 ], [ -193221.182772290310822, 5193252.721035421825945 ], [ -193268.459603432798758, 5193255.313483393751085 ], [ -193325.506612323690206, 5193253.535684464499354 ], [ -193374.754577689687721, 5193237.598336152732372 ], [ -193437.861374381376663, 5193221.489367713220417 ], [ -193532.867995674314443, 5193182.057561255060136 ], [ -193559.847498782415641, 5193168.052326285280287 ], [ -193618.870651273842668, 5193124.692291921935976 ], [ -193646.487235827837139, 5193098.771507416851819 ], [ -193659.616479211079422, 5193086.427528596483171 ], [ -193676.925769473484252, 5193079.769620423205197 ], [ -193702.505096026347019, 5193044.468822102993727 ], [ -193743.625625369517365, 5192982.29298057872802 ], [ -193757.195916575175943, 5192939.652225272729993 ], [ -193775.361921638686908, 5192902.8298728922382 ], [ -193792.63147084301454, 5192866.576541755348444 ], [ -193807.668730298319133, 5192821.97717908769846 ], [ -193825.105147419293644, 5192783.711080909706652 ], [ -196632.483630878705299, 5194174.600674320943654 ], [ -196632.534392566652969, 5194174.625627247616649 ], [ -196745.05836025023018, 5193346.510145264677703 ], [ -196838.938762254838366, 5193253.871313877403736 ], [ -196984.402835181186674, 5193133.495947814546525 ], [ -197003.660773129959125, 5193098.161883305758238 ], [ -197335.517978801595746, 5193154.27451994176954 ], [ -197485.611495391523931, 5193272.781412689015269 ], [ -197531.52154582599178, 5193392.442936007864773 ], [ -197679.661961949983379, 5193676.718489083461463 ], [ -197866.068453034095, 5194022.542206076905131 ], [ -197986.647276432719082, 5194226.796180276200175 ], [ -198181.201241047994699, 5194629.625368714332581 ], [ -198261.289158143219538, 5194655.871431480161846 ], [ -198412.735763143718941, 5194687.722055297344923 ], [ -198793.3162854211987, 5194766.387132180854678 ], [ -199038.11586067895405, 5194771.186361713334918 ], [ -199102.307020530482987, 5194726.759794991463423 ], [ -199286.262033788429108, 5194539.224823519587517 ], [ -199308.556099529203493, 5194485.881981821730733 ], [ -199339.989050185802625, 5194452.957374365068972 ], [ -199363.381060064246412, 5194441.831355684436858 ], [ -199367.002171780215576, 5194440.481454556807876 ], [ -199374.794981413870119, 5194437.469582308083773 ], [ -199386.13420738503919, 5194433.130058733746409 ], [ -199397.509946149017196, 5194432.324628463946283 ], [ -199439.691127600497566, 5194431.550164782442153 ], [ -199491.052827457548119, 5194428.635103295557201 ], [ -199533.217422304966021, 5194420.120368951000273 ], [ -199574.071564106445294, 5194411.587002244777977 ], [ -199613.749615487933625, 5194407.79631806910038 ], [ -199640.97569126819144, 5194407.575494264252484 ], [ -199648.351609408680815, 5194407.148578279651701 ], [ -199670.213755525066517, 5194406.066707116551697 ], [ -199704.565057952539064, 5194399.098660059273243 ], [ -199715.916195109166438, 5194391.360817709006369 ], [ -199750.136474495986477, 5194379.548500549979508 ], [ -199763.483570122625679, 5194378.633189390413463 ], [ -199780.769817250431515, 5194378.352538079954684 ], [ -199810.456944333214778, 5194378.300526642240584 ], [ -199810.865709503355902, 5194379.602616501040757 ], [ -199837.752928753587184, 5194399.958053255453706 ], [ -200227.875423823366873, 5194402.144943970255554 ], [ -200273.879873186087934, 5194416.467827905900776 ], [ -200461.965952747181291, 5194406.581110756844282 ], [ -200744.644545095681679, 5194581.170445548370481 ], [ -200894.219646817015018, 5194789.125805491581559 ], [ -201116.754878638166701, 5195111.823458089493215 ], [ -201145.537312219268642, 5195169.458261974155903 ], [ -201189.389955824939534, 5195158.669355087913573 ], [ -201263.621465829084627, 5195145.150992039591074 ], [ -201377.117697945301188, 5195136.902157162316144 ], [ -201512.808921455492964, 5195142.735271818935871 ], [ -201667.772665767493891, 5195142.114091015420854 ], [ -201844.96624447425711, 5195147.879107457585633 ], [ -201961.766439077240648, 5195167.812849901616573 ], [ -202064.666948101279559, 5195212.543354589492083 ], [ -202166.854901064682053, 5195277.150463529862463 ], [ -202267.355250547785545, 5195342.060942041687667 ], [ -202346.124142996704904, 5195404.538488086313009 ], [ -202519.459944749920396, 5195565.366830509155989 ], [ -202563.153624122700421, 5195664.329978240653872 ], [ -202596.48557397298282, 5195796.136111975647509 ], [ -202634.587675323185977, 5195935.153951305896044 ], [ -202666.913853574107634, 5196075.34008405264467 ], [ -202684.334685966343386, 5196197.714096017181873 ], [ -202678.183838822122198, 5196278.504138767719269 ], [ -202657.18720174653572, 5196587.425146559253335 ], [ -202647.085403235076228, 5197005.388658879324794 ], [ -202581.367273928335635, 5197527.09569266717881 ], [ -202514.930799947527703, 5197776.965903045609593 ], [ -202421.020452999830013, 5197970.930717498995364 ], [ -202407.431126161274733, 5198038.881965260952711 ], [ -202446.911919405014487, 5198208.725144767202437 ], [ -202514.499770879163407, 5198297.699524407275021 ], [ -202579.970548277342459, 5198344.658903760835528 ], [ -202667.196493761235615, 5198379.730837096460164 ], [ -202883.487258746346924, 5198351.583079112693667 ], [ -202972.977553992532194, 5198320.318985455669463 ], [ -203046.557399697543588, 5198268.518272129818797 ], [ -203066.432938181213103, 5198197.012289648875594 ], [ -203098.602935186587274, 5197918.463932120241225 ], [ -203156.474487545870943, 5197831.234772923402488 ], [ -203291.835982724209316, 5197701.740647279657423 ], [ -203391.20833180702175, 5197638.108591658994555 ], [ -203480.708868446410634, 5197605.487776109948754 ], [ -203598.204141949798213, 5197597.62957657314837 ], [ -203684.245091454300564, 5197620.484507404267788 ], [ -203764.538059051585151, 5197668.991042986512184 ], [ -203852.388952156819869, 5197756.875701395794749 ], [ -203944.934188188868575, 5197896.288893373683095 ], [ -204054.372936185303843, 5198083.337275853380561 ], [ -204208.263004008709686, 5198276.41627758834511 ], [ -204733.298710667440901, 5198664.197800271213055 ], [ -204833.990863633109257, 5198702.144126750528812 ], [ -204945.091611626965459, 5198768.674899641424417 ], [ -205193.016592908214079, 5198995.542651436291635 ], [ -205447.791285096871434, 5199215.730001953430474 ], [ -205508.924275897385087, 5199285.641454577445984 ], [ -205598.824560828128597, 5199523.90636642742902 ], [ -205686.998948373715393, 5199690.360411322675645 ], [ -205754.627765420416836, 5199779.326128762215376 ], [ -205822.586422118300106, 5199843.913957570679486 ], [ -205917.733973886672175, 5199893.969650690443814 ], [ -206003.874443015782163, 5199911.392048508860171 ], [ -206102.432823982089758, 5199908.66301420237869 ], [ -206175.826988776505459, 5199870.37328970618546 ], [ -206255.181978344335221, 5199790.171730974689126 ], [ -206300.820186582423048, 5199708.159654718823731 ], [ -206327.912345015181927, 5199600.160554272122681 ], [ -206337.299027117842343, 5199504.114173625595868 ], [ -206309.046808271348709, 5199296.488898690789938 ], [ -206276.533167998073623, 5199205.296847833320498 ], [ -206262.033470363705419, 5199079.132693131454289 ], [ -206265.237801906245295, 5198941.019420857541263 ], [ -206287.058425852563232, 5198823.47671926394105 ], [ -206331.578652444412, 5198723.849874534644186 ], [ -206407.438098682003329, 5198601.622237884439528 ], [ -206511.192650839424459, 5198512.277761151082814 ], [ -206582.202463460474974, 5198449.57928236015141 ], [ -206774.336787624022691, 5198511.763285265304148 ], [ -207129.020945438591298, 5198628.951265792362392 ], [ -207957.37877609647694, 5198745.689219435676932 ], [ -208225.103153329662746, 5198807.49978441093117 ], [ -208337.865678682195721, 5198852.34340236056596 ], [ -208420.856696777860634, 5198903.562422489747405 ], [ -208466.158942792564631, 5198947.507586752064526 ], [ -208538.035822927457048, 5199022.958840605802834 ], [ -208650.795342653640546, 5199170.741186319850385 ], [ -208761.549330433772411, 5199368.615152085199952 ], [ -208817.644557678344427, 5199515.649211497977376 ], [ -208853.697267203009687, 5199647.519241449423134 ], [ -208868.374853383516893, 5199762.852592997252941 ], [ -208857.717459293577122, 5199854.82355740480125 ], [ -208813.34294991515344, 5199944.993648589588702 ], [ -208542.635544287128141, 5200311.216092304326594 ], [ -208349.812486434151651, 5200603.972461346536875 ], [ -208305.519017644808628, 5200687.374813556671143 ], [ -208252.19019106583437, 5200739.498760518617928 ], [ -208144.64743663687841, 5200808.511531497351825 ], [ -208075.015202714246698, 5200868.546086111105978 ], [ -208037.645138335588854, 5200938.494242801330984 ], [ -207946.678635321964975, 5201284.102287237532437 ], [ -207877.65654352834099, 5201501.305495020933449 ], [ -207785.006110577698564, 5201972.914184760302305 ], [ -207745.255367568635847, 5202323.307019352912903 ], [ -207758.8790921298787, 5202415.625834964215755 ], [ -207790.139831534499535, 5202501.406652498058975 ], [ -208018.729619140329305, 5202875.729130084626377 ], [ -208073.699295013648225, 5203006.545589185319841 ], [ -208141.272340995346894, 5203205.284873100928962 ], [ -208143.183140054927208, 5203264.933470688760281 ], [ -208117.145956436259439, 5203396.029598146677017 ], [ -208047.681926264427602, 5203645.798844408243895 ], [ -208058.162322364049032, 5203771.966594048775733 ], [ -208114.043704866897315, 5204038.324942612089217 ], [ -208174.856652131304145, 5204238.350478961132467 ], [ -208240.707919549022336, 5204363.908844884485006 ], [ -208307.169885693263495, 5204443.39804623182863 ], [ -208390.209439086931525, 5204494.647877722047269 ], [ -208487.072201569448225, 5204521.686458517797291 ], [ -208589.800499341334216, 5204513.565501102246344 ], [ -208694.271503741445486, 5204475.650987985543907 ], [ -209026.052678200823721, 5204196.80769295617938 ], [ -209244.948987187322928, 5204081.801401958800852 ], [ -209328.878873868379742, 5204065.293002995662391 ], [ -209385.542498433089349, 5204068.751837331801653 ], [ -209766.118011333368486, 5204186.250931883230805 ], [ -210853.005451923963847, 5204607.068289802409708 ], [ -210984.50527396670077, 5204671.126047820784152 ], [ -211098.403258125093998, 5204739.018931492231786 ], [ -211780.711030057107564, 5205233.086214588955045 ], [ -212307.801917154778494, 5205515.040253880433738 ], [ -212531.570123655867064, 5205652.108073101378977 ], [ -212747.036011214280734, 5205805.331078582443297 ], [ -213045.190239172807196, 5206040.939540938474238 ], [ -213098.408302858413663, 5206103.973301588557661 ], [ -213134.090429798292462, 5206165.42713672388345 ], [ -213137.417658058664529, 5206222.400538519024849 ], [ -213087.755472867458593, 5206304.450021246448159 ], [ -213007.069658787047956, 5206383.39137867372483 ], [ -212524.79722319720895, 5206710.659766989760101 ], [ -212419.605981691507623, 5206804.195222361944616 ], [ -212357.729154053580714, 5206890.155297888442874 ], [ -212322.702921553369379, 5206988.662612615153193 ], [ -212283.482727237656945, 5207203.700458018109202 ], [ -212293.0539770561154, 5207300.074601896107197 ], [ -212314.710182114533382, 5207402.02816581632942 ], [ -212436.716344023909187, 5207578.482961587607861 ], [ -212545.932007760595297, 5207699.190692807547748 ], [ -212631.585342798236525, 5207761.299612928181887 ], [ -212734.796544521057513, 5207823.633990535512567 ], [ -212871.737885912705678, 5207889.111977635882795 ], [ -213156.0106846888375, 5207946.986172314733267 ], [ -213240.59524129514466, 5207987.385656321421266 ], [ -213316.905197512067389, 5208041.236246928572655 ], [ -213403.573209708090872, 5208130.468698175624013 ], [ -213556.208595550851896, 5208343.92028723936528 ], [ -213618.29592834590585, 5208454.532858416438103 ], [ -213663.936808251572074, 5208583.918010417371988 ], [ -213684.328423894563457, 5208680.442591990344226 ], [ -213680.2884169347235, 5208786.14767724648118 ], [ -213657.321758830657927, 5208892.968179795891047 ], [ -213601.371024285152089, 5209044.113703111186624 ], [ -213435.262751791276969, 5209359.277608069591224 ], [ -213348.779975227895193, 5209573.769121941179037 ], [ -213339.229208195727551, 5209687.549185184761882 ], [ -213343.651152328471653, 5209764.897438460029662 ], [ -213388.563000888942042, 5209845.475995325483382 ], [ -213567.932430362590821, 5210083.716050055809319 ], [ -213638.943356178759132, 5210130.727830291725695 ], [ -213729.227248074690579, 5210149.507793394848704 ], [ -213804.892330481321551, 5210149.116154809482396 ], [ -214001.348522555257659, 5210105.511266701854765 ], [ -214183.559270712052239, 5210012.904301986098289 ], [ -214374.810163396468852, 5209845.828473813831806 ], [ -214554.493736473319586, 5209631.14590694475919 ], [ -214710.321431353397202, 5209486.672645551152527 ], [ -214790.696886693418492, 5209433.450409797020257 ], [ -214868.182933330419473, 5209395.10653169080615 ], [ -214952.218350888666464, 5209373.116167654283345 ], [ -215015.822411745815771, 5209364.426903707906604 ], [ -215079.087059475539718, 5209382.851832428015769 ], [ -215146.115864466933999, 5209424.374902066774666 ], [ -215315.998758254630957, 5209667.875633243471384 ], [ -215579.163043866894441, 5210124.092123738490045 ], [ -215775.937609684711788, 5210597.120632406324148 ], [ -216048.521305330039468, 5211060.265957057476044 ], [ -216059.501637262816075, 5211155.335794365033507 ], [ -216105.810656752408249, 5211234.573736140504479 ], [ -216214.183743263332872, 5211321.368389293551445 ], [ -216266.621791276847944, 5211342.366061481647193 ], [ -216363.829087583348155, 5211349.003675765357912 ], [ -216419.288680535537424, 5211344.270288438536227 ], [ -216586.220383302890696, 5211285.320147229358554 ], [ -216812.360696833377006, 5211246.089929796755314 ], [ -216944.476894896564772, 5211270.78577771410346 ], [ -217372.438665998895885, 5211411.707878423854709 ], [ -217464.176835722610122, 5211423.691425639204681 ], [ -217565.522322779812384, 5211423.586763797327876 ], [ -217848.422774873499293, 5211383.675298030488193 ], [ -218060.394343615684193, 5211287.279478806070983 ], [ -218158.413047690468375, 5211227.454616966657341 ], [ -218366.259004784544231, 5211136.42749345395714 ], [ -218462.543796470679808, 5211107.771241258829832 ], [ -218535.64674947730964, 5211096.460767550393939 ], [ -218631.535355095664272, 5211100.346374317072332 ], [ -218689.447650388610782, 5211115.972544080577791 ], [ -218826.198524131585145, 5211204.439456129446626 ], [ -218919.48882151543512, 5211311.361776638776064 ], [ -219165.519701660814462, 5211749.713850074447691 ], [ -219167.074167030252283, 5211844.672237715683877 ], [ -219144.685591041983571, 5211908.145223578438163 ], [ -219092.309102706756676, 5211992.954192904755473 ], [ -218997.635549330210779, 5212111.155973894521594 ], [ -218748.713924647978274, 5212356.327652594074607 ], [ -218711.606240308989072, 5212407.415780856274068 ], [ -218701.505777631333331, 5212460.190704840235412 ], [ -218710.404435086355079, 5212506.416352562606335 ], [ -218750.232990419259295, 5212565.227551387622952 ], [ -219125.053285645582946, 5212972.656564838252962 ], [ -219257.81380092157633, 5213058.372906093485653 ], [ -219286.690188152919291, 5213129.260146506130695 ], [ -219299.465992152719991, 5213190.456827814690769 ], [ -219309.637699304526905, 5213243.48328622803092 ], [ -219310.055258714477532, 5213320.80832165107131 ], [ -219293.233102543774294, 5213370.794119007885456 ], [ -219255.911239504494006, 5213439.5217828406021 ], [ -219134.312618250900414, 5213547.919423615559936 ], [ -219100.829607851483161, 5213634.329642927274108 ], [ -219101.57377864755108, 5213684.530686802230775 ], [ -219170.369223957677605, 5213807.458679303526878 ], [ -219254.048419145488879, 5213929.212431121617556 ], [ -219417.186019708169624, 5214074.995014946907759 ], [ -219535.752631991053931, 5214106.28039737790823 ], [ -219611.46602705665282, 5214104.486030504107475 ], [ -219665.73605993023375, 5214087.508402337320149 ], [ -219726.031928159936797, 5214019.052899547852576 ], [ -219965.481154731707647, 5213663.817628951743245 ], [ -220033.880302654753905, 5213595.461139058694243 ], [ -220110.158978094434133, 5213546.191136897541583 ], [ -220191.468403962178854, 5213528.181516363285482 ], [ -220261.657903255749261, 5213535.81103000883013 ], [ -220369.917221247131238, 5213637.499604173004627 ], [ -220401.555222405906534, 5213704.351615243591368 ], [ -220451.07514128787443, 5213858.239366611465812 ], [ -220483.55238008784363, 5214081.110787675715983 ], [ -220472.616464631835697, 5214204.430764936842024 ], [ -220490.823435268073808, 5214264.341472256928682 ], [ -220573.123604603897547, 5214390.142613313160837 ], [ -220739.826434498216258, 5214579.365971827879548 ], [ -220892.83240292564733, 5214670.743607503362 ], [ -220962.740375226887409, 5214702.785990168340504 ], [ -221149.92610274659819, 5214762.009592897258699 ], [ -221420.250903284817468, 5214877.848393148742616 ], [ -221554.61953992486815, 5214945.931375690735877 ], [ -221660.462557048973395, 5215025.883640522137284 ], [ -221771.376956215302926, 5215134.387577968649566 ], [ -221962.013810588541673, 5215360.522105653770268 ], [ -222016.262470119894715, 5215460.212535542435944 ], [ -222084.060826751054265, 5215557.350958832539618 ], [ -222140.3029957235849, 5215602.793388992547989 ], [ -222264.145149994670646, 5215647.680404048413038 ], [ -222348.124351210135501, 5215633.750411466695368 ], [ -222531.268735935969744, 5215578.931434367783368 ], [ -222600.569683053996414, 5215548.543928490020335 ], [ -223004.181874018220697, 5215252.097079642117023 ], [ -223138.736525527143385, 5215189.912348607555032 ], [ -223244.336086925148265, 5215176.229195485822856 ], [ -223313.188973092503147, 5215183.821621069684625 ], [ -223373.742657262890134, 5215207.597460868768394 ], [ -223586.361660163704073, 5215406.822932337410748 ], [ -223647.338803677092073, 5215510.65376899112016 ], [ -223810.060625941492617, 5216049.868288554251194 ], [ -223858.673958890489303, 5216171.199936092831194 ], [ -223907.823406507057371, 5216246.403961282223463 ], [ -224029.639434726268519, 5216350.951860653236508 ], [ -224147.826558865053812, 5216418.819733099080622 ], [ -224228.541649971448351, 5216453.683501753024757 ], [ -224291.981959857541369, 5216462.563847952522337 ], [ -224421.801191547827329, 5216460.00316496193409 ], [ -224630.618633837962989, 5216406.793851020745933 ], [ -224811.218032365373801, 5216338.327901837415993 ], [ -224960.677361816284247, 5216273.569374769926071 ], [ -225059.932602794928243, 5216224.511585794389248 ], [ -225226.324628670787206, 5216097.528188393451273 ], [ -225318.941777093918063, 5215919.488854082301259 ], [ -225373.242200188484276, 5215781.715520868077874 ], [ -225519.346916784299538, 5215654.498966614715755 ], [ -225691.114004273258615, 5215528.9335245359689 ], [ -225811.922479781147558, 5215485.546563533134758 ], [ -225860.922202682704665, 5215456.259302157908678 ], [ -225947.196700478787534, 5215477.600906417705119 ], [ -226126.87515285887639, 5215487.800094121135771 ], [ -226283.883502258424414, 5215470.600778987631202 ], [ -226472.686256701475941, 5215391.348922552540898 ], [ -226895.773681260383455, 5215154.660786272957921 ], [ -227208.034315092256293, 5215034.740049751475453 ], [ -227714.961234905669698, 5214912.937580560334027 ], [ -227746.774230303941295, 5214485.937784911133349 ], [ -228399.914514536212664, 5213732.219499902799726 ], [ -228595.768579484545626, 5213621.818059512414038 ], [ -228661.328078516875394, 5213560.150141471065581 ], [ -228738.79353104805341, 5213521.676130218431354 ], [ -228796.047816830861848, 5213477.550061402842402 ], [ -229275.300599913520273, 5213282.123508238233626 ], [ -229428.571731368167093, 5213232.27840746100992 ], [ -229516.872132577176671, 5213191.206617565825582 ], [ -229884.397327613522066, 5212952.466048062779009 ], [ -230429.369019239355111, 5212426.756456374190748 ], [ -230826.67451577205793, 5212551.831037665717304 ], [ -231095.090521001402522, 5212599.527249293401837 ], [ -231171.584377016988583, 5212649.192652501165867 ], [ -231261.782441585790366, 5212681.373987194150686 ], [ -231561.459631497738883, 5212713.121364348568022 ], [ -231708.472269860474626, 5212740.490361365489662 ], [ -231990.018186390079791, 5212824.928139899857342 ], [ -232108.292696329299361, 5212885.890905913896859 ], [ -232369.620321663009236, 5212966.030614831484854 ], [ -232590.079222341824789, 5213076.922505367547274 ], [ -232653.389733701740624, 5213096.594253819435835 ], [ -232600.740512614138424, 5213344.264530128799379 ], [ -232594.480683688190766, 5213424.231135128065944 ], [ -232618.830263826443115, 5213675.451556192710996 ], [ -232620.973609302192926, 5213854.540766420774162 ], [ -232664.028648756240727, 5214126.32273927051574 ], [ -232661.336720830091508, 5214378.627264979295433 ], [ -232618.778166304749902, 5214566.745429987087846 ], [ -232541.149296761170262, 5214747.705947065725923 ], [ -232429.582231420441531, 5214941.870643370784819 ], [ -232366.348530509043485, 5215040.230340671725571 ], [ -232200.650359019171447, 5215239.241224382072687 ], [ -231954.671465075982269, 5215486.228739337064326 ], [ -231808.610719679010799, 5215617.613280435092747 ], [ -231720.019551959907403, 5215684.493287779390812 ], [ -231430.969477236503735, 5216036.847274477593601 ], [ -231393.15535940908012, 5216283.391540104523301 ], [ -231403.515307819587179, 5216325.568959031254053 ], [ -231429.979624324449105, 5216378.777364312671125 ], [ -231490.210481971444096, 5216435.06746762059629 ], [ -232632.849061260465533, 5217300.989200406707823 ], [ -232827.970087361900369, 5217388.582679934799671 ], [ -232970.714402489189524, 5217443.041145090013742 ], [ -232865.869141961011337, 5217638.694972606375813 ], [ -232819.966327293455834, 5217758.985507224686444 ], [ -232477.615255863696802, 5218414.888104131445289 ], [ -232384.830794246023288, 5218618.829965123906732 ], [ -232559.784736117348075, 5218824.306082711555064 ], [ -232660.675260415766388, 5218874.254640756174922 ], [ -232866.183396883541718, 5219005.407106736674905 ], [ -232986.08049972038134, 5219048.770721182227135 ], [ -233056.967415623716079, 5219122.825959133915603 ], [ -233323.005747849412728, 5219285.839622065424919 ], [ -233551.288516299653566, 5219311.35254721250385 ], [ -233593.092881274613319, 5219322.65716614574194 ], [ -233694.687056074239081, 5219435.043040066957474 ], [ -233824.073588903818745, 5219477.141363541595638 ], [ -234290.713428401621059, 5219729.138971174135804 ], [ -234463.366730356763583, 5219902.000157652422786 ], [ -234631.909782753325999, 5219951.290598184801638 ], [ -234782.349280320777325, 5220050.612936378456652 ], [ -234820.129890981566859, 5220059.155707611702383 ], [ -234875.122498669836204, 5220103.173349475488067 ], [ -234919.21180751294014, 5220155.220964360050857 ], [ -234959.988025671045762, 5220265.605192947201431 ], [ -234975.643330939201405, 5220450.389012523926795 ], [ -234992.898965207103174, 5220481.79315606225282 ], [ -235124.445207477489021, 5220578.201866028830409 ], [ -235229.619862379069673, 5220739.495029881596565 ], [ -235259.246654297661735, 5220752.023714787326753 ], [ -235453.998656287149061, 5220884.389921286143363 ], [ -235497.967962719179923, 5220948.655875829048455 ], [ -235509.450122916547116, 5221015.297559841535985 ], [ -235504.702457953651901, 5221081.769822265021503 ], [ -235462.944067928328877, 5221195.371577398851514 ], [ -235400.896587510971585, 5221308.761988767422736 ], [ -235277.641532234440092, 5221584.430364023894072 ], [ -235178.843480404408183, 5221719.161377573385835 ], [ -235164.568425502598984, 5221790.969224244356155 ], [ -235147.997962700639619, 5221823.379908287897706 ], [ -235124.777496157679707, 5221844.859349993988872 ], [ -235067.305469450744567, 5222167.394540033303201 ], [ -235002.79638113360852, 5222256.328311456367373 ], [ -234937.401078349997988, 5222300.446488064713776 ], [ -234663.175642854475882, 5222779.576645429246128 ], [ -234465.732937453081831, 5223159.05071993265301 ], [ -234398.491512234322727, 5223249.318578204140067 ], [ -234336.429782922292361, 5223490.371570462360978 ], [ -234511.031509924738202, 5223613.075996295548975 ], [ -234592.602647915220587, 5223704.92121059820056 ], [ -235023.47419918741798, 5224035.380253446288407 ], [ -235095.909012610150967, 5224095.894446422345936 ], [ -235137.637457692530006, 5224116.703339356929064 ], [ -235227.185193795914529, 5224093.198997317813337 ], [ -235286.039029341831338, 5224028.631647502072155 ], [ -235360.830587704171194, 5223992.749393303878605 ], [ -235599.02758132389863, 5223987.094667547382414 ], [ -235966.388357472227653, 5224052.038868704810739 ], [ -236178.16734349555918, 5224115.353274427354336 ], [ -236364.550568806094816, 5224148.523338369093835 ], [ -236534.839444776851451, 5224167.942766255699098 ], [ -236655.265092555870069, 5224167.831026772037148 ], [ -236777.196670406468911, 5224152.794915422797203 ], [ -236868.478207579028094, 5223959.54097143933177 ], [ -237228.43100557354046, 5224088.186896576546133 ], [ -237441.598145646916237, 5224281.860273825936019 ], [ -237695.636570723581826, 5224315.699408894404769 ], [ -237765.990488904819358, 5224316.4193180128932 ], [ -237862.4083073825459, 5224282.095819276757538 ] ] ], [ [ [ -131409.526239669154165, 5224947.601050216704607 ], [ -131341.262233607762028, 5224976.010899905115366 ], [ -131304.250951947993599, 5224998.302521179430187 ], [ -131290.203545404656325, 5225022.446282071061432 ], [ -131287.005447753705084, 5225045.465668750926852 ], [ -131260.901138482120587, 5225063.917533457279205 ], [ -131187.823677639098605, 5225127.534606588073075 ], [ -131146.405591297254432, 5225166.028697305358946 ], [ -131125.420531448588008, 5225198.172251056879759 ], [ -131096.581436246837256, 5225217.923209019005299 ], [ -131062.244716672546929, 5225241.630174087360501 ], [ -131027.878831391804852, 5225266.694666782394052 ], [ -131001.599082602770068, 5225293.291339905001223 ], [ -130983.754234270163579, 5225305.130205173045397 ], [ -130899.023069894537912, 5225344.048354716040194 ], [ -130827.016725191802834, 5225357.435092625208199 ], [ -130758.515385976133985, 5225396.702292872592807 ], [ -130715.62532200741407, 5225440.59653381165117 ], [ -130668.997260857257061, 5225469.469966126605868 ], [ -130633.33517142587516, 5225491.789143885485828 ], [ -130601.701511727107572, 5225515.553502931259573 ], [ -130561.98127025863505, 5225537.784862962551415 ], [ -130516.850456259780913, 5225559.899240713566542 ], [ -130488.125352216433384, 5225574.218791664578021 ], [ -130471.457262220981647, 5225594.231601726263762 ], [ -130449.262048188204062, 5225619.557794786058366 ], [ -130409.249704375892179, 5225655.364630537107587 ], [ -130384.52375303930603, 5225672.486854101531208 ], [ -130342.417712244176073, 5225679.725590809248388 ], [ -130290.493403680578922, 5225703.050631129182875 ], [ -130226.307809803663986, 5225730.184547774493694 ], [ -130163.211811102577485, 5225769.56595969479531 ], [ -130124.492109217433608, 5225808.11650812998414 ], [ -130085.888624880506541, 5225841.236556628718972 ], [ -130045.815611945727142, 5225879.757836067117751 ], [ -130023.881330799384159, 5225892.865254209376872 ], [ -130003.182918639766285, 5225911.432342943735421 ], [ -129977.219762482607621, 5225923.094161418266594 ], [ -129949.64113787493261, 5225946.945121888071299 ], [ -129926.149497052407241, 5225969.526503789238632 ], [ -129904.244047654079623, 5225981.276173763908446 ], [ -129873.074478912370978, 5225983.316979642957449 ], [ -129833.818105762271443, 5225983.824353223666549 ], [ -129789.238768520604935, 5225980.141219831071794 ], [ -129752.658515928924317, 5225982.064382382668555 ], [ -129715.902823819866171, 5225992.133127346634865 ], [ -129675.293696217515389, 5225992.61048729903996 ], [ -129642.88836980862834, 5225989.190690193325281 ], [ -129609.335116810543695, 5225976.238185940310359 ], [ -129583.86866822122829, 5225964.819430493749678 ], [ -129553.020924127544276, 5225951.925479336641729 ], [ -129513.59656986578193, 5225947.673752195201814 ], [ -129458.013189639648772, 5225964.803141479380429 ], [ -129414.201288967829896, 5225988.300071099773049 ], [ -129405.675329167977907, 5226007.130536668933928 ], [ -129389.004233546205796, 5226027.142302514053881 ], [ -129365.540311276927241, 5226048.36463628616184 ], [ -129343.575528589994065, 5226062.828362468630075 ], [ -129306.584729716196307, 5226083.756665484979749 ], [ -129277.328965660417452, 5226122.510753856040537 ], [ -129257.952027175939293, 5226142.463639770634472 ], [ -129238.57486605248414, 5226162.416567799635231 ], [ -129216.169926099013537, 5226197.244927663356066 ], [ -129192.646670541129424, 5226221.182551981881261 ], [ -129172.917517187685007, 5226257.427411237731576 ], [ -129154.980718955863267, 5226273.336852581240237 ], [ -129134.338411819437169, 5226289.187346417456865 ], [ -129108.255921168165514, 5226306.277837199158967 ], [ -129092.818913421346224, 5226331.749829885549843 ], [ -129079.76469937498041, 5226372.215053196065128 ], [ -129068.503063088865019, 5226392.344787647947669 ], [ -129046.097009940451244, 5226427.173391371965408 ], [ -129031.689707483557868, 5226467.60961090400815 ], [ -129025.516039843801991, 5226502.791893131099641 ], [ -129021.076395911804866, 5226520.353520072996616 ], [ -129005.609554541413672, 5226547.18359088152647 ], [ -128992.583949604348163, 5226586.291927747428417 ], [ -128989.467671779057127, 5226605.240933775901794 ], [ -128980.969764490771922, 5226622.71451276820153 ], [ -128964.472661233245162, 5226634.580383368767798 ], [ -128938.388946067672805, 5226651.671046149916947 ], [ -128913.481655280484119, 5226676.937324897386134 ], [ -128894.278931799242855, 5226688.744286791421473 ], [ -128858.75498985570448, 5226704.270727341994643 ], [ -128820.554704714610125, 5226718.380388735793531 ], [ -128771.12105843811878, 5226751.26228797622025 ], [ -128760.829126236247248, 5226789.072307112626731 ], [ -128756.153818942359067, 5226817.496289351955056 ], [ -128752.801989074461744, 5226847.307616544887424 ], [ -128728.600129900733009, 5226902.47385838534683 ], [ -128720.925207608001074, 5226944.416738395579159 ], [ -128712.602851156829274, 5226953.744074151851237 ], [ -128683.723903577207238, 5226974.848872056230903 ], [ -128665.667325573100243, 5226996.189481015317142 ], [ -128662.021166971637285, 5227039.578892704099417 ], [ -128638.759512217075098, 5227113.784525033086538 ], [ -128624.496591139613884, 5227178.67780486214906 ], [ -128616.43861847910739, 5227207.029045202769339 ], [ -128598.234430830256315, 5227235.159081764519215 ], [ -128582.853305467768223, 5227257.917012959718704 ], [ -128554.032132703985553, 5227276.306372496299446 ], [ -128516.82893624198914, 5227306.738669713959098 ], [ -128479.713904816351715, 5227333.097618017345667 ], [ -128459.156423132124473, 5227344.874928668141365 ], [ -128389.572613188036485, 5227370.524702485650778 ], [ -128365.486303645724547, 5227357.772590271197259 ], [ -128352.075644589887816, 5227352.045858605764806 ], [ -128317.960005524422741, 5227364.885303234681487 ], [ -128294.549293971591396, 5227383.392229728400707 ], [ -128281.725733910177951, 5227412.998077671974897 ], [ -128270.667367014189949, 5227423.624219935387373 ], [ -128213.64117486809846, 5227431.887195341289043 ], [ -128160.703079701925162, 5227438.880794386379421 ], [ -128130.940255365509074, 5227438.23003738000989 ], [ -128086.237019530686666, 5227439.969462388195097 ], [ -128053.503077984874835, 5227451.479754556901753 ], [ -128000.859645510747214, 5227444.894189498387277 ], [ -127969.127356743250857, 5227428.985038798302412 ], [ -127910.036967279287637, 5227301.763028804212809 ], [ -127484.80196710403834, 5227381.28836927190423 ], [ -127465.114669879360008, 5227309.537761145271361 ], [ -127458.505631710911985, 5227240.112362622283399 ], [ -127474.717089155121357, 5227179.338499674573541 ], [ -127496.819574052191456, 5227034.472462222911417 ], [ -127469.504776637753821, 5226983.612396239303052 ], [ -127442.840752966454602, 5226902.882179977372289 ], [ -127450.905516116006766, 5226843.290190888568759 ], [ -127490.201852963451529, 5226778.950071044266224 ], [ -127491.561620543463505, 5226716.494936253875494 ], [ -127494.340043714240892, 5226588.87073880340904 ], [ -127563.27675345823809, 5226530.615301608107984 ], [ -127595.984646243159659, 5226457.982448217459023 ], [ -127638.834412556243478, 5226416.813530892133713 ], [ -127685.771385293352068, 5226374.375853904522955 ], [ -127712.151766901923111, 5226343.712620735168457 ], [ -127791.144411527406191, 5226258.511418304406106 ], [ -127814.96633727918379, 5226221.000803906470537 ], [ -127870.139950459473766, 5226110.829383572563529 ], [ -127921.102903900668025, 5226069.838293594308197 ], [ -127961.889029493337148, 5226061.222822462208569 ], [ -128082.838546796134324, 5225975.581195001490414 ], [ -128164.530132475847495, 5225890.439115076325834 ], [ -128166.356440041679889, 5225806.268188510090113 ], [ -128151.008710526642972, 5225765.185664256103337 ], [ -128136.603745778993471, 5225680.661125087179244 ], [ -128106.498391369386809, 5225571.346313280984759 ], [ -128128.554789997186163, 5225490.336930546909571 ], [ -128195.30451702522987, 5225407.588436536490917 ], [ -128360.436406265420374, 5225343.287044235505164 ], [ -128479.608930536604021, 5225276.622091926634312 ], [ -128432.565313727420289, 5225074.5900485990569 ], [ -128409.485443701240001, 5224953.213520974852145 ], [ -128397.901314850430936, 5224925.798466758802533 ], [ -128273.767280874497374, 5224847.033938749693334 ], [ -128275.562752941288636, 5224764.229697527363896 ], [ -128251.043187940886128, 5224709.370754547417164 ], [ -128260.62968852953054, 5224641.676516868174076 ], [ -128274.744443364645122, 5224552.352805065922439 ], [ -128314.349023882008623, 5224473.092842002399266 ], [ -128366.682988171756733, 5224430.778195674531162 ], [ -128394.614606884671957, 5224328.177640308625996 ], [ -128444.97765958988748, 5224251.869896653108299 ], [ -128444.772052490370697, 5224198.902947965078056 ], [ -128503.777505182879395, 5224098.340633118525147 ], [ -128498.279658171435585, 5224039.827302998863161 ], [ -128510.332998676109128, 5223920.588560757227242 ], [ -128472.143622845091159, 5223809.760715549811721 ], [ -128462.677347306438605, 5223747.088756126351655 ], [ -128470.497318895810167, 5223698.373690169304609 ], [ -128510.653821448577219, 5223343.477633504197001 ], [ -128531.613389133592136, 5223250.241357215680182 ], [ -128541.578264671377838, 5223164.913177061825991 ], [ -128696.553697530165664, 5223005.35027520172298 ], [ -128792.559745211430709, 5222944.981774774380028 ], [ -128798.465132878482109, 5222859.567693486809731 ], [ -128828.800584675656864, 5222833.072249930351973 ], [ -129050.806047040052363, 5222513.392991945147514 ], [ -129156.333250768831931, 5222512.972496815025806 ], [ -129326.23150664633431, 5222475.932060135528445 ], [ -129560.490795918303775, 5222339.812260808423162 ], [ -129699.335589283218724, 5222236.920799368992448 ], [ -129783.937957008078229, 5222077.186759723350406 ], [ -129987.726541301686666, 5222099.251887262798846 ], [ -130083.503827429332887, 5222174.64190115686506 ], [ -130207.770554238260956, 5222120.306502658873796 ], [ -130390.292885649643722, 5222061.798324779607356 ], [ -130432.160034817527048, 5222071.256530853919685 ], [ -130761.804765609689639, 5221604.545687121339142 ], [ -131147.27700027092942, 5221454.417251529172063 ], [ -131876.705533419270068, 5221215.542302278801799 ], [ -132105.704754112288356, 5221546.14155394770205 ], [ -132133.005302631965606, 5221534.507745392620564 ], [ -132149.460661080491263, 5221523.999325001612306 ], [ -132169.943224747345084, 5221514.934679836966097 ], [ -132188.842936574859777, 5221516.697135986760259 ], [ -132199.745790142100304, 5221512.857752848416567 ], [ -132220.228353809128748, 5221503.792967608198524 ], [ -132236.481667381856823, 5221502.783525239676237 ], [ -132244.420862145692809, 5221511.099216999486089 ], [ -132254.000460925948573, 5221505.873812187463045 ], [ -132277.071648031793302, 5221502.294934672303498 ], [ -132290.736226846085628, 5221495.799290511757135 ], [ -132304.544964401138714, 5221482.518721119500697 ], [ -132318.468917629128555, 5221463.810026694089174 ], [ -132339.178907015710138, 5221507.697170902974904 ], [ -132344.61296795879025, 5221570.264442011713982 ], [ -132347.256471906643128, 5221636.845228800550103 ], [ -132360.431022322591161, 5221653.418965277262032 ], [ -132359.56618119875202, 5221694.129955055192113 ], [ -132357.724066264927387, 5221717.170638429932296 ], [ -132306.313385831890628, 5221781.237824407406151 ], [ -132262.210384691425133, 5221819.66598214302212 ], [ -132254.956027434993302, 5221906.401877995580435 ], [ -132231.162599472823786, 5221943.907591121271253 ], [ -132223.911693120375276, 5221966.83294821344316 ], [ -132167.147881014185259, 5222028.071128813549876 ], [ -132156.673050889046863, 5222075.366306461393833 ], [ -132124.823876656068023, 5222109.984377149492502 ], [ -132094.326454999856651, 5222144.631370338611305 ], [ -132092.911918230354786, 5222211.129360384307802 ], [ -132048.055284137197305, 5222284.843150539323688 ], [ -132004.266649238852551, 5222308.343752043321729 ], [ -131930.273919542465592, 5222289.106347540393472 ], [ -131925.784070520254318, 5222309.376196809113026 ], [ -131921.35199631380965, 5222326.931694990023971 ], [ -131901.230887033481849, 5222445.982086610980332 ], [ -131863.993292848725105, 5222542.942282541655004 ], [ -131828.569761085964274, 5222618.217779902741313 ], [ -131829.112443603546126, 5222656.247382029891014 ], [ -131836.098186928837094, 5222709.351185617037117 ], [ -131822.106774089450482, 5222794.592329755425453 ], [ -131810.276963122276356, 5222841.861939892172813 ], [ -131801.80978001357289, 5222921.791546006686985 ], [ -131782.379853451595409, 5223008.275650752708316 ], [ -131737.835136571666226, 5223067.064552743919194 ], [ -131722.034559368010378, 5223110.176445448771119 ], [ -131692.190360483713448, 5223177.428338758647442 ], [ -131630.701369951711968, 5223205.980785540305078 ], [ -131617.228371980861994, 5223266.795455010607839 ], [ -131608.390940245910315, 5223300.552551144734025 ], [ -131581.684169890184421, 5223347.504579338245094 ], [ -131579.608061386912595, 5223381.407167603261769 ], [ -131554.397981584916124, 5223421.602226739749312 ], [ -131551.887504428596003, 5223475.86428205575794 ], [ -131543.185771152755478, 5223566.657336362637579 ], [ -131535.352552543976344, 5223616.731970778666437 ], [ -131488.156650671473471, 5223672.75046447198838 ], [ -131467.263206763833296, 5223700.817964573390782 ], [ -131469.098753847531043, 5223741.595521216280758 ], [ -131492.369314161536749, 5223792.339833627454937 ], [ -131513.737424377730349, 5223868.844571273773909 ], [ -131557.265237709361827, 5223921.38278004899621 ], [ -131594.726472751062829, 5223941.199379696510732 ], [ -131632.700779325939948, 5224000.408310054801404 ], [ -131668.773303720110562, 5224085.37820321880281 ], [ -131689.275236978486646, 5224202.606498935259879 ], [ -131697.353024508047383, 5224267.964610494673252 ], [ -131701.518265895283548, 5224326.449042056687176 ], [ -131710.203969164402224, 5224363.30219788197428 ], [ -131737.824004622496432, 5224400.562353681772947 ], [ -131733.332597127446206, 5224420.83642790094018 ], [ -131673.208940150158014, 5224511.892203870229423 ], [ -131680.765863782580709, 5224601.686338637024164 ], [ -131668.643393874081085, 5224662.539090615697205 ], [ -131715.598956966248807, 5224700.487187179736793 ], [ -131687.869939726544544, 5224769.833011123351753 ], [ -131675.389800294185989, 5224790.343586117960513 ], [ -131654.175867572776042, 5224833.346914479508996 ], [ -131631.754007056675619, 5224869.533972414210439 ], [ -131609.679352032399038, 5224889.431129866279662 ], [ -131591.951834443054395, 5224895.840732577256858 ], [ -131537.50357906462159, 5224910.967756048776209 ], [ -131484.349746725260047, 5224928.8384471219033 ], [ -131409.526239669154165, 5224947.601050216704607 ] ] ], [ [ [ -125723.151321750614443, 5228235.706783324480057 ], [ -125721.529953367149574, 5228247.898124354891479 ], [ -125719.998085854604142, 5228256.0156363947317 ], [ -125714.079228528935346, 5228278.980593649670482 ], [ -125712.487693769129692, 5228289.814087891951203 ], [ -125712.219302476805751, 5228302.035369297489524 ], [ -125713.423111450189026, 5228308.855065417475998 ], [ -125715.979897514771437, 5228315.704486211761832 ], [ -125719.889660670451121, 5228322.58393347542733 ], [ -125721.063747339867405, 5228330.761552724055946 ], [ -125722.207889066150528, 5228340.296937860548496 ], [ -125723.292474864982069, 5228352.548306149430573 ], [ -125716.169697246499709, 5228368.693904630839825 ], [ -125711.842374680956709, 5228380.825524711981416 ], [ -125700.421996800941997, 5228407.744757464155555 ], [ -125687.767976324117626, 5228429.202504162676632 ], [ -125682.147232594958041, 5228438.588331867940724 ], [ -125673.701200189432711, 5228453.346129316836596 ], [ -125674.636506551076309, 5228472.387285479344428 ], [ -125674.576950623450102, 5228475.103294236585498 ], [ -125675.900094091193751, 5228476.491094597615302 ], [ -125679.720356376172276, 5228487.444601640105247 ], [ -125672.98241023744049, 5228504.549930186010897 ], [ -125673.771442788172862, 5228511.768055613152683 ], [ -125678.55695637781173, 5228540.404960874468088 ], [ -125692.873199491325067, 5228566.535469630733132 ], [ -125701.717755673715146, 5228595.262457095086575 ], [ -125704.125484940217575, 5228608.901975746266544 ], [ -125703.857093647893635, 5228621.123669820837677 ], [ -125695.321449052411481, 5228639.955760810524225 ], [ -125693.610468478800613, 5228656.221487988717854 ], [ -125693.162964125804137, 5228676.591139184311032 ], [ -125688.477526758375461, 5228705.018988380208611 ], [ -125678.350013444374781, 5228734.685099951922894 ], [ -125667.108192027619225, 5228753.457371515221894 ], [ -125651.031431167357368, 5228807.447850205004215 ], [ -125645.201518115107319, 5228826.340056986548007 ], [ -125642.197116377981729, 5228839.860118332318962 ], [ -125637.809792606843985, 5228854.708310295827687 ], [ -125624.040573471211246, 5228865.272859025746584 ], [ -125599.417258705288987, 5228876.955823766067624 ], [ -125581.618719280755613, 5228886.072490054182708 ], [ -125567.670387084173854, 5228904.785015658475459 ], [ -125560.517107925421442, 5228922.289400131441653 ], [ -125542.628956310960348, 5228935.48009517043829 ], [ -125529.943877695899573, 5228958.296736977063119 ], [ -125504.722999903387972, 5228997.140011762268841 ], [ -125498.892752892512362, 5229016.032446920871735 ], [ -125490.087603809864959, 5229047.087268205359578 ], [ -125485.670001137244981, 5229063.293799365870655 ], [ -125468.686543024334242, 5229096.884970596991479 ], [ -125454.468817660148488, 5229127.82011223770678 ], [ -125453.841643649051548, 5229156.339089646935463 ], [ -125452.369109424864291, 5229161.741326072253287 ], [ -125450.926408824016107, 5229165.785537088289857 ], [ -125437.943327932342072, 5229189.818792781792581 ], [ -125436.648793573927833, 5229199.436970374546945 ], [ -125430.997436984849628, 5229210.181446947157383 ], [ -125410.163437685478129, 5229234.176794712431729 ], [ -125387.916348769853357, 5229260.858111787587404 ], [ -125350.366726052496233, 5229306.222649352625012 ], [ -125343.212667657076963, 5229323.727475732564926 ], [ -125337.531254805609933, 5229335.830146376974881 ], [ -125324.725728501580306, 5229364.079830059781671 ], [ -125311.979758125235094, 5229389.613325799815357 ], [ -125302.149356532318052, 5229405.700193796306849 ], [ -125290.905865323191392, 5229424.473345829173923 ], [ -125285.224341152134002, 5229436.576145516708493 ], [ -125286.158979596846621, 5229455.619283045642078 ], [ -125289.919351995777106, 5229469.290219647809863 ], [ -125293.739614280697424, 5229480.245028452947736 ], [ -125301.559474550609593, 5229494.005925475619733 ], [ -125317.587811432429589, 5229503.872611422091722 ], [ -125322.940609147233772, 5229506.708715960383415 ], [ -125329.586716706166044, 5229512.29115351382643 ], [ -125335.993709998874692, 5229528.738383495248854 ], [ -125341.19700563736842, 5229538.36505367141217 ], [ -125343.753903021235601, 5229545.215516614727676 ], [ -125348.748029336857144, 5229564.348949437960982 ], [ -125345.444066850148374, 5229591.45110366679728 ], [ -125343.433414207320311, 5229621.299397714436054 ], [ -125340.218952591138077, 5229644.327422892674804 ], [ -125330.208992659681826, 5229668.563475881703198 ], [ -125312.139724233624293, 5229689.903529833070934 ], [ -125295.483211465092609, 5229708.55714291986078 ], [ -125276.090576932474505, 5229728.509000967256725 ], [ -125259.463897787689348, 5229745.804578411392868 ], [ -125222.509834345895797, 5229764.00806150957942 ], [ -125158.593188358820044, 5229770.878755746409297 ], [ -125175.126136492370279, 5229825.461692191660404 ], [ -125171.791672465114971, 5229853.922571724280715 ], [ -125150.955446775784367, 5229877.918950797989964 ], [ -125139.830844783034991, 5229891.260207074694335 ], [ -125125.820284991263179, 5229912.690240123309195 ], [ -125105.193228625110351, 5229927.179497060365975 ], [ -125077.800284928176552, 5229941.518492101691663 ], [ -125066.795128748868592, 5229949.427121611312032 ], [ -125052.933959713671356, 5229964.06641758326441 ], [ -125049.958278405305464, 5229976.229811085388064 ], [ -125033.63004681521852, 5229979.943774506449699 ], [ -125021.451249244593782, 5229979.673382710665464 ], [ -125007.889418320221012, 5229980.73110958840698 ], [ -124994.3574210194638, 5229980.430691001936793 ], [ -124969.850212482182542, 5229986.680485990829766 ], [ -124954.815290736136376, 5229993.140774560160935 ], [ -124941.133568720237236, 5229999.630943487398326 ], [ -124919.392538209998747, 5230003.224506959319115 ], [ -124917.979448593701818, 5230005.910778028890491 ], [ -124913.590343710777233, 5230020.760500689037144 ], [ -124909.141348941688193, 5230038.326403031125665 ], [ -124903.36909938568715, 5230054.504305675625801 ], [ -124899.099774274873198, 5230063.921322305686772 ], [ -124893.447304490677197, 5230074.666329297237098 ], [ -124887.79483470665582, 5230085.411499404348433 ], [ -124881.962695264577633, 5230104.30565798189491 ], [ -124880.19004369310278, 5230123.29023779835552 ], [ -124877.124082277630805, 5230139.528189586475492 ], [ -124872.615086303179851, 5230159.810805791057646 ], [ -124864.04637981869746, 5230180.003232434391975 ], [ -124858.154127851565136, 5230201.613934352062643 ], [ -124852.471601805023965, 5230213.717427759431303 ], [ -124841.226218164607417, 5230232.491581751964986 ], [ -124834.1304911824991, 5230247.281303519383073 ], [ -124825.771399299424957, 5230257.966463746502995 ], [ -124799.820154327549972, 5230268.260521688498557 ], [ -124775.252054029013379, 5230277.226581207476556 ], [ -124768.425942853631568, 5230279.792517508380115 ], [ -124745.33093337668106, 5230283.355707133188844 ], [ -124727.798781493736897, 5230280.24821459222585 ], [ -124711.500049568654504, 5230282.60350492503494 ], [ -124693.728004183140001, 5230290.361526709981263 ], [ -124684.165437284944346, 5230294.225450661033392 ], [ -124655.50745889445534, 5230304.459039830602705 ], [ -124633.675591679799254, 5230312.126543409191072 ], [ -124611.903725670388667, 5230317.077815951779485 ], [ -124607.874071423168061, 5230315.629236876033247 ], [ -124586.192151562470826, 5230316.505627188831568 ], [ -124575.216272409175872, 5230323.055772179737687 ], [ -124551.730976797465701, 5230344.275231117382646 ], [ -124547.281202791928081, 5230361.84158406406641 ], [ -124538.861664425348863, 5230375.24312705360353 ], [ -124530.397598262294196, 5230402.911803951486945 ], [ -124505.333235673810123, 5230422.057838228531182 ], [ -124495.53032999507559, 5230436.787347625009716 ], [ -124494.117017739990843, 5230439.473741967231035 ], [ -124489.727022300969111, 5230454.323693407699466 ], [ -124486.420276827047928, 5230481.428098868578672 ], [ -124486.090103217225987, 5230496.368503272533417 ], [ -124495.352886726774159, 5230506.086999211460352 ], [ -124497.759280159210903, 5230519.729578269645572 ], [ -124490.572716472568572, 5230538.594275099225342 ], [ -124486.242722239141585, 5230550.728077903389931 ], [ -124480.619529481395148, 5230560.11525874119252 ], [ -124476.109420311826398, 5230580.398476091213524 ], [ -124467.689547986665275, 5230593.800178215838969 ], [ -124459.239619399042567, 5230608.560135034844279 ], [ -124453.676427846527076, 5230615.230748558416963 ], [ -124446.609755251760362, 5230628.662528920918703 ], [ -124421.68008924703463, 5230653.926918718963861 ], [ -124399.667216540008667, 5230669.743868100456893 ], [ -124385.803932434573653, 5230684.383223942480981 ], [ -124372.180875790218124, 5230688.156618391163647 ], [ -124363.94100708172482, 5230693.408680155873299 ], [ -124358.197366634893115, 5230708.229001662693918 ], [ -124353.897206024950719, 5230719.004619680345058 ], [ -124349.506987947010202, 5230733.855010502971709 ], [ -124340.996612875926076, 5230751.331698372028768 ], [ -124332.486349124184926, 5230768.808267668820918 ], [ -124332.3661240740621, 5230774.241304526105523 ], [ -124333.238868881977396, 5230796.003814372234046 ], [ -124336.517784483439755, 5230831.409403500147164 ], [ -124330.353467680513859, 5230865.245740013197064 ], [ -124320.459725297507248, 5230884.050614797510207 ], [ -124310.505759069623309, 5230905.572234501130879 ], [ -124303.408584933946258, 5230920.36255728174001 ], [ -124287.770868145351415, 5230953.988097921013832 ], [ -124280.733806534917676, 5230966.062072644941509 ], [ -124275.14011344203027, 5230974.091226840391755 ], [ -124271.020067768229637, 5230976.717261388897896 ], [ -124257.336453320996952, 5230983.207200608216226 ], [ -124253.066126334568253, 5230992.624841172248125 ], [ -124235.984484430868179, 5231030.295195498503745 ], [ -124221.729689676329144, 5231062.593007395043969 ], [ -124063.483578858635155, 5231268.756867519579828 ], [ -123859.669947679692996, 5231551.098748792894185 ], [ -123841.937754671744187, 5231636.323237321339548 ], [ -123833.701336867452483, 5231787.947586531750858 ], [ -123810.016668047886924, 5231860.673337185755372 ], [ -123788.841140550561249, 5231899.614117718301713 ], [ -123778.523382227009279, 5231937.438404967077076 ], [ -123761.227227664450766, 5231984.62080336548388 ], [ -123753.977768465454574, 5232006.204544270411134 ], [ -123753.616202759469161, 5232022.505950299091637 ], [ -123749.314706315737567, 5232033.282765763811767 ], [ -123732.590845255239401, 5232054.654875103384256 ], [ -123722.814990212835255, 5232068.027729948051274 ], [ -123717.250462826588773, 5232074.69892137311399 ], [ -123708.948700481254491, 5232082.668196425773203 ], [ -123704.616925135778729, 5232094.803529925644398 ], [ -123682.237699984718347, 5232126.922365362755954 ], [ -123670.987752245171578, 5232145.698812736198306 ], [ -123667.738113669984159, 5232170.090546824038029 ], [ -123667.587387079416658, 5232176.8828508798033 ], [ -123667.88583463433315, 5232224.459451787173748 ], [ -123666.411741937146871, 5232229.863141076639295 ], [ -123664.877425395636237, 5232237.983622314408422 ], [ -123661.929240001452854, 5232248.791019456461072 ], [ -123657.506961910199607, 5232265.001836501993239 ], [ -123650.437840286263963, 5232278.435359152965248 ], [ -123647.519822474074317, 5232287.884174291044474 ], [ -123646.106064941064687, 5232290.570944171398878 ], [ -123631.666368512233021, 5232331.022755299694836 ], [ -123613.67858595342841, 5232348.289743438363075 ], [ -123603.9324532149476, 5232360.304224381223321 ], [ -123589.914657656394411, 5232381.737444333732128 ], [ -123581.431555860472145, 5232397.857782482169569 ], [ -123562.930813088227296, 5232438.219194703735411 ], [ -123552.94333969373838, 5232461.101801204495132 ], [ -123545.873995430825744, 5232474.535451829433441 ], [ -123538.77448358599213, 5232489.327627702616155 ], [ -123532.937891364126699, 5232508.225689375773072 ], [ -123521.59666164216469, 5232531.078128742054105 ], [ -123503.276479083840968, 5232563.288854553364217 ], [ -123493.258504148892825, 5232587.53028432186693 ], [ -123488.956451107835164, 5232598.307593543082476 ], [ -123485.796647361537907, 5232618.624921095557511 ], [ -123473.343001967907185, 5232630.579071806743741 ], [ -123455.324161271259072, 5232649.20468391943723 ], [ -123449.789244869563845, 5232654.517604814842343 ], [ -123442.930851041746791, 5232658.441811818629503 ], [ -123437.45615848460875, 5232661.037675648927689 ], [ -123419.799440091417637, 5232663.360958531498909 ], [ -123406.082652435841737, 5232671.209230589680374 ], [ -123397.870724919484928, 5232675.102956401184201 ], [ -123384.153825944493292, 5232682.951238214969635 ], [ -123372.902653690543957, 5232701.72833816241473 ], [ -123377.652767682200647, 5232731.737393362447619 ], [ -123373.169375190453138, 5232750.666126574389637 ], [ -123374.281345583964139, 5232761.564669982530177 ], [ -123371.242100846400717, 5232776.448157021775842 ], [ -123368.233023690758273, 5232789.972967009060085 ], [ -123361.19340173182718, 5232802.048383145593107 ], [ -123356.770233084695064, 5232818.26014978159219 ], [ -123350.963363166971249, 5232835.800162505358458 ], [ -123343.923629888740834, 5232847.875637233257294 ], [ -123331.31858998782991, 5232866.622727253474295 ], [ -123325.69272556193755, 5232876.011304205283523 ], [ -123317.208733210238279, 5232892.132184107787907 ], [ -123305.957115678247646, 5232910.909699929878116 ], [ -123301.684896260572714, 5232920.328658888116479 ], [ -123293.200903908655164, 5232936.449614438228309 ], [ -123295.088214555726154, 5232955.113563700579107 ], [ -122943.414803688850952, 5233275.902890596538782 ], [ -122952.378471726682619, 5233280.861452641896904 ], [ -122969.310388915328076, 5233311.14585401955992 ], [ -122978.332277046691161, 5233331.73761791549623 ], [ -122992.799024111664039, 5233351.092455794103444 ], [ -123010.782353890754166, 5233394.993626256473362 ], [ -123009.186811629333533, 5233405.832234120927751 ], [ -123004.762752426118823, 5233422.044886260293424 ], [ -122996.5197667718312, 5233427.29726080596447 ], [ -122982.892257347906707, 5233431.069487005472183 ], [ -122954.495323163442663, 5233429.073260517790914 ], [ -122923.058142366091488, 5233441.961117471568286 ], [ -122898.359130346172606, 5233456.359486723318696 ], [ -122853.445500674075447, 5233466.22608573641628 ], [ -122820.745288933889242, 5233475.007406775839627 ], [ -122793.520326348516392, 5233481.192796947434545 ], [ -122760.91083999357943, 5233485.898031308315694 ], [ -122743.07066707960621, 5233496.372061675414443 ], [ -122734.373163944314001, 5233522.003975450061262 ], [ -122728.382839505822631, 5233547.69663879647851 ], [ -122724.049171729217051, 5233559.833401968702674 ], [ -122704.521951932212687, 5233585.222163220867515 ], [ -122690.712323821469909, 5233597.146140658296645 ], [ -122678.135225112506305, 5233614.534993225708604 ], [ -122672.568916614385671, 5233621.20667330827564 ], [ -122657.375253274542047, 5233634.458875821903348 ], [ -122648.737973983734264, 5233657.373664525337517 ], [ -122644.52531049370009, 5233664.075715244747698 ], [ -122642.929211634895182, 5233674.914782880805433 ], [ -122645.303322414925788, 5233689.920920241624117 ], [ -122649.152305128474836, 5233699.522850040346384 ], [ -122659.860794864915079, 5233705.200900750234723 ], [ -122670.660232625232311, 5233706.80275892931968 ], [ -122684.348856449563755, 5233700.313514173030853 ], [ -122697.976811151456786, 5233696.541633270680904 ], [ -122710.160172821430024, 5233696.815150436013937 ], [ -122719.575575352631859, 5233699.745346968062222 ], [ -122724.838983516354347, 5233706.660415135324001 ], [ -122737.083014308765996, 5233704.216570202261209 ], [ -122742.497816979914205, 5233704.338234117254615 ], [ -122749.175539274016046, 5233708.566282533109188 ], [ -122758.621220706787426, 5233710.137649814598262 ], [ -122766.50130482116947, 5233721.189456122927368 ], [ -122778.442435279052006, 5233732.332448102533817 ], [ -122787.555048795402399, 5233748.849369131959975 ], [ -122792.667173771027592, 5233762.557766826823354 ], [ -122793.687750862707617, 5233777.533702711574733 ], [ -122790.586723807777162, 5233795.135725853033364 ], [ -122787.667258842106094, 5233804.585907545872033 ], [ -122787.334190925597795, 5233819.531418257392943 ], [ -122782.970132927963277, 5233833.027230220846832 ], [ -122775.959231397966505, 5233843.744675111025572 ], [ -122774.211849350860575, 5233861.377464572899044 ], [ -122769.878070254882914, 5233873.514479934237897 ], [ -122761.483022176253144, 5233885.560487635433674 ], [ -122751.855444695480401, 5233892.141184912994504 ], [ -122742.34898282076756, 5233893.287052411586046 ], [ -122730.256123896833742, 5233888.937254997901618 ], [ -122719.577690422986052, 5233881.900538105517626 ], [ -122707.636448645556811, 5233870.757369647733867 ], [ -122695.634537745718262, 5233862.331470489501953 ], [ -122684.865267567511182, 5233859.370882507413626 ], [ -122671.327926931044203, 5233859.066868681460619 ], [ -122666.933478712511715, 5233873.92129151429981 ], [ -122666.44868233014131, 5233895.66045222338289 ], [ -122667.559984806619468, 5233906.560467976145446 ], [ -122661.902616965104244, 5233917.308488460257649 ], [ -122649.537136608356377, 5233925.186936233192682 ], [ -122630.524101539165713, 5233927.478528432548046 ], [ -122618.249457886820892, 5233931.280993757769465 ], [ -122605.914256431511603, 5233937.800738484598696 ], [ -122602.84306300006574, 5233954.044343312270939 ], [ -122602.539940026646946, 5233967.631371562369168 ], [ -122594.053721285017673, 5233983.753511136397719 ], [ -122580.213035036213114, 5233997.036412912420928 ], [ -122563.786174377324642, 5234004.823600884526968 ], [ -122551.60236742948473, 5234004.549772894009948 ], [ -122531.235353393974947, 5234006.810740969143808 ], [ -122508.31255516926467, 5234002.217253852635622 ], [ -122490.895730278876727, 5233993.669267850928009 ], [ -122480.277965927423793, 5233983.91472814232111 ], [ -122468.245887445533299, 5233976.847297193482518 ], [ -122448.182219022375648, 5233965.520911970175803 ], [ -122432.058592656336259, 5233959.720735631883144 ], [ -122414.581209962881985, 5233953.890070596709847 ], [ -122405.105026989607722, 5233953.676926692016423 ], [ -122387.293908462685067, 5233962.792002826929092 ], [ -122374.867425025004195, 5233973.387625701725483 ], [ -122365.148454242298612, 5233984.04424517787993 ], [ -122347.246276371894055, 5233997.235368262045085 ], [ -122338.850671695618075, 5234009.281080923974514 ], [ -122335.809311887729564, 5234024.166081571020186 ], [ -122340.829820922561339, 5234041.9512177715078 ], [ -122341.971068342085346, 5234051.492671316489577 ], [ -122338.899429632583633, 5234067.736471705138683 ], [ -122330.564382759679575, 5234077.064804619178176 ], [ -122314.19785726457485, 5234082.13413458596915 ], [ -122303.27663598129584, 5234085.966551056131721 ], [ -122286.970779609066085, 5234088.318412885069847 ], [ -122276.140728988641058, 5234088.074773256666958 ], [ -122261.036789158402826, 5234097.250662650913 ], [ -122241.932249467907241, 5234103.617605389095843 ], [ -122224.211856325913686, 5234108.65645685326308 ], [ -122205.228654880585964, 5234109.588448428548872 ], [ -122188.922798508094274, 5234111.940165188163519 ], [ -122175.536963698657928, 5234104.84169281553477 ], [ -122162.060069545826991, 5234101.819439515471458 ], [ -122159.625846240611281, 5234089.529818195849657 ], [ -122155.868368148396257, 5234075.851136600598693 ], [ -122149.464046523513389, 5234059.394025008194149 ], [ -122146.999544316859101, 5234048.463340288959444 ], [ -122132.624635831816704, 5234025.029834091663361 ], [ -122119.42125366772234, 5234009.779073759913445 ], [ -122104.681885169789894, 5234002.650034813210368 ], [ -122091.20510233634559, 5233999.627663265913725 ], [ -122081.668138921115315, 5234002.131663758307695 ], [ -122072.313405512366444, 5233996.483323101885617 ], [ -122061.513745112984907, 5233994.880661020055413 ], [ -122050.623025370339747, 5233997.354016903787851 ], [ -122039.641023645031964, 5234003.903544901870191 ], [ -122027.244596469812677, 5234013.140035503543913 ], [ -122023.1225470451609, 5234015.766009409911931 ], [ -121558.441819265775848, 5234032.743531020358205 ], [ -120803.673964386631269, 5233692.952853318303823 ], [ -120873.427759193058591, 5233090.592406217008829 ], [ -120910.140927256841678, 5232915.400624096393585 ], [ -120921.204192210308975, 5232844.970910979434848 ], [ -120985.850426140008494, 5232740.415246563032269 ], [ -121077.784629487272468, 5232500.150858076289296 ], [ -121069.748475446744123, 5232441.932164116762578 ], [ -120879.515042908111354, 5232229.674033029936254 ], [ -120841.687455422230414, 5232165.481200463138521 ], [ -120147.288160400290508, 5231834.547449685633183 ], [ -120063.236267557367682, 5231736.821820104494691 ], [ -119965.844180896121543, 5231612.291303097270429 ], [ -119880.699798570596613, 5231545.119864514097571 ], [ -119804.999539205033216, 5231479.522163475863636 ], [ -119756.830593663282343, 5231453.962947628460824 ], [ -119698.203627239490743, 5231411.857133120298386 ], [ -119677.508109386690194, 5231374.964106615632772 ], [ -119072.829763595946133, 5231116.280835705809295 ], [ -118431.662558515396086, 5229123.279841764830053 ], [ -118361.93904261032003, 5229022.362471979111433 ], [ -118199.522458389532403, 5228961.575788885354996 ], [ -118081.355037800778518, 5228919.464484602212906 ], [ -118051.148382654457237, 5228759.808493178337812 ], [ -117915.752935031472589, 5228582.796242724172771 ], [ -117802.919610482960707, 5228485.102431342937052 ], [ -117572.457429041707655, 5228322.20964531134814 ], [ -117395.173236269605695, 5228433.068986112251878 ], [ -117371.253683324554004, 5228419.476036299020052 ], [ -117354.018977120882482, 5228344.356788729317486 ], [ -117360.299177513428731, 5228306.460892143659294 ], [ -117396.591335262986831, 5228258.387167768552899 ], [ -117369.94846229495306, 5228180.335736311972141 ], [ -117379.678676346127759, 5228109.914460297673941 ], [ -117289.141532608613488, 5228043.978848452679813 ], [ -117258.739289116929285, 5228012.032591362483799 ], [ -117251.584228846302722, 5227969.753089595586061 ], [ -117192.89670461944479, 5227931.721416549757123 ], [ -117160.552492611124762, 5227925.542374067939818 ], [ -117177.811132505274145, 5227881.108600294217467 ], [ -117206.326844586335937, 5227817.914993815124035 ], [ -117224.596488095849054, 5227788.448472696356475 ], [ -117232.353786811800092, 5227745.154883954674006 ], [ -117270.741756614399492, 5227664.528887517750263 ], [ -117304.170999699505046, 5227623.185158380307257 ], [ -117222.487762981734704, 5227584.625697996467352 ], [ -117200.204049953768845, 5227552.867594465613365 ], [ -117203.716625166183803, 5227517.628304500132799 ], [ -117198.101002133582369, 5227467.23568138666451 ], [ -117162.227739628069685, 5227437.881880890578032 ], [ -117077.202691796570434, 5227368.000586311332881 ], [ -117075.075153688609134, 5227354.502843888476491 ], [ -117081.212531174329342, 5227311.038222920149565 ], [ -117095.70265533249767, 5227269.26055053062737 ], [ -117108.653676210989943, 5227235.598039156757295 ], [ -117077.381248259771382, 5227123.48702282179147 ], [ -117077.878178466547979, 5227101.763891966082156 ], [ -117094.638774959079456, 5227079.05701965931803 ], [ -117150.175734957272653, 5227017.849770215339959 ], [ -117175.921372829572647, 5226957.314909424632788 ], [ -117207.822199306072434, 5226864.320982119999826 ], [ -117239.908595373883145, 5226763.182017900981009 ], [ -117288.927576547284843, 5226690.959008232690394 ], [ -117391.156940361193847, 5226576.222097376361489 ], [ -117677.737614820594899, 5226193.247235077433288 ], [ -117714.671863392853993, 5226181.871203367598355 ], [ -117838.987682097373181, 5226190.158884851261973 ], [ -117980.114747662344598, 5226232.787739433348179 ], [ -118000.403949373794603, 5226233.253196088597178 ], [ -118034.652058633291745, 5226215.022727040573955 ], [ -118081.444204712781357, 5226180.78041784837842 ], [ -118131.126650051402976, 5226138.454658327624202 ], [ -118176.256684813939501, 5226117.756848126649857 ], [ -118254.330943640015903, 5226195.609350082464516 ], [ -118262.56413317915576, 5226250.129559757187963 ], [ -118251.891599638474872, 5226302.858529933728278 ], [ -118268.580283739778679, 5226342.631469670683146 ], [ -118304.607389781565871, 5226365.189814771525562 ], [ -118416.747639180408441, 5226432.956878731027246 ], [ -118537.111949920130428, 5226472.386468260549009 ], [ -118595.146585333350231, 5226384.0653754202649 ], [ -118640.554250905886875, 5226351.146291783079505 ], [ -118767.091338729587733, 5226261.675205323845148 ], [ -118824.669007633216097, 5226288.798659149557352 ], [ -118902.474875167157734, 5226319.10062753688544 ], [ -119093.718309445728664, 5226360.141516688279808 ], [ -119173.155007519977516, 5226378.253863449208438 ], [ -119397.174016833800124, 5226525.98577880486846 ], [ -119458.260364767658757, 5226577.636165717616677 ], [ -119535.334084010799415, 5226640.51739679928869 ], [ -119555.562950558232842, 5226643.69473599921912 ], [ -119653.078824493059074, 5226640.481799745932221 ], [ -119776.943131342966808, 5226669.109264646656811 ], [ -119872.524272527676658, 5226691.658735422417521 ], [ -120008.380471523210872, 5226728.706189047545195 ], [ -120062.30463473884447, 5226738.081730463542044 ], [ -120159.45415622976725, 5226751.155495565384626 ], [ -120252.270566541075823, 5226776.355068556964397 ], [ -120360.769555396109354, 5226826.360427384264767 ], [ -120387.732137941711699, 5226831.047415754757822 ], [ -120490.186367127389531, 5226728.776931309141219 ], [ -120571.767635191514273, 5226651.841791540384293 ], [ -120727.235545477451524, 5226659.439512022770941 ], [ -120945.224155336152762, 5226775.760016064159572 ], [ -121034.849815083158319, 5226822.613764616660774 ], [ -121074.730356618325459, 5226854.758275874890387 ], [ -121175.301282658547279, 5226896.425210352987051 ], [ -121241.871896625889349, 5226945.473220556974411 ], [ -121370.865582972299308, 5227047.550257487222552 ], [ -121466.728585107950494, 5227057.864953447133303 ], [ -121537.011036176219932, 5227062.168013638816774 ], [ -121565.297318786775577, 5227068.23999737855047 ], [ -121657.968902440785314, 5227100.215344712138176 ], [ -121752.206528691254789, 5227122.716518450528383 ], [ -121846.383931097429013, 5227147.93216638546437 ], [ -121945.014781052072067, 5227155.587756906636059 ], [ -122040.970734962495044, 5227161.823616471141577 ], [ -122138.09754727697873, 5227176.235497107729316 ], [ -122232.215950352896471, 5227204.162858570925891 ], [ -122365.565791013184935, 5227232.971384803764522 ], [ -122427.884779668616829, 5227230.296762668527663 ], [ -122556.248286377711338, 5227239.972378890030086 ], [ -122709.234551255387487, 5227237.973085599951446 ], [ -122756.73335346255044, 5227232.246728210709989 ], [ -122858.253055522858631, 5227231.807016751728952 ], [ -122957.036969777342165, 5227232.663360491394997 ], [ -123058.617118321111775, 5227229.506036442704499 ], [ -123158.93490383932658, 5227222.24393870215863 ], [ -123260.243432825387572, 5227231.304252356290817 ], [ -123294.063296003863798, 5227232.06118958350271 ], [ -123377.363559645047644, 5227259.735145798884332 ], [ -123447.076054920384195, 5227289.821652149781585 ], [ -123502.028698911555693, 5227314.143984966911376 ], [ -123631.115114393978729, 5227352.34875803347677 ], [ -123741.743088510396774, 5227429.535028997808695 ], [ -123815.215733545745024, 5227473.28786254208535 ], [ -123858.085092089240788, 5227493.263361272402108 ], [ -123923.351486902392935, 5227540.907949475571513 ], [ -124028.452448300871765, 5227623.403137576766312 ], [ -124155.953006317431573, 5227733.566997683607042 ], [ -124171.646716809991631, 5227758.370033571496606 ], [ -124206.762672819604632, 5227823.002689165994525 ], [ -124230.603968163035461, 5227846.628693362697959 ], [ -124336.581570551541517, 5227889.745190725661814 ], [ -124438.288734634363209, 5227881.14148663636297 ], [ -124511.344933454733109, 5227882.767248646356165 ], [ -124538.432861746739945, 5227882.011466142721474 ], [ -124721.163583245070186, 5227881.999699469655752 ], [ -124822.84046842623502, 5227874.749621283262968 ], [ -124924.636910740679014, 5227862.06697603687644 ], [ -125020.213710465453914, 5227885.925394352525473 ], [ -125115.634440264082514, 5227855.438433087430894 ], [ -125211.204004222032381, 5227818.161187157966197 ], [ -125258.973535430632182, 5227800.201309110969305 ], [ -125635.148366221008473, 5228051.711800435557961 ], [ -125725.881098304016632, 5228117.571584383957088 ], [ -125722.890834142279346, 5228124.298218456096947 ], [ -125721.239743454789277, 5228137.847296346910298 ], [ -125721.060741713532479, 5228145.994734800420702 ], [ -125714.784103544705431, 5228185.254362273961306 ], [ -125713.103067914125859, 5228200.161417094990611 ], [ -125714.336821830598637, 5228205.623149178922176 ], [ -125719.4801162637159, 5228217.964104666374624 ], [ -125721.97734640071576, 5228227.529246331192553 ], [ -125723.151321750614443, 5228235.706783324480057 ] ] ] ] } }
]
}
